stratum,tier,n_feats,n,MdAPE,PE20,MAPE
Condominium,1_structural,5,687,24.25593133065556,40.61135371179039,39.788569604071164
Condominium,2_+admin,13,687,24.85552192612847,41.630276564774384,39.402927001094525
Condominium,3_+geospatial,33,687,20.388566355087367,48.7627365356623,35.16467601832498
Houses,1_structural,8,674,24.80419765184976,39.16913946587537,38.4275260525371
Houses,2_+admin,16,674,21.226502726801787,47.18100890207715,32.58891289630932
Houses,3_+geospatial,36,674,21.98922310083015,45.40059347181009,32.4388971433354
Vacant Lot,1_structural,1,255,41.837632464572586,25.49019607843137,72.85820123012434
Vacant Lot,2_+admin,9,255,25.093418079480067,43.92156862745098,38.2781518290854
Vacant Lot,3_+geospatial,29,255,26.178220730279815,41.568627450980394,37.672980756176955
