mean_fit_time,std_fit_time,mean_score_time,std_score_time,param_max_depth,param_max_features,param_min_samples_leaf,param_min_samples_split,param_n_estimators,params,split0_test_score,split1_test_score,split2_test_score,split3_test_score,split4_test_score,split5_test_score,split6_test_score,split7_test_score,split8_test_score,split9_test_score,split10_test_score,split11_test_score,split12_test_score,split13_test_score,split14_test_score,mean_test_score,std_test_score,rank_test_score
1.0441129366556803,0.09702488202313937,0.028375562032063803,0.014291328887679498,,0.8,1,2,200,"{'max_depth': None, 'max_features': 0.8, 'min_samples_leaf': 1, 'min_samples_split': 2, 'n_estimators': 200}",-0.36000630706317316,-0.3620788524450342,-0.5511115333751164,-0.3565224529603051,-0.39373764257746496,-0.3523245416153865,-0.3190945210482875,-0.4932427539527083,-0.49618264422124525,-0.3421449108093777,-0.33606326100461775,-0.3673660286889324,-0.40691331418567767,-0.4104232140538756,-0.46912245997021934,-0.40108896253142823,0.0673212868371442,14
1.521436055501302,0.17789872902162443,0.03465700149536133,0.012688994376332948,,0.8,1,2,300,"{'max_depth': None, 'max_features': 0.8, 'min_samples_leaf': 1, 'min_samples_split': 2, 'n_estimators': 300}",-0.357900870760034,-0.3626287190717564,-0.550378494210299,-0.3545762880499207,-0.3940366329040937,-0.35311879271776203,-0.3184636776461125,-0.49477893220515046,-0.4956895590296698,-0.3418803629669439,-0.3398237675490418,-0.3694414779737471,-0.4057433123810837,-0.40957046520200685,-0.46907218386834476,-0.40114023576906455,0.06716944332240754,17
2.165805466969808,0.25139896412981033,0.040447537104288736,0.015988069252597017,,0.8,1,2,400,"{'max_depth': None, 'max_features': 0.8, 'min_samples_leaf': 1, 'min_samples_split': 2, 'n_estimators': 400}",-0.35644142355735414,-0.3627720291475298,-0.5507137622383187,-0.353949374815254,-0.39478090594542553,-0.35256046140747677,-0.31994629992691453,-0.49602944065250354,-0.495756360221696,-0.34210128112987104,-0.33693815259970894,-0.3712293007536506,-0.40383622681079084,-0.40928092758726087,-0.4696576456849662,-0.40106623949858144,0.06747278241050231,12
0.98504163424174,0.19271161136161621,0.021591711044311523,0.00932507981071871,,0.8,1,4,200,"{'max_depth': None, 'max_features': 0.8, 'min_samples_leaf': 1, 'min_samples_split': 4, 'n_estimators': 200}",-0.3594126465451886,-0.3612661749734753,-0.550220600162996,-0.35568297943503,-0.3950013945141633,-0.3522760880830893,-0.32335150031083476,-0.49200621492263286,-0.49280549674776186,-0.33927642529866336,-0.3364633192113949,-0.3705103259516613,-0.40263581145233157,-0.41121293647233026,-0.47177371988909317,-0.4009263755980431,0.0667326000144031,10
1.3973057428995768,0.15075297054813547,0.025406551361083985,0.009568367281997758,,0.8,1,4,300,"{'max_depth': None, 'max_features': 0.8, 'min_samples_leaf': 1, 'min_samples_split': 4, 'n_estimators': 300}",-0.3572486977215673,-0.36190098891717026,-0.5501931045148828,-0.3547287889763421,-0.3949253082576906,-0.3511649995165347,-0.3214843135065689,-0.49375471892758266,-0.49313444588413413,-0.3408219875401839,-0.33780443693571277,-0.37132560550358085,-0.4015766150561247,-0.4103843156886924,-0.47115642248779804,-0.40077364996230447,0.06697416372836058,7
1.834603770573934,0.15548074380106433,0.03852235476175944,0.007157938419139052,,0.8,1,4,400,"{'max_depth': None, 'max_features': 0.8, 'min_samples_leaf': 1, 'min_samples_split': 4, 'n_estimators': 400}",-0.354611284768987,-0.36249734965083946,-0.5515367037308502,-0.3538358673736731,-0.39455641934695446,-0.35015172721236515,-0.32096987837104496,-0.494860633833452,-0.49374862740655134,-0.34156209707057184,-0.3357632377260589,-0.3744883347767469,-0.4004164588781447,-0.40913588596987055,-0.47072585667147926,-0.4005906908525061,0.06751859895116105,2
0.8585275491078694,0.08429437674911805,0.018101867039998373,0.006137151049236322,,0.8,2,2,200,"{'max_depth': None, 'max_features': 0.8, 'min_samples_leaf': 2, 'min_samples_split': 2, 'n_estimators': 200}",-0.37707628045809777,-0.3614153955824282,-0.5552953946627753,-0.3553480045527053,-0.3948707217152673,-0.35561961408649306,-0.3190615415200001,-0.4866314548971549,-0.5192645949551753,-0.33707692170110465,-0.34967254584525054,-0.37260503369354214,-0.40764508417047207,-0.41433805957743136,-0.47125196296367955,-0.40514484069210516,0.06859894217955574,37
1.2141857147216797,0.07049025680866586,0.023998196919759116,0.006680637623584741,,0.8,2,2,300,"{'max_depth': None, 'max_features': 0.8, 'min_samples_leaf': 2, 'min_samples_split': 2, 'n_estimators': 300}",-0.37678353151386235,-0.3618099765473676,-0.5528033937047443,-0.3550128384653038,-0.39468443659602864,-0.3554843114029402,-0.3205136513266452,-0.48883223995783776,-0.5193130737265857,-0.33818944844863746,-0.35107490600729047,-0.3740041555655673,-0.40690228800560546,-0.41478063424111705,-0.4718910759955795,-0.4054719974336742,0.06816658475158904,59
1.7356748739878336,0.11245333974070747,0.041218837102254234,0.0071291058132973715,,0.8,2,2,400,"{'max_depth': None, 'max_features': 0.8, 'min_samples_leaf': 2, 'min_samples_split': 2, 'n_estimators': 400}",-0.37581443639314066,-0.3617272720624471,-0.5514150937776245,-0.3553993333359883,-0.3937739680948368,-0.35483677809979064,-0.3207832681186111,-0.4900302090139589,-0.5184850009695804,-0.33788936037152284,-0.3533932015872358,-0.37515629654802485,-0.4065807773648208,-0.4130953023726246,-0.47213029357755953,-0.40536737277918444,0.06787045270203064,53
0.8005788167317708,0.04036080920424937,0.016539255777994793,0.006826588462902768,,0.8,2,4,200,"{'max_depth': None, 'max_features': 0.8, 'min_samples_leaf': 2, 'min_samples_split': 4, 'n_estimators': 200}",-0.37707628045809777,-0.3614153955824282,-0.5552953946627753,-0.3553480045527053,-0.3948707217152673,-0.35561961408649306,-0.3190615415200001,-0.4866314548971549,-0.5192645949551753,-0.33707692170110465,-0.34967254584525054,-0.37260503369354214,-0.40764508417047207,-0.41433805957743136,-0.47125196296367955,-0.40514484069210516,0.06859894217955574,37
1.2656789302825928,0.11554688911312384,0.028390900293986002,0.010370452228292146,,0.8,2,4,300,"{'max_depth': None, 'max_features': 0.8, 'min_samples_leaf': 2, 'min_samples_split': 4, 'n_estimators': 300}",-0.37678353151386235,-0.3618099765473676,-0.5528033937047443,-0.3550128384653038,-0.39468443659602864,-0.3554843114029402,-0.3205136513266452,-0.48883223995783776,-0.5193130737265857,-0.33818944844863746,-0.35107490600729047,-0.3740041555655673,-0.40690228800560546,-0.41478063424111705,-0.4718910759955795,-0.4054719974336742,0.06816658475158904,59
1.7615076700846355,0.0996571138361808,0.04253265062967936,0.01577222003555849,,0.8,2,4,400,"{'max_depth': None, 'max_features': 0.8, 'min_samples_leaf': 2, 'min_samples_split': 4, 'n_estimators': 400}",-0.37581443639314066,-0.3617272720624471,-0.5514150937776245,-0.3553993333359883,-0.3937739680948368,-0.35483677809979064,-0.3207832681186111,-0.4900302090139589,-0.5184850009695804,-0.33788936037152284,-0.3533932015872358,-0.37515629654802485,-0.4065807773648208,-0.4130953023726246,-0.47213029357755953,-0.40536737277918444,0.06787045270203064,53
1.488351329167684,0.25659875390283,0.04483175277709961,0.02965046222602377,,0.9,1,2,200,"{'max_depth': None, 'max_features': 0.9, 'min_samples_leaf': 1, 'min_samples_split': 2, 'n_estimators': 200}",-0.35456097412233484,-0.36357147046799404,-0.5501756620191813,-0.3590735143953923,-0.3921624276423061,-0.35767797597220247,-0.322153180380623,-0.4913912675399686,-0.49649288934694,-0.34699721496929853,-0.33760319988989673,-0.3666699581031586,-0.4016997388528486,-0.4109088205325995,-0.4744425617487174,-0.4017053903988975,0.06664778480568004,27
1.8731835206349692,0.11167139237763563,0.040245771408081055,0.014586455516464408,,0.9,1,2,300,"{'max_depth': None, 'max_features': 0.9, 'min_samples_leaf': 1, 'min_samples_split': 2, 'n_estimators': 300}",-0.35488045879332764,-0.36147209364019206,-0.5485690270502864,-0.35826734841169733,-0.39358293166189595,-0.35700613158162225,-0.3203424766648527,-0.4931405588681489,-0.4929172210949877,-0.3461064551982784,-0.33801518438254025,-0.36963433650607835,-0.4018247718605008,-0.41240922682830916,-0.472435647810854,-0.4013735913569047,0.06629375752635687,23
2.4457542260487872,0.266763621782886,0.04113057454427083,0.012466209757973686,,0.9,1,2,400,"{'max_depth': None, 'max_features': 0.9, 'min_samples_leaf': 1, 'min_samples_split': 2, 'n_estimators': 400}",-0.3551599634242977,-0.36082079696943664,-0.5491606420511724,-0.3558508478412806,-0.39509765640065864,-0.35459889132929856,-0.31987539341180526,-0.4958568360509002,-0.49400455835722934,-0.3450917089663036,-0.34130962876730836,-0.37113723549812294,-0.40088487970383013,-0.4106994812878239,-0.4710174486594912,-0.401371064581264,0.06668203244483091,22
1.0329484939575195,0.04999209426518807,0.019024054209391277,0.006090364814561093,,0.9,1,4,200,"{'max_depth': None, 'max_features': 0.9, 'min_samples_leaf': 1, 'min_samples_split': 4, 'n_estimators': 200}",-0.35339382767499633,-0.3614755249617327,-0.5503930548939289,-0.35436873161165494,-0.3906639606535552,-0.3558582099026674,-0.3225185290528697,-0.49281986619349816,-0.49578843835594893,-0.3448721471319637,-0.34213921045486206,-0.366884172095181,-0.4040077855869461,-0.4081776943744196,-0.4731593068082968,-0.40110136398350144,0.0668765925805758,15
1.6295901934305828,0.11743804018684037,0.03027941385904948,0.008251636263352112,,0.9,1,4,300,"{'max_depth': None, 'max_features': 0.9, 'min_samples_leaf': 1, 'min_samples_split': 4, 'n_estimators': 300}",-0.3534157634270008,-0.3609965135594744,-0.5488071960694131,-0.353196283109177,-0.39156831158428407,-0.35526182819022156,-0.3202457648514791,-0.4970899137291095,-0.4929139016670922,-0.3423702014073474,-0.3422352826419078,-0.3694254012895908,-0.4038681268223173,-0.4075085269975851,-0.4704221041424687,-0.40062167463256454,0.06690086732767005,3
2.15592041015625,0.13854326154856267,0.034659258524576825,0.005173467058706696,,0.9,1,4,400,"{'max_depth': None, 'max_features': 0.9, 'min_samples_leaf': 1, 'min_samples_split': 4, 'n_estimators': 400}",-0.3520146507084373,-0.36124497314875836,-0.5498764772460383,-0.3535290472940281,-0.39157349032090666,-0.35485138625094564,-0.3202034701595541,-0.49889537508079174,-0.4946641474445966,-0.3423162148555618,-0.3458095756989135,-0.37028361005253924,-0.40015430135023033,-0.4076509684169231,-0.4701695248759375,-0.40088248086027745,0.06721272997683683,9
1.0855599562327067,0.23300454955126412,0.02354737917582194,0.007460702002672082,,0.9,2,2,200,"{'max_depth': None, 'max_features': 0.9, 'min_samples_leaf': 2, 'min_samples_split': 2, 'n_estimators': 200}",-0.3723211908063908,-0.3607413616292938,-0.549939857377194,-0.35576693919428215,-0.39425052902854774,-0.35463003948444183,-0.32008776899895686,-0.49075908286260944,-0.52245359286492,-0.34240882010015233,-0.35357616975191586,-0.37166844379779096,-0.40501587214330714,-0.4152510617334705,-0.4715570229988776,-0.4053618501848101,0.06815518689929796,51
2.063660462697347,0.22593279017653822,0.036176808675130206,0.009620507273210066,,0.9,2,2,300,"{'max_depth': None, 'max_features': 0.9, 'min_samples_leaf': 2, 'min_samples_split': 2, 'n_estimators': 300}",-0.37026755820273854,-0.36042522315169206,-0.5501766800266197,-0.3559191771657087,-0.39410520101827823,-0.3545943557427122,-0.31998754621561865,-0.4923951915404808,-0.5211511772869396,-0.3404900577733759,-0.35443363942036915,-0.37579809270926473,-0.4054868917084519,-0.41388442361613487,-0.47086487104842056,-0.40533200577512035,0.06815714487796759,45
2.6520792802174884,0.24643196557537742,0.05905105272928874,0.01822773888724422,,0.9,2,2,400,"{'max_depth': None, 'max_features': 0.9, 'min_samples_leaf': 2, 'min_samples_split': 2, 'n_estimators': 400}",-0.3690013930178957,-0.36084718002387517,-0.5499751843086296,-0.35594289185596567,-0.3941843504555847,-0.35379113656495986,-0.31945866254596483,-0.4932289461639775,-0.5194504646943376,-0.34041737650082676,-0.35815102567006285,-0.37616954643004047,-0.40498171804528477,-0.413150233811435,-0.4706262628966505,-0.40529175819903274,0.06791100560065023,43
1.378717041015625,0.18263353260990162,0.024713961283365886,0.011345690184006984,,0.9,2,4,200,"{'max_depth': None, 'max_features': 0.9, 'min_samples_leaf': 2, 'min_samples_split': 4, 'n_estimators': 200}",-0.3723211908063908,-0.3607413616292938,-0.549939857377194,-0.35576693919428215,-0.39425052902854774,-0.35463003948444183,-0.32008776899895686,-0.49075908286260944,-0.52245359286492,-0.34240882010015233,-0.35357616975191586,-0.37166844379779096,-0.40501587214330714,-0.4152510617334705,-0.4715570229988776,-0.4053618501848101,0.06815518689929796,51
2.123754294713338,0.3678258150765397,0.05073533058166504,0.04145286586679239,,0.9,2,4,300,"{'max_depth': None, 'max_features': 0.9, 'min_samples_leaf': 2, 'min_samples_split': 4, 'n_estimators': 300}",-0.37026755820273854,-0.36042522315169206,-0.5501766800266197,-0.3559191771657087,-0.39410520101827823,-0.3545943557427122,-0.31998754621561865,-0.4923951915404808,-0.5211511772869396,-0.3404900577733759,-0.35443363942036915,-0.37579809270926473,-0.4054868917084519,-0.41388442361613487,-0.47086487104842056,-0.40533200577512035,0.06815714487796759,45
1.9920516649881999,0.11723700342322656,0.0386163870493571,0.008765025759287873,,0.9,2,4,400,"{'max_depth': None, 'max_features': 0.9, 'min_samples_leaf': 2, 'min_samples_split': 4, 'n_estimators': 400}",-0.3690013930178957,-0.36084718002387517,-0.5499751843086296,-0.35594289185596567,-0.3941843504555847,-0.35379113656495986,-0.31945866254596483,-0.4932289461639775,-0.5194504646943376,-0.34041737650082676,-0.35815102567006285,-0.37616954643004047,-0.40498171804528477,-0.413150233811435,-0.4706262628966505,-0.40529175819903274,0.06791100560065023,43
1.3221370379130046,0.09401100517366784,0.01906301180521647,0.004516246681487487,,1.0,1,2,200,"{'max_depth': None, 'max_features': 1.0, 'min_samples_leaf': 1, 'min_samples_split': 2, 'n_estimators': 200}",-0.35335105531251654,-0.3584652745625981,-0.5555598993514165,-0.3584489361693354,-0.3910375105334885,-0.3529435162885691,-0.3234767744704448,-0.4960683177473052,-0.4969359237202013,-0.34266936094911643,-0.3417607349347711,-0.37437662735354893,-0.4025087674896449,-0.40722827066996664,-0.470431450730985,-0.4016841613522606,0.0677812781527038,26
1.9006370385487874,0.08444238713306312,0.0321045716603597,0.006655167967534183,,1.0,1,2,300,"{'max_depth': None, 'max_features': 1.0, 'min_samples_leaf': 1, 'min_samples_split': 2, 'n_estimators': 300}",-0.3547417256606149,-0.3583380177705907,-0.5520924133945221,-0.3569958484711715,-0.3913723150593504,-0.35445933009935465,-0.3206973717584117,-0.49789772054821224,-0.4946552868635394,-0.34299316343127983,-0.34255531052365873,-0.3745748324353717,-0.40422611864594765,-0.40803856449432785,-0.4721863121333423,-0.4017216220859796,0.06742470777447646,28
2.830829922358195,0.18064981863662358,0.04768088658650716,0.01679587042171114,,1.0,1,2,400,"{'max_depth': None, 'max_features': 1.0, 'min_samples_leaf': 1, 'min_samples_split': 2, 'n_estimators': 400}",-0.35290045792464414,-0.36025200819820813,-0.5523101911786388,-0.355437376766114,-0.3931202355819312,-0.35291993802851856,-0.32057778987960056,-0.4997808855072697,-0.4961613796651545,-0.342608296828433,-0.3441380703953876,-0.37569898109156713,-0.4015695116985439,-0.40741027149634423,-0.4710281051863812,-0.4017275666284491,0.0677347673209673,29
1.332012144724528,0.13433173273263668,0.026482502619425457,0.014493700299126755,,1.0,1,4,200,"{'max_depth': None, 'max_features': 1.0, 'min_samples_leaf': 1, 'min_samples_split': 4, 'n_estimators': 200}",-0.3514239980367993,-0.36132852090381623,-0.5551926174989884,-0.35827583476661007,-0.3904630674703037,-0.35350229697854557,-0.3232928362323758,-0.500717142021141,-0.4976585901199139,-0.34286729825953416,-0.3393558764609502,-0.375265146717631,-0.3994755084428909,-0.4050407653559749,-0.473603565999352,-0.40183087101765513,0.06853001455069961,32
1.8084994633992513,0.07126843358126923,0.027308543523152668,0.0076234398366200225,,1.0,1,4,300,"{'max_depth': None, 'max_features': 1.0, 'min_samples_leaf': 1, 'min_samples_split': 4, 'n_estimators': 300}",-0.3522072687551591,-0.3592808713155311,-0.552447554541308,-0.356675124559184,-0.39033451352770426,-0.3548428242174332,-0.32135504592717223,-0.5007632112407473,-0.49534536601985374,-0.3424813102026366,-0.3416449203447017,-0.3773730887112482,-0.4014694762010965,-0.4069695378699373,-0.473883421777554,-0.40180490234741784,0.06797421064421438,31
2.696721871693929,0.25204205002205,0.056148687998453774,0.030462792256686546,,1.0,1,4,400,"{'max_depth': None, 'max_features': 1.0, 'min_samples_leaf': 1, 'min_samples_split': 4, 'n_estimators': 400}",-0.35139501384461963,-0.360864718034614,-0.5531678203702061,-0.35452789294362014,-0.392109937519294,-0.35247081346485903,-0.32133803397868976,-0.5017597019703279,-0.4969915413287303,-0.3427662569006024,-0.3429588226674499,-0.37779792898974424,-0.3997951999170079,-0.40714195080630783,-0.47263322780904116,-0.4018479240363409,0.06830872483934586,33
1.7425175507863362,0.21465203879406308,0.0338872750600179,0.01530832544813843,,1.0,2,2,200,"{'max_depth': None, 'max_features': 1.0, 'min_samples_leaf': 2, 'min_samples_split': 2, 'n_estimators': 200}",-0.3697482346630084,-0.3620956476314846,-0.550146264100698,-0.3537665695083743,-0.39536969239455805,-0.35604486141419306,-0.3203789767035486,-0.4922380659444767,-0.5264919369051747,-0.3393309611756246,-0.3527420045607459,-0.3737869099771938,-0.40846324936587347,-0.4104679165191451,-0.4736817570039696,-0.4056502031912046,0.06907335323388346,63
2.246713940302531,0.09646022247591811,0.05702182451883952,0.027192630602551872,,1.0,2,2,300,"{'max_depth': None, 'max_features': 1.0, 'min_samples_leaf': 2, 'min_samples_split': 2, 'n_estimators': 300}",-0.36889511280881443,-0.3619330229405572,-0.5493729407280955,-0.35518043392941184,-0.3948588089298244,-0.35554276774205035,-0.31965177316606,-0.4951954581265225,-0.5235760779005413,-0.33840872904189895,-0.352747089608189,-0.37755580961916796,-0.40796767312868065,-0.41127097232695947,-0.4735371000581446,-0.4057129180036612,0.06888073797921826,65
2.709390576680501,0.12342667358939652,0.050226084391276044,0.01745595864505479,,1.0,2,2,400,"{'max_depth': None, 'max_features': 1.0, 'min_samples_leaf': 2, 'min_samples_split': 2, 'n_estimators': 400}",-0.36730634736022194,-0.36273987875211594,-0.5502219751413909,-0.3554695492327405,-0.39504168638188475,-0.3546329270625391,-0.3200885593263298,-0.49615944081609686,-0.5233879592688249,-0.33854434155099505,-0.3558159528798281,-0.37728294407162616,-0.40590334311078785,-0.41145233602728515,-0.472969162078975,-0.4058010935374428,0.06888513235235653,69
1.9085578123728435,0.3010358834307483,0.023473803202311197,0.004598010000644905,,1.0,2,4,200,"{'max_depth': None, 'max_features': 1.0, 'min_samples_leaf': 2, 'min_samples_split': 4, 'n_estimators': 200}",-0.3697482346630084,-0.3620956476314846,-0.550146264100698,-0.3537665695083743,-0.39536969239455805,-0.35604486141419306,-0.3203789767035486,-0.4922380659444767,-0.5264919369051747,-0.3393309611756246,-0.3527420045607459,-0.3737869099771938,-0.40846324936587347,-0.4104679165191451,-0.4736817570039696,-0.4056502031912046,0.06907335323388346,63
2.150367101033529,0.1205328065930881,0.03207804361979167,0.005795914456458041,,1.0,2,4,300,"{'max_depth': None, 'max_features': 1.0, 'min_samples_leaf': 2, 'min_samples_split': 4, 'n_estimators': 300}",-0.36889511280881443,-0.3619330229405572,-0.5493729407280955,-0.35518043392941184,-0.3948588089298244,-0.35554276774205035,-0.31965177316606,-0.4951954581265225,-0.5235760779005413,-0.33840872904189895,-0.352747089608189,-0.37755580961916796,-0.40796767312868065,-0.41127097232695947,-0.4735371000581446,-0.4057129180036612,0.06888073797921826,65
2.650630251566569,0.33507415403866614,0.044593461354573566,0.010150009731947181,,1.0,2,4,400,"{'max_depth': None, 'max_features': 1.0, 'min_samples_leaf': 2, 'min_samples_split': 4, 'n_estimators': 400}",-0.36730634736022194,-0.36273987875211594,-0.5502219751413909,-0.3554695492327405,-0.39504168638188475,-0.3546329270625391,-0.3200885593263298,-0.49615944081609686,-0.5233879592688249,-0.33854434155099505,-0.3558159528798281,-0.37728294407162616,-0.40590334311078785,-0.41145233602728515,-0.472969162078975,-0.4058010935374428,0.06888513235235653,69
1.204161024093628,0.1465812873688542,0.030417982737223306,0.013725277992280004,20,0.8,1,2,200,"{'max_depth': 20, 'max_features': 0.8, 'min_samples_leaf': 1, 'min_samples_split': 2, 'n_estimators': 200}",-0.3570718435728876,-0.3628599536179336,-0.5512918620642114,-0.35524222079397394,-0.39348962621863937,-0.3537649698466277,-0.3211376693077836,-0.49518371536910927,-0.49747218595519516,-0.34224617988136125,-0.3372586962512906,-0.3666905776195092,-0.4079259704498243,-0.409995358906978,-0.467732887446387,-0.40129091448678084,0.06741995786314307,20
1.735043748219808,0.1043701643206344,0.04876386324564616,0.03645493546665768,20,0.8,1,2,300,"{'max_depth': 20, 'max_features': 0.8, 'min_samples_leaf': 1, 'min_samples_split': 2, 'n_estimators': 300}",-0.3562400327652222,-0.36383809916001153,-0.5503602108284499,-0.35403251085418286,-0.39414331792635526,-0.3549107850730952,-0.32016508085771866,-0.4950969745922666,-0.4965202540974525,-0.3421394584321329,-0.33953971417833106,-0.36960261311126685,-0.40625892625286825,-0.4095923314983532,-0.467359401456816,-0.40131998073896824,0.06698955018200958,21
2.408513005574544,0.20215280382675074,0.047812922795613604,0.012164025339221183,20,0.8,1,2,400,"{'max_depth': 20, 'max_features': 0.8, 'min_samples_leaf': 1, 'min_samples_split': 2, 'n_estimators': 400}",-0.35581209273514613,-0.36285902758058103,-0.5508004649109123,-0.353707514837402,-0.3942332677467036,-0.35394209596905335,-0.3206794991481534,-0.49607700860625203,-0.4962091743151406,-0.342352972464592,-0.33740608916356263,-0.37088890327077456,-0.40412860688916585,-0.4093981809274142,-0.46841169002308153,-0.4011271059058623,0.06733212714670887,16
1.0727616469065349,0.061939740516169496,0.023809226353963216,0.007700954871629013,20,0.8,1,4,200,"{'max_depth': 20, 'max_features': 0.8, 'min_samples_leaf': 1, 'min_samples_split': 4, 'n_estimators': 200}",-0.36060147951370536,-0.36109317659285756,-0.5507860826554192,-0.3555341874078265,-0.3941498477337903,-0.3525518637204882,-0.321852661993227,-0.4917781138232485,-0.49166614959652927,-0.3392222070384296,-0.3365453673068612,-0.37138167888961593,-0.40165918113416776,-0.41084989077865597,-0.4713805303777395,-0.40073682790417087,0.066705844461439,6
1.5013168811798097,0.09062419531064063,0.02887304623921712,0.0054774416081733125,20,0.8,1,4,300,"{'max_depth': 20, 'max_features': 0.8, 'min_samples_leaf': 1, 'min_samples_split': 4, 'n_estimators': 300}",-0.3571150214645302,-0.3624171292699468,-0.5505927173129925,-0.3554658285694649,-0.39410178589596706,-0.3522599843401185,-0.3210987332734626,-0.4941292956275765,-0.491913655564629,-0.339907076483787,-0.3375443900793161,-0.3707642770027028,-0.4010589314900562,-0.4104505049211922,-0.47133057028293784,-0.40067666010524533,0.06699199532201768,5
2.418580198287964,0.18038063065148557,0.04256119728088379,0.00994405299695121,20,0.8,1,4,400,"{'max_depth': 20, 'max_features': 0.8, 'min_samples_leaf': 1, 'min_samples_split': 4, 'n_estimators': 400}",-0.3555451374760876,-0.3630256421347285,-0.5518043647689538,-0.35433695533095644,-0.39383134437542444,-0.35087697744473445,-0.3206965981359383,-0.4952713584317587,-0.49285449628008515,-0.3407070535536236,-0.3364778204292796,-0.3741886963479815,-0.3998934652019064,-0.4094384019856889,-0.47096292335811496,-0.40066074901701754,0.0674521982841102,4
1.4378952662150064,0.1882679485445708,0.03368897438049316,0.0103469152862053,20,0.8,2,2,200,"{'max_depth': 20, 'max_features': 0.8, 'min_samples_leaf': 2, 'min_samples_split': 2, 'n_estimators': 200}",-0.3767834513234008,-0.36154860005394307,-0.5559009176064297,-0.3555082686979222,-0.3944979858798282,-0.35498709418123964,-0.31959395251625566,-0.48656753733182784,-0.5193638752279733,-0.3376427486958769,-0.3497885918475475,-0.37262607006701437,-0.4077263667018851,-0.4141139037308392,-0.47099758996216656,-0.4051764635882767,0.06861580605893623,39
2.0136733849843345,0.1267554754190115,0.040075000127156576,0.011141787551552686,20,0.8,2,2,300,"{'max_depth': 20, 'max_features': 0.8, 'min_samples_leaf': 2, 'min_samples_split': 2, 'n_estimators': 300}",-0.376510464318563,-0.3622116381257865,-0.5532987379114682,-0.3549342787585031,-0.39442360505390883,-0.3549165060839104,-0.3204182151199925,-0.48892168155612475,-0.5193422375026742,-0.33859369458046823,-0.3510932327737648,-0.3738728321144781,-0.40688014454121546,-0.4147273839726302,-0.4716546113474879,-0.4054532842507318,0.0682424257547954,57
2.296591107050578,0.11130328060919775,0.06356727282206218,0.035450631005640124,20,0.8,2,2,400,"{'max_depth': 20, 'max_features': 0.8, 'min_samples_leaf': 2, 'min_samples_split': 2, 'n_estimators': 400}",-0.3755969923131508,-0.36195122904167876,-0.5517928502600148,-0.35534076084996047,-0.39366178402967333,-0.3546787933179764,-0.32077516098551206,-0.4900357320938484,-0.5184151834163448,-0.3381538505111028,-0.3531693337134517,-0.37487628998361705,-0.40657572800653746,-0.41303905594433704,-0.47197290026437994,-0.4053357096487724,0.06791840608838014,47
1.1949191093444824,0.06692217848124524,0.029097493489583334,0.01208499321686737,20,0.8,2,4,200,"{'max_depth': 20, 'max_features': 0.8, 'min_samples_leaf': 2, 'min_samples_split': 4, 'n_estimators': 200}",-0.3767834513234008,-0.36154860005394307,-0.5559009176064297,-0.3555082686979222,-0.3944979858798282,-0.35498709418123964,-0.31959395251625566,-0.48656753733182784,-0.5193638752279733,-0.3376427486958769,-0.3497885918475475,-0.37262607006701437,-0.4077263667018851,-0.4141139037308392,-0.47099758996216656,-0.4051764635882767,0.06861580605893623,39
2.133578316370646,0.19780332056578062,0.045719607671101885,0.01864110114008305,20,0.8,2,4,300,"{'max_depth': 20, 'max_features': 0.8, 'min_samples_leaf': 2, 'min_samples_split': 4, 'n_estimators': 300}",-0.376510464318563,-0.3622116381257865,-0.5532987379114682,-0.3549342787585031,-0.39442360505390883,-0.3549165060839104,-0.3204182151199925,-0.48892168155612475,-0.5193422375026742,-0.33859369458046823,-0.3510932327737648,-0.3738728321144781,-0.40688014454121546,-0.4147273839726302,-0.4716546113474879,-0.4054532842507318,0.0682424257547954,57
2.4358744939168293,0.12556328426142746,0.04834810892740885,0.011047501597622935,20,0.8,2,4,400,"{'max_depth': 20, 'max_features': 0.8, 'min_samples_leaf': 2, 'min_samples_split': 4, 'n_estimators': 400}",-0.3755969923131508,-0.36195122904167876,-0.5517928502600148,-0.35534076084996047,-0.39366178402967333,-0.3546787933179764,-0.32077516098551206,-0.4900357320938484,-0.5184151834163448,-0.3381538505111028,-0.3531693337134517,-0.37487628998361705,-0.40657572800653746,-0.41303905594433704,-0.47197290026437994,-0.4053357096487724,0.06791840608838014,47
1.3036038398742675,0.1473167551232669,0.021827189127604167,0.005344323715192246,20,0.9,1,2,200,"{'max_depth': 20, 'max_features': 0.9, 'min_samples_leaf': 1, 'min_samples_split': 2, 'n_estimators': 200}",-0.3550002556753391,-0.36312260758106296,-0.5492175378047744,-0.35601101255236806,-0.39004064011598844,-0.3574999012575764,-0.32197302788207827,-0.4918132326829399,-0.496906396807185,-0.3465035541718678,-0.33849586037720963,-0.3678546028846666,-0.4002087430509679,-0.4102385637663326,-0.47445692005475765,-0.4012895237776743,0.06668418894012151,19
1.971757459640503,0.17907436896304493,0.037128114700317384,0.010389900100870987,20,0.9,1,2,300,"{'max_depth': 20, 'max_features': 0.9, 'min_samples_leaf': 1, 'min_samples_split': 2, 'n_estimators': 300}",-0.355922414055304,-0.3614770457790707,-0.5478503194309234,-0.3565752231489424,-0.39192106078567984,-0.3573929572253548,-0.3196124182781878,-0.49333839511808947,-0.4941182152141439,-0.3458864495016727,-0.33854796898402484,-0.36837424974468336,-0.4007839283839258,-0.41133193938039675,-0.47289404567360466,-0.4010684420469336,0.06644076518541643,13
2.4547611236572267,0.1210232253270897,0.04248798688252767,0.009033350299560863,20,0.9,1,2,400,"{'max_depth': 20, 'max_features': 0.9, 'min_samples_leaf': 1, 'min_samples_split': 2, 'n_estimators': 400}",-0.354649377868885,-0.36082566985221187,-0.5488923439309582,-0.35481381386705846,-0.39364453200339106,-0.35494643782776925,-0.31964278938008367,-0.49543856127711716,-0.49499076401578973,-0.34483461329575327,-0.34114766395382135,-0.370257843468117,-0.4004262156608015,-0.40935724482414837,-0.4708370567555276,-0.4009803285320956,0.06680514720460243,11
1.1836001873016357,0.11153159192174772,0.019955269495646157,0.006638782976559795,20,0.9,1,4,200,"{'max_depth': 20, 'max_features': 0.9, 'min_samples_leaf': 1, 'min_samples_split': 4, 'n_estimators': 200}",-0.3532081703263378,-0.36251656002436367,-0.5515002586744309,-0.35446764894675037,-0.3919885244539181,-0.355423601038268,-0.32307761039780386,-0.49276291578118586,-0.49457236086066464,-0.3443709360945711,-0.3433438292942634,-0.367274097436953,-0.4034312066829311,-0.4067985668960338,-0.4730616556428351,-0.40118652950342065,0.06677702729655152,18
1.7596716403961181,0.19232971005668234,0.03567315737406413,0.011656941440504357,20,0.9,1,4,300,"{'max_depth': 20, 'max_features': 0.9, 'min_samples_leaf': 1, 'min_samples_split': 4, 'n_estimators': 300}",-0.3531123985783255,-0.36149804018372594,-0.5491956407054648,-0.3534830766578876,-0.3924962085164932,-0.3547480981499421,-0.32017144122190383,-0.4968883148870454,-0.4920063785354097,-0.3419038823811127,-0.343288270121135,-0.36986122193841464,-0.4033680132817495,-0.4065710020036891,-0.47020376035889133,-0.4005863831680793,0.06678863575935352,1
2.2654626846313475,0.1749078172800202,0.03663724263509115,0.008776857322615678,20,0.9,1,4,400,"{'max_depth': 20, 'max_features': 0.9, 'min_samples_leaf': 1, 'min_samples_split': 4, 'n_estimators': 400}",-0.3520382278114468,-0.36153511054865045,-0.5501673946288733,-0.35378957409674505,-0.392162204148403,-0.35428726860361465,-0.320201364650934,-0.49902746464424974,-0.4937339364314575,-0.3419312079328555,-0.3463388513939799,-0.36991701488533896,-0.3998675701904697,-0.4071745234656043,-0.4700718970149827,-0.40081624069650706,0.06717389555161925,8
1.1438688119252522,0.0908470633089156,0.025808191299438475,0.00820643738268583,20,0.9,2,2,200,"{'max_depth': 20, 'max_features': 0.9, 'min_samples_leaf': 2, 'min_samples_split': 2, 'n_estimators': 200}",-0.37211881067336317,-0.36090915968614445,-0.5497554914950424,-0.3559741498493257,-0.39398252389318883,-0.35477690103487963,-0.32081742316338213,-0.4902797959534427,-0.522471588071454,-0.3422432440724569,-0.3541523383520966,-0.37170448065755407,-0.40469053184563936,-0.4154608649581269,-0.47133751212969544,-0.40537832105571947,0.06798336080914393,55
1.608245817820231,0.11788349738178888,0.030343961715698243,0.0070188086933191274,20,0.9,2,2,300,"{'max_depth': 20, 'max_features': 0.9, 'min_samples_leaf': 2, 'min_samples_split': 2, 'n_estimators': 300}",-0.3704934240710036,-0.3605260624478251,-0.5501451439627195,-0.3561293689488976,-0.39383879328878496,-0.35473562530706,-0.320430568894871,-0.49182506594967923,-0.5211237295541037,-0.3404468704704761,-0.3548445671357154,-0.37568517547773195,-0.4051391751406939,-0.4140166568265067,-0.4707407330993942,-0.40534139737169744,0.06801662326635585,49
2.0607027848561605,0.12859268919719793,0.041861073176066084,0.012263306255574983,20,0.9,2,2,400,"{'max_depth': 20, 'max_features': 0.9, 'min_samples_leaf': 2, 'min_samples_split': 2, 'n_estimators': 400}",-0.3688323908265397,-0.3610513694699328,-0.5500042151487486,-0.356108967175776,-0.39417519491910524,-0.3539355398376072,-0.31977652764310033,-0.4928686196598459,-0.5192778902751023,-0.3406542551252673,-0.35792117256563444,-0.37607944997520937,-0.4047518422293023,-0.4132590334154255,-0.47059750579924303,-0.4052862649377227,0.06781716877122365,41
1.0149295488993326,0.10046989220005885,0.02336710294087728,0.007545430734904636,20,0.9,2,4,200,"{'max_depth': 20, 'max_features': 0.9, 'min_samples_leaf': 2, 'min_samples_split': 4, 'n_estimators': 200}",-0.37211881067336317,-0.36090915968614445,-0.5497554914950424,-0.3559741498493257,-0.39398252389318883,-0.35477690103487963,-0.32081742316338213,-0.4902797959534427,-0.522471588071454,-0.3422432440724569,-0.3541523383520966,-0.37170448065755407,-0.40469053184563936,-0.4154608649581269,-0.47133751212969544,-0.40537832105571947,0.06798336080914393,55
1.6967293898264566,0.0617021547237457,0.03579119046529134,0.00812078544071544,20,0.9,2,4,300,"{'max_depth': 20, 'max_features': 0.9, 'min_samples_leaf': 2, 'min_samples_split': 4, 'n_estimators': 300}",-0.3704934240710036,-0.3605260624478251,-0.5501451439627195,-0.3561293689488976,-0.39383879328878496,-0.35473562530706,-0.320430568894871,-0.49182506594967923,-0.5211237295541037,-0.3404468704704761,-0.3548445671357154,-0.37568517547773195,-0.4051391751406939,-0.4140166568265067,-0.4707407330993942,-0.40534139737169744,0.06801662326635585,49
2.0890498638153074,0.092571552517206,0.044477589925130206,0.03030951932100847,20,0.9,2,4,400,"{'max_depth': 20, 'max_features': 0.9, 'min_samples_leaf': 2, 'min_samples_split': 4, 'n_estimators': 400}",-0.3688323908265397,-0.3610513694699328,-0.5500042151487486,-0.356108967175776,-0.39417519491910524,-0.3539355398376072,-0.31977652764310033,-0.4928686196598459,-0.5192778902751023,-0.3406542551252673,-0.35792117256563444,-0.37607944997520937,-0.4047518422293023,-0.4132590334154255,-0.47059750579924303,-0.4052862649377227,0.06781716877122365,41
1.3794570446014405,0.11342742864890946,0.025677267710367838,0.008006124368829875,20,1.0,1,2,200,"{'max_depth': 20, 'max_features': 1.0, 'min_samples_leaf': 1, 'min_samples_split': 2, 'n_estimators': 200}",-0.3538270370939683,-0.3597458440857831,-0.555318850369374,-0.35774876485354645,-0.3918926311485012,-0.35362481511642957,-0.323504618626946,-0.49668550533429506,-0.49776689969574406,-0.3413573037082483,-0.3420460273086994,-0.37311310657148716,-0.40253797165875055,-0.40721784541719935,-0.4706759546957098,-0.4018042117123121,0.06790246495222807,30
2.4451366901397704,0.46476870572404066,0.03887732823689779,0.016618335429524286,20,1.0,1,2,300,"{'max_depth': 20, 'max_features': 1.0, 'min_samples_leaf': 1, 'min_samples_split': 2, 'n_estimators': 300}",-0.35418862780344323,-0.35892171161291236,-0.5517144616850099,-0.3566550989289321,-0.39224957618096684,-0.3550002156479349,-0.32057434996341416,-0.49748340633309196,-0.4948941835296287,-0.341792780171453,-0.34297562079021165,-0.3734758527314458,-0.4041877211974651,-0.40785361582610774,-0.4723872924772128,-0.4016236343252819,0.06743221499375023,25
3.4347865104675295,0.19298158847482444,0.049144744873046875,0.011557245643498262,20,1.0,1,2,400,"{'max_depth': 20, 'max_features': 1.0, 'min_samples_leaf': 1, 'min_samples_split': 2, 'n_estimators': 400}",-0.35248657959033747,-0.36012949137316996,-0.5517570305859741,-0.3549394293249386,-0.3940409948517928,-0.3525054865961534,-0.32077222922186815,-0.49928224366295765,-0.49624823595226336,-0.34184107132927005,-0.3442107675885345,-0.37422933404484,-0.401653949931513,-0.40728883995620857,-0.47149902243049135,-0.4015256470960209,0.06776866758801704,24
1.6897708257039388,0.1920222684708401,0.03367738723754883,0.013591987037296933,20,1.0,1,4,200,"{'max_depth': 20, 'max_features': 1.0, 'min_samples_leaf': 1, 'min_samples_split': 4, 'n_estimators': 200}",-0.35162211980702407,-0.36181408761471195,-0.5552287635525761,-0.35802361856526627,-0.39064344768366566,-0.35273730122717173,-0.32386768507843616,-0.5000998582351373,-0.4977538780012419,-0.3432300340922258,-0.34071272456404983,-0.3756366467592274,-0.3990482100104776,-0.40537826161258567,-0.4739200990882531,-0.4019811157261367,0.06836974557575536,34
2.635905075073242,0.14983019907482223,0.03890571594238281,0.008421962226126891,20,1.0,1,4,300,"{'max_depth': 20, 'max_features': 1.0, 'min_samples_leaf': 1, 'min_samples_split': 4, 'n_estimators': 300}",-0.3525256982346637,-0.35985990756609454,-0.5523252855923498,-0.3568180422313137,-0.3908802029291911,-0.35491962321089443,-0.3215901568293638,-0.5000054269455784,-0.49516925602760964,-0.3429011583033118,-0.3435593398229694,-0.3775131146031885,-0.4009711718575913,-0.40701033090765654,-0.47400789567404333,-0.40200377404905474,0.06766240388016836,35
3.1977859020233153,0.47099571226092635,0.04733136494954427,0.016713033451288176,20,1.0,1,4,400,"{'max_depth': 20, 'max_features': 1.0, 'min_samples_leaf': 1, 'min_samples_split': 4, 'n_estimators': 400}",-0.3515284487965249,-0.3614420390120415,-0.5531089164935519,-0.35466562232321586,-0.3923155555027968,-0.35299053225587884,-0.3214402950563527,-0.50115418579647,-0.4966202562619816,-0.34303208248171413,-0.34424188549670875,-0.3785582229711256,-0.3995702653285764,-0.4070951706524122,-0.4726003103290443,-0.40202425258389307,0.06802739296915776,36
1.3315324147542318,0.18927242984084325,0.022113307317097982,0.0063460228250892545,20,1.0,2,2,200,"{'max_depth': 20, 'max_features': 1.0, 'min_samples_leaf': 2, 'min_samples_split': 2, 'n_estimators': 200}",-0.37045119902773727,-0.3622698880236861,-0.5500441460920603,-0.3537287953722919,-0.39525869464940744,-0.35579172933712927,-0.32012967918081126,-0.4919883893754523,-0.5265591857945588,-0.33913844785752145,-0.3523979280090498,-0.37419316405381586,-0.40855182090883385,-0.4105801165613704,-0.47361115641343815,-0.4056462893771443,0.06906408541799011,61
1.6504292964935303,0.06629151466275172,0.0288546880086263,0.007245220058021316,20,1.0,2,2,300,"{'max_depth': 20, 'max_features': 1.0, 'min_samples_leaf': 2, 'min_samples_split': 2, 'n_estimators': 300}",-0.36932163457175937,-0.3621380894275671,-0.5493022395188947,-0.3552006159801958,-0.3947667086611722,-0.3553794041182626,-0.3195739861336173,-0.4949429641469087,-0.5237401960138399,-0.3382224129693889,-0.35273034743439513,-0.37786635356421866,-0.4080037146780802,-0.41121396548155326,-0.4735599970588959,-0.4057308419839166,0.06886430961979288,67
2.2831894556681314,0.12297496686768415,0.04545539220174154,0.01227208612006217,20,1.0,2,2,400,"{'max_depth': 20, 'max_features': 1.0, 'min_samples_leaf': 2, 'min_samples_split': 2, 'n_estimators': 400}",-0.36764757225435934,-0.3628281890085297,-0.5502499528096536,-0.3555232085072978,-0.394937752865074,-0.354522933106096,-0.3201229108845031,-0.49618367757116316,-0.523481647975439,-0.3384060933281416,-0.3561335164133964,-0.37755221734525846,-0.40595355595340377,-0.411451199366031,-0.47290301739106827,-0.405859829651961,0.06886854836633848,71
1.1542231400807699,0.07187225808971359,0.024236186345418295,0.01231561542193412,20,1.0,2,4,200,"{'max_depth': 20, 'max_features': 1.0, 'min_samples_leaf': 2, 'min_samples_split': 4, 'n_estimators': 200}",-0.37045119902773727,-0.3622698880236861,-0.5500441460920603,-0.3537287953722919,-0.39525869464940744,-0.35579172933712927,-0.32012967918081126,-0.4919883893754523,-0.5265591857945588,-0.33913844785752145,-0.3523979280090498,-0.37419316405381586,-0.40855182090883385,-0.4105801165613704,-0.47361115641343815,-0.4056462893771443,0.06906408541799011,61
1.7503039995829264,0.09523648881384338,0.029396994908650716,0.009915888526741962,20,1.0,2,4,300,"{'max_depth': 20, 'max_features': 1.0, 'min_samples_leaf': 2, 'min_samples_split': 4, 'n_estimators': 300}",-0.36932163457175937,-0.3621380894275671,-0.5493022395188947,-0.3552006159801958,-0.3947667086611722,-0.3553794041182626,-0.3195739861336173,-0.4949429641469087,-0.5237401960138399,-0.3382224129693889,-0.35273034743439513,-0.37786635356421866,-0.4080037146780802,-0.41121396548155326,-0.4735599970588959,-0.4057308419839166,0.06886430961979288,67
2.111421791712443,0.1178145164187451,0.03654146194458008,0.01267941505427665,20,1.0,2,4,400,"{'max_depth': 20, 'max_features': 1.0, 'min_samples_leaf': 2, 'min_samples_split': 4, 'n_estimators': 400}",-0.36764757225435934,-0.3628281890085297,-0.5502499528096536,-0.3555232085072978,-0.394937752865074,-0.354522933106096,-0.3201229108845031,-0.49618367757116316,-0.523481647975439,-0.3384060933281416,-0.3561335164133964,-0.37755221734525846,-0.40595355595340377,-0.411451199366031,-0.47290301739106827,-0.405859829651961,0.06886854836633848,71
