city,barangay,city_norm,barangay_norm,barangay_slug,bir_zonal_rr_median,bir_zonal_cr_median,bir_zonal_rc_median
ALCANTARA,CABADIANGAN,ALCANTARA,CABADIANGAN,CABADIANGAN,650.0,845.0,
ALCANTARA,CABIL-ISAN,ALCANTARA,CABILISAN,CABILISAN,650.0,845.0,
ALCANTARA,CANDABONG,ALCANTARA,CANDABONG,CANDABONG,650.0,845.0,
ALCANTARA,LAWAAN,ALCANTARA,LAWAAN,LAWAAN,650.0,845.0,
ALCANTARA,MANGA,ALCANTARA,MANGA,MANGA,650.0,845.0,
ALCANTARA,PALANAS,ALCANTARA,PALANAS,PALANAS,351.25,494.0,
ALCANTARA,POBLACION,ALCANTARA,POBLACION,POBLACION,950.0,1500.0,
ALCANTARA,POLO,ALCANTARA,POLO,POLO,351.5,494.0,
ALCANTARA,SALAGMAYA,ALCANTARA,SALAGMAYA,SALAGMAYA,288.0,438.0,
ALCOY,ATABAY,ALCOY,ATABAY,ATABAY,687.5,,
ALCOY,DAAN LUNGSOD,ALCOY,DAANLUNGSOD,DAANLUNGSOD,550.0,,
ALCOY,GUIWANG,ALCOY,GUIWANG,GUIWANG,737.5,,
ALCOY,NUG-AS,ALCOY,NUGAS,NUGAS,267.5,,
ALCOY,PASOL,ALCOY,PASOL,PASOL,750.0,,
ALCOY,POBLACION,ALCOY,POBLACION,POBLACION,1550.0,2050.0,
ALCOY,PUGALO,ALCOY,PUGALO,PUGALO,812.5,,
ALCOY,SAN AGUSTIN,ALCOY,SANAGUSTIN,SANAGUSTIN,267.5,,
ALEGRIA,COMPOSTELA,ALEGRIA,COMPOSTELA,COMPOSTELA,800.0,,
ALEGRIA,GUADALUPE,ALEGRIA,GUADALUPE,GUADALUPE,800.0,,
ALEGRIA,LEGASPI,ALEGRIA,LEGASPI,LEGASPI,950.0,1300.0,
ALEGRIA,LEPANTO,ALEGRIA,LEPANTO,LEPANTO,800.0,,
ALEGRIA,MADRIDEJOS,ALEGRIA,MADRIDEJOS,MADRIDEJOS,1100.0,1500.0,
ALEGRIA,MONTPELLER,ALEGRIA,MONTPELLER,MONTPELLER,800.0,,
ALEGRIA,POBLACION,ALEGRIA,POBLACION,POBLACION,1150.0,1450.0,
ALEGRIA,STA. FILOMENA,ALEGRIA,STAFILOMENA,STAFILOMENA,850.0,1200.0,
ALEGRIA,VALENCIA,ALEGRIA,VALENCIA,VALENCIA,800.0,,
ALOGUINSAN,ANGILAN,ALOGUINSAN,ANGILAN,ANGILAN,590.0,,
ALOGUINSAN,BOJO/BOHO,ALOGUINSAN,BOJOBOHO,BOJOBOHO,600.0,,
ALOGUINSAN,BONBON,ALOGUINSAN,BONBON,BONBON,600.0,,
ALOGUINSAN,ESPERANZA,ALOGUINSAN,ESPERANZA,ESPERANZA,250.0,,
ALOGUINSAN,KANDINGAN,ALOGUINSAN,KANDINGAN,KANDINGAN,250.0,,
ALOGUINSAN,KANTABUGON,ALOGUINSAN,KANTABUGON,KANTABUGON,500.0,,
ALOGUINSAN,KAWASAN,ALOGUINSAN,KAWASAN,KAWASAN,500.0,,
ALOGUINSAN,OLANGO,ALOGUINSAN,OLANGO,OLANGO,500.0,,
ALOGUINSAN,POBLACION,ALOGUINSAN,POBLACION,POBLACION,760.0,1000.0,
ALOGUINSAN,PUNAY,ALOGUINSAN,PUNAY,PUNAY,250.0,,
ALOGUINSAN,ROSARIO/STO. ROSARIO,ALOGUINSAN,ROSARIOSTOROSARIO,ROSARIOSTOROSARIO,350.0,,
ALOGUINSAN,SACSAC,ALOGUINSAN,SACSAC,SACSAC,250.0,,
ALOGUINSAN,TAMPAAN,ALOGUINSAN,TAMPAAN,TAMPAAN,400.0,,
ALOGUINSAN,TOYOKON,ALOGUINSAN,TOYOKON,TOYOKON,250.0,,
ALOGUINSAN,ZARAGOSA,ALOGUINSAN,ZARAGOSA,ZARAGOSA,500.0,,
ARGAO,ALAMBIJOD,ARGAO,ALAMBIJOD,ALAMBIJOD,325.0,,
ARGAO,ANAJAO,ARGAO,ANAJAO,ANAJAO,350.0,,
ARGAO,APO,ARGAO,APO,APO,300.0,,
ARGAO,BALAAS,ARGAO,BALAAS,BALAAS,225.0,,
ARGAO,BALISONG,ARGAO,BALISONG,BALISONG,712.5,800.0,
ARGAO,BINLOD,ARGAO,BINLOD,BINLOD,950.0,1100.0,
ARGAO,BOGO,ARGAO,BOGO,BOGO,1000.0,1375.0,
ARGAO,BUG-OT,ARGAO,BUGOT,BUGOT,550.0,,
ARGAO,BULASA,ARGAO,BULASA,BULASA,1025.0,1500.0,
ARGAO,BUTONG,ARGAO,BUTONG,BUTONG,287.5,,
ARGAO,CALAGASAN,ARGAO,CALAGASAN,CALAGASAN,350.0,,
ARGAO,CANBANTUG,ARGAO,CANBANTUG,CANBANTUG,250.0,,
ARGAO,CANBANUA,ARGAO,CANBANUA,CANBANUA,1200.0,1500.0,
ARGAO,CANSUJE,ARGAO,CANSUJE,CANSUJE,350.0,,
ARGAO,CAPIO-AN,ARGAO,CAPIOAN,CAPIOAN,312.5,,
ARGAO,CASAY,ARGAO,CASAY,CASAY,1100.0,1412.5,
ARGAO,CATANG,ARGAO,CATANG,CATANG,400.0,,
ARGAO,COLAWIN,ARGAO,COLAWIN,COLAWIN,475.0,,
ARGAO,CONALUM,ARGAO,CONALUM,CONALUM,350.0,,
ARGAO,GUIWANON,ARGAO,GUIWANON,GUIWANON,1075.0,1250.0,
ARGAO,GUTLANG,ARGAO,GUTLANG,GUTLANG,375.0,,
ARGAO,JAMPANG,ARGAO,JAMPANG,JAMPANG,400.0,,
ARGAO,JOMGAO,ARGAO,JOMGAO,JOMGAO,475.0,,
ARGAO,LAMACAN,ARGAO,LAMACAN,LAMACAN,850.0,,
ARGAO,LANGTAD,ARGAO,LANGTAD,LANGTAD,1325.0,1450.0,
ARGAO,LANGUB,ARGAO,LANGUB,LANGUB,300.0,,
ARGAO,LAPAY,ARGAO,LAPAY,LAPAY,525.0,,
ARGAO,LENGIGON,ARGAO,LENGIGON,LENGIGON,500.0,,
ARGAO,LINUT-OD,ARGAO,LINUTOD,LINUTOD,325.0,,
ARGAO,MABASA,ARGAO,MABASA,MABASA,312.5,,
ARGAO,MANDILIKIT,ARGAO,MANDILIKIT,MANDILIKIT,300.0,,
ARGAO,MOMPELLER,ARGAO,MOMPELLER,MOMPELLER,250.0,350.0,
ARGAO,PANADTARAN,ARGAO,PANADTARAN,PANADTARAN,325.0,,
ARGAO,POBLACION,ARGAO,POBLACION,POBLACION,2400.0,3000.0,
ARGAO,SUA,ARGAO,SUA,SUA,300.0,,
ARGAO,SUMAGUAN,ARGAO,SUMAGUAN,SUMAGUAN,400.0,,
ARGAO,TABAYAG,ARGAO,TABAYAG,TABAYAG,400.0,,
ARGAO,TALAGA,ARGAO,TALAGA,TALAGA,1150.0,1500.0,
ARGAO,TALAYTAY,ARGAO,TALAYTAY,TALAYTAY,850.0,,
ARGAO,TALOOT,ARGAO,TALOOT,TALOOT,1200.0,1500.0,
ARGAO,TIGUIB,ARGAO,TIGUIB,TIGUIB,350.0,,
ARGAO,TULANG,ARGAO,TULANG,TULANG,312.5,,
ARGAO,TULIC,ARGAO,TULIC,TULIC,650.0,1500.0,
ARGAO,UBAUB,ARGAO,UBAUB,UBAUB,312.5,,
ARGAO,USMAD,ARGAO,USMAD,USMAD,325.0,,
ASTURIAS,AGBANGA,ASTURIAS,AGBANGA,AGBANGA,825.0,1500.0,
ASTURIAS,AGTUGOP,ASTURIAS,AGTUGOP,AGTUGOP,825.0,1500.0,
ASTURIAS,BAGO,ASTURIAS,BAGO,BAGO,825.0,1500.0,
ASTURIAS,BAIRAN,ASTURIAS,BAIRAN,BAIRAN,2250.0,3500.0,
ASTURIAS,BANBAN,ASTURIAS,BANBAN,BANBAN,2250.0,3500.0,
ASTURIAS,BAYE,ASTURIAS,BAYE,BAYE,2250.0,3500.0,
ASTURIAS,BOG-O,ASTURIAS,BOGO,BOGO,2250.0,3500.0,
ASTURIAS,KALUANGAN,ASTURIAS,KALUANGAN,KALUANGAN,2250.0,3500.0,
ASTURIAS,LANAO,ASTURIAS,LANAO,LANAO,1625.0,3500.0,
ASTURIAS,LANGUB,ASTURIAS,LANGUB,LANGUB,1750.0,3500.0,
ASTURIAS,LOOC NORTE,ASTURIAS,LOOCNORTE,LOOCNORTE,2250.0,3500.0,
ASTURIAS,LUNAS,ASTURIAS,LUNAS,LUNAS,825.0,1500.0,
ASTURIAS,MAGCALAPE,ASTURIAS,MAGCALAPE,MAGCALAPE,2250.0,3500.0,
ASTURIAS,MANGUIAO,ASTURIAS,MANGUIAO,MANGUIAO,825.0,1500.0,
ASTURIAS,NEW BAGO,ASTURIAS,NEWBAGO,NEWBAGO,1100.0,1750.0,
ASTURIAS,OWAK,ASTURIAS,OWAK,OWAK,2750.0,3500.0,
ASTURIAS,POBLACION,ASTURIAS,POBLACION,POBLACION,2250.0,3500.0,
ASTURIAS,SAKSAK,ASTURIAS,SAKSAK,SAKSAK,2250.0,3500.0,
ASTURIAS,SAN ISIDRO,ASTURIAS,SANISIDRO,SANISIDRO,825.0,1500.0,
ASTURIAS,SAN ROQUE,ASTURIAS,SANROQUE,SANROQUE,2250.0,3500.0,
ASTURIAS,SANTA LUCIA,ASTURIAS,SANTALUCIA,SANTALUCIA,2250.0,3500.0,
ASTURIAS,SANTA RITA,ASTURIAS,SANTARITA,SANTARITA,2250.0,3500.0,
ASTURIAS,TAG-AMAKAN,ASTURIAS,TAGAMAKAN,TAGAMAKAN,2250.0,3500.0,
ASTURIAS,TAGBUBONGA,ASTURIAS,TAGBUBONGA,TAGBUBONGA,2250.0,3500.0,
ASTURIAS,TUBIGAGMANOK,ASTURIAS,TUBIGAGMANOK,TUBIGAGMANOK,2750.0,3500.0,
ASTURIAS,TUBOD,ASTURIAS,TUBOD,TUBOD,825.0,1500.0,
ASTURIAS,UBOGON,ASTURIAS,UBOGON,UBOGON,825.0,1500.0,
BADIAN,*ALAWIJAO,BADIAN,ALAWIJAO,ALAWIJAO,77.5,,
BADIAN,BALHAAN,BADIAN,BALHAAN,BALHAAN,425.0,,
BADIAN,BANHIGAN,BADIAN,BANHIGAN,BANHIGAN,375.0,450.0,
BADIAN,BASAK,BADIAN,BASAK,BASAK,135.0,,
BADIAN,BASIAO,BADIAN,BASIAO,BASIAO,107.5,,
BADIAN,BATO,BADIAN,BATO,BATO,330.0,,
BADIAN,BUGAS,BADIAN,BUGAS,BUGAS,330.0,400.0,
BADIAN,CALANGCANG,BADIAN,CALANGCANG,CALANGCANG,175.0,,
BADIAN,CANDIIS,BADIAN,CANDIIS,CANDIIS,65.0,,
BADIAN,DAGATAN,BADIAN,DAGATAN,DAGATAN,240.0,,
BADIAN,DOBDOB,BADIAN,DOBDOB,DOBDOB,240.0,,
BADIAN,GINABLAN,BADIAN,GINABLAN,GINABLAN,150.0,350.0,
BADIAN,LAMBUG,BADIAN,LAMBUG,LAMBUG,330.0,400.0,
BADIAN,MALABAGO,BADIAN,MALABAGO,MALABAGO,300.0,400.0,
BADIAN,MALHIAO,BADIAN,MALHIAO,MALHIAO,300.0,400.0,
BADIAN,MANDUYONG,BADIAN,MANDUYONG,MANDUYONG,300.0,400.0,
BADIAN,MATUTINAO,BADIAN,MATUTINAO,MATUTINAO,330.0,750.0,
BADIAN,PATONG,BADIAN,PATONG,PATONG,60.0,,
BADIAN,POBLACION,BADIAN,POBLACION,POBLACION,1200.0,1350.0,
BADIAN,SANLAGAN,BADIAN,SANLAGAN,SANLAGAN,120.0,,
BADIAN,SANTICON,BADIAN,SANTICON,SANTICON,120.0,,
BADIAN,SOHOTON,BADIAN,SOHOTON,SOHOTON,120.0,,
BADIAN,SULSOGAN,BADIAN,SULSOGAN,SULSOGAN,120.0,,
BADIAN,TALAYONG,BADIAN,TALAYONG,TALAYONG,182.5,,
BADIAN,TAYTAY,BADIAN,TAYTAY,TAYTAY,275.0,750.0,
BADIAN,TIGBAO,BADIAN,TIGBAO,TIGBAO,120.0,,
BADIAN,*TIGUIB,BADIAN,TIGUIB,TIGUIB,122.5,,
BADIAN,TUBOD,BADIAN,TUBOD,TUBOD,200.0,400.0,
BADIAN,ZARAGOSA,BADIAN,ZARAGOSA,ZARAGOSA,700.0,950.0,
BALAMBAN,ABUCAYAN,BALAMBAN,ABUCAYAN,ABUCAYAN,2250.0,1500.0,
BALAMBAN,ALIWANAY,BALAMBAN,ALIWANAY,ALIWANAY,2500.0,4000.0,
BALAMBAN,ARPILI,BALAMBAN,ARPILI,ARPILI,1000.0,1500.0,
BALAMBAN,BALIWAGAN,BALAMBAN,BALIWAGAN,BALIWAGAN,2500.0,4000.0,
BALAMBAN,BAYONG,BALAMBAN,BAYONG,BAYONG,1000.0,1500.0,
BALAMBAN,BIASONG,BALAMBAN,BIASONG,BIASONG,2500.0,4000.0,
BALAMBAN,BUANOY,BALAMBAN,BUANOY,BUANOY,2500.0,4000.0,
BALAMBAN,CABAGDALANG,BALAMBAN,CABAGDALANG,CABAGDALANG,1000.0,1500.0,
BALAMBAN,CABASIANGAN,BALAMBAN,CABASIANGAN,CABASIANGAN,1000.0,1500.0,
BALAMBAN,CAMBUHAWE,BALAMBAN,CAMBUHAWE,CAMBUHAWE,1000.0,1500.0,
BALAMBAN,CANSOMOROY,BALAMBAN,CANSOMOROY,CANSOMOROY,2250.0,1500.0,
BALAMBAN,CANTIBAS,BALAMBAN,CANTIBAS,CANTIBAS,1000.0,1500.0,
BALAMBAN,CANTUCO / CANTUOD*,BALAMBAN,CANTUCOCANTUOD,CANTUCOCANTUOD,1000.0,1500.0,
BALAMBAN,DUANGAN,BALAMBAN,DUANGAN,DUANGAN,1000.0,1500.0,
BALAMBAN,GA-AS,BALAMBAN,GAAS,GAAS,1000.0,1500.0,
BALAMBAN,GINATILAN,BALAMBAN,GINATILAN,GINATILAN,1000.0,1500.0,
BALAMBAN,HINGATMONAN,BALAMBAN,HINGATMONAN,HINGATMONAN,1000.0,1500.0,
BALAMBAN,LAMESA,BALAMBAN,LAMESA,LAMESA,1000.0,1500.0,
BALAMBAN,LIKI,BALAMBAN,LIKI,LIKI,1000.0,1500.0,
BALAMBAN,LUCA,BALAMBAN,LUCA,LUCA,1000.0,1500.0,
BALAMBAN,MATUN-OG,BALAMBAN,MATUNOG,MATUNOG,1000.0,1500.0,
BALAMBAN,NANGKA,BALAMBAN,NANGKA,NANGKA,2500.0,4000.0,
BALAMBAN,PONDOL,BALAMBAN,PONDOL,PONDOL,1000.0,1500.0,
BALAMBAN,PRENZA,BALAMBAN,PRENZA,PRENZA,2500.0,4000.0,
BALAMBAN,SINGSING,BALAMBAN,SINGSING,SINGSING,1000.0,1500.0,
BALAMBAN,STA.CRUZ - STO. NIÑO,BALAMBAN,STACRUZSTONINO,STACRUZSTONINO,2500.0,4000.0,
BALAMBAN,VITO,BALAMBAN,VITO,VITO,1000.0,1500.0,
BANTAYAN,ATOP-ATOP,BANTAYAN,ATOPATOP,ATOPATOP,450.0,500.0,
BANTAYAN,BAIGAD,BANTAYAN,BAIGAD,BAIGAD,450.0,500.0,
BANTAYAN,BANTIGUE,BANTAYAN,BANTIGUE,BANTIGUE,450.0,500.0,
BANTAYAN,BAOD,BANTAYAN,BAOD,BAOD,450.0,500.0,
BANTAYAN,BINAOBAO,BANTAYAN,BINAOBAO,BINAOBAO,500.0,650.0,
BANTAYAN,BOTIGUES,BANTAYAN,BOTIGUES,BOTIGUES,200.0,300.0,
BANTAYAN,DOONG,BANTAYAN,DOONG,DOONG,200.0,300.0,
BANTAYAN,GUIWANON,BANTAYAN,GUIWANON,GUIWANON,400.0,450.0,
BANTAYAN,HILOTONGAN,BANTAYAN,HILOTONGAN,HILOTONGAN,200.0,300.0,
BANTAYAN,KABAC,BANTAYAN,KABAC,KABAC,400.0,450.0,
BANTAYAN,KABANGBANG,BANTAYAN,KABANGBANG,KABANGBANG,300.0,400.0,
BANTAYAN,KAMPINGANON,BANTAYAN,KAMPINGANON,KAMPINGANON,300.0,400.0,
BANTAYAN,KANGKAIBE,BANTAYAN,KANGKAIBE,KANGKAIBE,300.0,400.0,
BANTAYAN,LIPAYRAN,BANTAYAN,LIPAYRAN,LIPAYRAN,200.0,300.0,
BANTAYAN,LUYONGBAYBAY,BANTAYAN,LUYONGBAYBAY,LUYONGBAYBAY,200.0,300.0,
BANTAYAN,MOJON,BANTAYAN,MOJON,MOJON,300.0,400.0,
BANTAYAN,OBO-OB,BANTAYAN,OBOOB,OBOOB,400.0,450.0,
BANTAYAN,PATAO,BANTAYAN,PATAO,PATAO,400.0,450.0,
BANTAYAN,POBLACION,BANTAYAN,POBLACION,POBLACION,700.0,1100.0,
BANTAYAN,PUTIAN,BANTAYAN,PUTIAN,PUTIAN,400.0,450.0,
BANTAYAN,SILLON,BANTAYAN,SILLON,SILLON,400.0,450.0,
BANTAYAN,SUBA,BANTAYAN,SUBA,SUBA,350.0,450.0,
BANTAYAN,SULANGAN,BANTAYAN,SULANGAN,SULANGAN,400.0,450.0,
BANTAYAN,SUNGKO,BANTAYAN,SUNGKO,SUNGKO,400.0,450.0,
BANTAYAN,TAMIAO,BANTAYAN,TAMIAO,TAMIAO,400.0,450.0,
BANTAYAN,TICAD,BANTAYAN,TICAD,TICAD,500.0,650.0,
BARILI,AZUCENA,BARILI,AZUCENA,AZUCENA,750.0,,
BARILI,BAGAKAY,BARILI,BAGAKAY,BAGAKAY,240.0,,
BARILI,BALAO,BARILI,BALAO,BALAO,500.0,,
BARILI,BOLOC-BOLOC,BARILI,BOLOCBOLOC,BOLOCBOLOC,650.0,,
BARILI,BUDBUD,BARILI,BUDBUD,BUDBUD,375.0,,
BARILI,BUGTONG KAWAYAN,BARILI,BUGTONGKAWAYAN,BUGTONGKAWAYAN,187.5,,
BARILI,CABCABAN,BARILI,CABCABAN,CABCABAN,350.0,,
BARILI,CAGAY,BARILI,CAGAY,CAGAY,325.0,,
BARILI,CAMPANGA,BARILI,CAMPANGA,CAMPANGA,1000.0,,
BARILI,CANDUGAY,BARILI,CANDUGAY,CANDUGAY,400.0,,
BARILI,DAKIT,BARILI,DAKIT,DAKIT,850.0,,
BARILI,GILOCTOG,BARILI,GILOCTOG,GILOCTOG,700.0,,
BARILI,GUIBUANGAN,BARILI,GUIBUANGAN,GUIBUANGAN,800.0,,
BARILI,GUIWANON,BARILI,GUIWANON,GUIWANON,500.0,,
BARILI,GUNTING,BARILI,GUNTING,GUNTING,400.0,,
BARILI,HILASGASAN,BARILI,HILASGASAN,HILASGASAN,450.0,,
BARILI,JAPITAN,BARILI,JAPITAN,JAPITAN,750.0,,
BARILI,KALUBIHAN,BARILI,KALUBIHAN,KALUBIHAN,500.0,,
BARILI,KANDAMPAS,BARILI,KANDAMPAS,KANDAMPAS,187.5,,
BARILI,LUHOD,BARILI,LUHOD,LUHOD,187.5,,
BARILI,LUPO,BARILI,LUPO,LUPO,187.5,,
BARILI,LUYO,BARILI,LUYO,LUYO,187.5,,
BARILI,MAGHANOY,BARILI,MAGHANOY,MAGHANOY,400.0,,
BARILI,MAIGANG,BARILI,MAIGANG,MAIGANG,400.0,,
BARILI,MALOLOS,BARILI,MALOLOS,MALOLOS,650.0,,
BARILI,MANTALONGON,BARILI,MANTALONGON,MANTALONGON,800.0,2000.0,
BARILI,MANTUPAYAN,BARILI,MANTUPAYAN,MANTUPAYAN,190.0,,
BARILI,MAYANA,BARILI,MAYANA,MAYANA,200.0,,
BARILI,MINOLOS,BARILI,MINOLOS,MINOLOS,750.0,,
BARILI,NABUNTURAN,BARILI,NABUNTURAN,NABUNTURAN,200.0,,
BARILI,NASIPIT,BARILI,NASIPIT,NASIPIT,250.0,,
BARILI,PANCIL,BARILI,PANCIL,PANCIL,175.0,,
BARILI,PANGPANG,BARILI,PANGPANG,PANGPANG,175.0,,
BARILI,PARIL,BARILI,PARIL,PARIL,250.0,,
BARILI,PATUPAT,BARILI,PATUPAT,PATUPAT,650.0,,
BARILI,POBLACION,BARILI,POBLACION,POBLACION,3000.0,4000.0,
BARILI,SAN RAFAEL,BARILI,SANRAFAEL,SANRAFAEL,500.0,,
BARILI,SANTA ANA,BARILI,SANTAANA,SANTAANA,500.0,,
BARILI,SAYAW,BARILI,SAYAW,SAYAW,500.0,,
BARILI,TAL-OT,BARILI,TALOT,TALOT,650.0,,
BARILI,TUBOD,BARILI,TUBOD,TUBOD,750.0,,
BARILI,VITO,BARILI,VITO,VITO,500.0,,
BOGO CITY,ANONANG NORTE,BOGO CITY,ANONANGNORTE,ANONANGNORTE,2125.0,2750.0,
BOGO CITY,ANONANG SUR,BOGO CITY,ANONANGSUR,ANONANGSUR,2125.0,2750.0,
BOGO CITY,BANBAN,BOGO CITY,BANBAN,BANBAN,2125.0,2750.0,
BOGO CITY,BINABAG,BOGO CITY,BINABAG,BINABAG,2125.0,2750.0,
BOGO CITY,BUNGTOD,BOGO CITY,BUNGTOD,BUNGTOD,4000.0,5000.0,
BOGO CITY,CARBON,BOGO CITY,CARBON,CARBON,4000.0,5000.0,
BOGO CITY,CAYANG,BOGO CITY,CAYANG,CAYANG,2125.0,2750.0,
BOGO CITY,COGON,BOGO CITY,COGON,COGON,4000.0,5000.0,
BOGO CITY,DAKIT,BOGO CITY,DAKIT,DAKIT,2125.0,2750.0,
BOGO CITY,DON PEDRO RODRIGUEZ,BOGO CITY,DONPEDRORODRIGUEZ,DONPEDRORODRIGUEZ,2125.0,2750.0,
BOGO CITY,GAIRAN,BOGO CITY,GAIRAN,GAIRAN,3000.0,4000.0,
BOGO CITY,GUADALUPE,BOGO CITY,GUADALUPE,GUADALUPE,2125.0,2750.0,
BOGO CITY,LA PAZ,BOGO CITY,LAPAZ,LAPAZ,2125.0,2750.0,
BOGO CITY,LA PURISIMA,BOGO CITY,LAPURISIMA,LAPURISIMA,4000.0,5000.0,
BOGO CITY,LIBERTAD,BOGO CITY,LIBERTAD,LIBERTAD,2125.0,2750.0,
BOGO CITY,LOURDES,BOGO CITY,LOURDES,LOURDES,4000.0,5000.0,
BOGO CITY,MALINGIN,BOGO CITY,MALINGIN,MALINGIN,2125.0,2750.0,
BOGO CITY,MARANGOG,BOGO CITY,MARANGOG,MARANGOG,2125.0,2750.0,
BOGO CITY,NAILON,BOGO CITY,NAILON,NAILON,2125.0,2750.0,
BOGO CITY,ODLOT,BOGO CITY,ODLOT,ODLOT,2125.0,2750.0,
BOGO CITY,PANDAN,BOGO CITY,PANDAN,PANDAN,4000.0,5000.0,
BOGO CITY,POLAMBATO,BOGO CITY,POLAMBATO,POLAMBATO,2125.0,2750.0,
BOGO CITY,SAMBAG,BOGO CITY,SAMBAG,SAMBAG,4000.0,5000.0,
BOGO CITY,SAN VICENTE,BOGO CITY,SANVICENTE,SANVICENTE,4000.0,5000.0,
BOGO CITY,SIOCON,BOGO CITY,SIOCON,SIOCON,2625.0,3900.0,
BOGO CITY,STO. NIÑO,BOGO CITY,STONINO,STONINO,3500.0,5000.0,
BOGO CITY,STO. ROSARIO,BOGO CITY,STOROSARIO,STOROSARIO,4000.0,5000.0,
BOGO CITY,SUDLONON,BOGO CITY,SUDLONON,SUDLONON,4000.0,5000.0,
BOGO CITY,TAYTAYAN,BOGO CITY,TAYTAYAN,TAYTAYAN,4500.0,5250.0,
BOLJOON,ARBOR,BOLJOON,ARBOR,ARBOR,700.0,,
BOLJOON,BACLAYAN,BOLJOON,BACLAYAN,BACLAYAN,800.0,,
BOLJOON,EL PARDO,BOLJOON,ELPARDO,ELPARDO,800.0,,
BOLJOON,LOWER BECERIL,BOLJOON,LOWERBECERIL,LOWERBECERIL,400.0,,
BOLJOON,LUNOP,BOLJOON,LUNOP,LUNOP,100.0,,
BOLJOON,NANGKA,BOLJOON,NANGKA,NANGKA,115.0,,
BOLJOON,POBLACION,BOLJOON,POBLACION,POBLACION,600.0,800.0,
BOLJOON,SAN ANTONIO,BOLJOON,SANANTONIO,SANANTONIO,100.0,,
BOLJOON,UPPER BECERRIL,BOLJOON,UPPERBECERRIL,UPPERBECERRIL,70.0,,
BOLJOON CEBU,NORTH GRANADA,BOLJOON CEBU,NORTHGRANADA,NORTHGRANADA,800.0,,
BOLJOON CEBU,SOUTH GRANADA,BOLJOON CEBU,SOUTHGRANADA,SOUTHGRANADA,800.0,,
BORBON,BAGACAY,BORBON,BAGACAY,BAGACAY,987.5,,
BORBON,BILI,BORBON,BILI,BILI,987.5,,
BORBON,BINGAY,BORBON,BINGAY,BINGAY,987.5,,
BORBON,BONGDO,BORBON,BONGDO,BONGDO,987.5,,
BORBON,BONGDO GUA,BORBON,BONGDOGUA,BONGDOGUA,987.5,,
BORBON,CADAPUHAN,BORBON,CADAPUHAN,CADAPUHAN,987.5,,
BORBON,CAJEL,BORBON,CAJEL,CAJEL,987.5,,
BORBON,CAMPUSONG,BORBON,CAMPUSONG,CAMPUSONG,987.5,,
BORBON,CLAVERIA,BORBON,CLAVERIA,CLAVERIA,987.5,,
BORBON,DON PEDRO ANTIGUA,BORBON,DONPEDROANTIGUA,DONPEDROANTIGUA,987.5,,
BORBON,LAAW,BORBON,LAAW,LAAW,987.5,,
BORBON,LUGO,BORBON,LUGO,LUGO,987.5,,
BORBON,MANAGASE,BORBON,MANAGASE,MANAGASE,987.5,,
BORBON,MANGUBAT,BORBON,MANGUBAT,MANGUBAT,987.5,,
BORBON,PEDRO BANDALA,BORBON,PEDROBANDALA,PEDROBANDALA,987.5,,
BORBON,POBLACION,BORBON,POBLACION,POBLACION,987.5,1750.0,
BORBON,SAGAY,BORBON,SAGAY,SAGAY,987.5,,
BORBON,SAN JOSE,BORBON,SANJOSE,SANJOSE,987.5,,
BORBON,TABUNAN,BORBON,TABUNAN,TABUNAN,987.5,,
BORBON,TAGNUCAN,BORBON,TAGNUCAN,TAGNUCAN,987.5,,
CARCAR CITY,BOLINAWAN,CARCAR CITY,BOLINAWAN,BOLINAWAN,4000.0,7500.0,
CARCAR CITY,BUENAVISTA,CARCAR CITY,BUENAVISTA,BUENAVISTA,1500.0,,
CARCAR CITY,CALIDNGAN,CARCAR CITY,CALIDNGAN,CALIDNGAN,1100.0,1500.0,
CARCAR CITY,CAN-ASUJAN,CARCAR CITY,CANASUJAN,CANASUJAN,4000.0,2000.0,
CARCAR CITY,GUADALUPE,CARCAR CITY,GUADALUPE,GUADALUPE,1950.0,3700.0,
CARCAR CITY,LIBURON,CARCAR CITY,LIBURON,LIBURON,1950.0,,
CARCAR CITY,NAPO,CARCAR CITY,NAPO,NAPO,1500.0,2000.0,
CARCAR CITY,OCAÑA,CARCAR CITY,OCANA,OCANA,3000.0,8000.0,
CARCAR CITY,PERRELOS,CARCAR CITY,PERRELOS,PERRELOS,2700.0,10000.0,
CARCAR CITY,POBLACION I,CARCAR CITY,POBLACIONI,POBLACIONI,10500.0,15000.0,
CARCAR CITY,POBLACION II,CARCAR CITY,POBLACIONII,POBLACIONII,9000.0,16000.0,
CARCAR CITY,POBLACION III,CARCAR CITY,POBLACIONIII,POBLACIONIII,7500.0,15000.0,
CARCAR CITY,TUYOM,CARCAR CITY,TUYOM,TUYOM,2600.0,,
CARCAR CITY,VALENCIA,CARCAR CITY,VALENCIA,VALENCIA,1200.0,3000.0,
CARCAR CITY,VALLADOLID,CARCAR CITY,VALLADOLID,VALLADOLID,6000.0,10700.0,
CARMEN,BARING,CARMEN,BARING,BARING,1675.0,2900.0,
CARMEN,CANTIPAY,CARMEN,CANTIPAY,CANTIPAY,1675.0,2900.0,
CARMEN,CANTUCONG,CARMEN,CANTUCONG,CANTUCONG,1675.0,2900.0,
CARMEN,CANTUMAG,CARMEN,CANTUMAG,CANTUMAG,1675.0,2900.0,
CARMEN,CAURASAN,CARMEN,CAURASAN,CAURASAN,1675.0,2900.0,
CARMEN,COGON EAST,CARMEN,COGONEAST,COGONEAST,2350.0,3350.0,
CARMEN,COGON WEST,CARMEN,COGONWEST,COGONWEST,2350.0,3350.0,
CARMEN,CORTE,CARMEN,CORTE,CORTE,300.0,2125.0,
CARMEN,DAWIS NORTE,CARMEN,DAWISNORTE,DAWISNORTE,1350.0,2350.0,
CARMEN,DAWIS SUR,CARMEN,DAWISSUR,DAWISSUR,1350.0,2400.0,
CARMEN,FUENTE,CARMEN,FUENTE,FUENTE,1250.0,2500.0,
CARMEN,HAGNOYA,CARMEN,HAGNOYA,HAGNOYA,1625.0,2900.0,
CARMEN,IPIL,CARMEN,IPIL,IPIL,1625.0,2900.0,
CARMEN,LANIPGA,CARMEN,LANIPGA,LANIPGA,1625.0,2900.0,
CARMEN,LIBORON,CARMEN,LIBORON,LIBORON,1625.0,2900.0,
CARMEN,LOWER NATIMAO-AN,CARMEN,LOWERNATIMAOAN,LOWERNATIMAOAN,1500.0,2750.0,
CARMEN,LUYANG,CARMEN,LUYANG,LUYANG,2250.0,3250.0,
CARMEN,POBLACION,CARMEN,POBLACION,POBLACION,2250.0,3250.0,
CARMEN,SAC-ON,CARMEN,SACON,SACON,1750.0,3000.0,
CARMEN,TRIUMPO,CARMEN,TRIUMPO,TRIUMPO,1750.0,3000.0,
CARMEN,UPPER NATIMAO-AN,CARMEN,UPPERNATIMAOAN,UPPERNATIMAOAN,1750.0,3000.0,
CATMON,AGSUWAO,CATMON,AGSUWAO,AGSUWAO,1500.0,2750.0,
CATMON,AMANCION,CATMON,AMANCION,AMANCION,1500.0,2750.0,
CATMON,ANAPOG,CATMON,ANAPOG,ANAPOG,1500.0,2750.0,
CATMON,BACTAS,CATMON,BACTAS,BACTAS,1500.0,2750.0,
CATMON,BASAK,CATMON,BASAK,BASAK,1500.0,2750.0,
CATMON,BINONGKALAN,CATMON,BINONGKALAN,BINONGKALAN,1500.0,2750.0,
CATMON,BONGYAS,CATMON,BONGYAS,BONGYAS,1500.0,2750.0,
CATMON,CABUNGAAN,CATMON,CABUNGAAN,CABUNGAAN,1500.0,2750.0,
CATMON,CAMBANGKAYA,CATMON,CAMBANGKAYA,CAMBANGKAYA,1500.0,2750.0,
CATMON,CAN-IBUANG,CATMON,CANIBUANG,CANIBUANG,1500.0,2750.0,
CATMON,CATMONDAAN,CATMON,CATMONDAAN,CATMONDAAN,2000.0,1550.0,
CATMON,CORAZON,CATMON,CORAZON,CORAZON,2275.0,2775.0,
CATMON,DUYAN,CATMON,DUYAN,DUYAN,1500.0,2250.0,
CATMON,FLORES,CATMON,FLORES,FLORES,2500.0,3000.0,
CATMON,GINABUKAN,CATMON,GINABUKAN,GINABUKAN,1500.0,2750.0,
CATMON,MACAAS,CATMON,MACAAS,MACAAS,2000.0,2750.0,
CATMON,PANALIPAN,CATMON,PANALIPAN,PANALIPAN,2000.0,2750.0,
CATMON,SAN JOSE POB,CATMON,SANJOSEPOB,SANJOSEPOB,1500.0,2500.0,
CATMON,TABILI,CATMON,TABILI,TABILI,1500.0,2250.0,
CATMON,TINABYONAN,CATMON,TINABYONAN,TINABYONAN,1500.0,2750.0,
CEBU CITY,ADLAWON,CEBU CITY,ADLAWON,ADLAWON,1875.5,,
CEBU CITY,AGSUNGOT,CEBU CITY,AGSUNGOT,AGSUNGOT,1045.0,,
CEBU CITY,APAS,CEBU CITY,APAS,APAS,28800.0,37300.0,125550.0
CEBU CITY,BABAG,CEBU CITY,BABAG,BABAG,3441.25,5234.0,
CEBU CITY,BABAG II,CEBU CITY,BABAGII,BABAGII,3937.0,95000.0,92500.0
CEBU CITY,BACAYAN,CEBU CITY,BACAYAN,BACAYAN,10250.0,,80000.0
CEBU CITY,BANILAD,CEBU CITY,BANILAD,BANILAD,41500.0,92500.0,90000.0
CEBU CITY,BASAK PARDO,CEBU CITY,BASAKPARDO,BASAKPARDO,13500.0,22500.0,92500.0
CEBU CITY,BASAK SAN NICOLAS,CEBU CITY,BASAKSANNICOLAS,BASAKSANNICOLAS,13500.0,17500.0,92500.0
CEBU CITY,BINALIW,CEBU CITY,BINALIW,BINALIW,5150.0,,65000.0
CEBU CITY,BONBON,CEBU CITY,BONBON,BONBON,5000.0,6050.0,92500.0
CEBU CITY,BUDLA-AN,CEBU CITY,BUDLAAN,BUDLAAN,9375.0,,
CEBU CITY,BUHISAN,CEBU CITY,BUHISAN,BUHISAN,5102.0,6916.0,92500.0
CEBU CITY,BULACAO,CEBU CITY,BULACAO,BULACAO,16000.0,25000.0,92500.0
CEBU CITY,BUOT - TAOP,CEBU CITY,BUOTTAOP,BUOTTAOP,3420.0,2250.0,92500.0
CEBU CITY,BUSAY,CEBU CITY,BUSAY,BUSAY,8500.0,5500.0,120000.0
CEBU CITY,CALAMBA,CEBU CITY,CALAMBA,CALAMBA,19500.0,26250.0,95000.0
CEBU CITY,CAMBINOCOT,CEBU CITY,CAMBINOCOT,CAMBINOCOT,887.5,1221.0,
CEBU CITY,CAPITOL SITE,CEBU CITY,CAPITOLSITE,CAPITOLSITE,46000.0,73000.0,95000.0
CEBU CITY,CARRETA,CEBU CITY,CARRETA,CARRETA,52250.0,99500.0,127000.0
CEBU CITY,CEBU PORT AREA,CEBU CITY,CEBUPORTAREA,CEBUPORTAREA,,52500.0,132500.0
CEBU CITY,CENTRAL POB,CEBU CITY,CENTRALPOB,CENTRALPOB,28125.0,100000.0,134750.0
CEBU CITY,CENTRAL PROPER,CEBU CITY,CENTRALPROPER,CENTRALPROPER,60000.0,85000.0,92500.0
CEBU CITY,COGON CENTRAL,CEBU CITY,COGONCENTRAL,COGONCENTRAL,,75500.0,149500.0
CEBU CITY,COGON PARDO,CEBU CITY,COGONPARDO,COGONPARDO,17500.0,21500.0,92500.0
CEBU CITY,DAY-AS,CEBU CITY,DAYAS,DAYAS,29000.0,68000.0,120500.0
CEBU CITY,DULJO FATIMA,CEBU CITY,DULJOFATIMA,DULJOFATIMA,20750.0,25000.0,92500.0
CEBU CITY,ERMITA,CEBU CITY,ERMITA,ERMITA,30000.0,50000.0,92500.0
CEBU CITY,GUADALUPE,CEBU CITY,GUADALUPE,GUADALUPE,23700.0,29550.0,84000.0
CEBU CITY,GUBA,CEBU CITY,GUBA,GUBA,1430.0,,
CEBU CITY,HIPODROMO,CEBU CITY,HIPODROMO,HIPODROMO,195250.0,78125.0,157750.0
CEBU CITY,INAYAWAN,CEBU CITY,INAYAWAN,INAYAWAN,18000.0,22500.0,92500.0
CEBU CITY,KALUBIHAN,CEBU CITY,KALUBIHAN,KALUBIHAN,35000.0,80000.0,97500.0
CEBU CITY,KALUNASAN,CEBU CITY,KALUNASAN,KALUNASAN,5036.0,5240.0,92500.0
CEBU CITY,KAMAGAYAN,CEBU CITY,KAMAGAYAN,KAMAGAYAN,29375.0,116500.0,
CEBU CITY,KAMPUTHAW,CEBU CITY,KAMPUTHAW,KAMPUTHAW,63000.0,74000.0,120000.0
CEBU CITY,KASAMBAGAN,CEBU CITY,KASAMBAGAN,KASAMBAGAN,30000.0,34500.0,115000.0
CEBU CITY,KINASANG - AN,CEBU CITY,KINASANGAN,KINASANGAN,16500.0,22500.0,92500.0
CEBU CITY,LABANGON,CEBU CITY,LABANGON,LABANGON,20000.0,28046.0,92500.0
CEBU CITY,LAHUG,CEBU CITY,LAHUG,LAHUG,30000.0,57000.0,115000.0
CEBU CITY,LOREGA SAN MIGUEL,CEBU CITY,LOREGASANMIGUEL,LOREGASANMIGUEL,48000.0,69500.0,
CEBU CITY,LUSARAN,CEBU CITY,LUSARAN,LUSARAN,1465.0,,
CEBU CITY,LUZ,CEBU CITY,LUZ,LUZ,51250.0,206750.0,164500.0
CEBU CITY,MABINI,CEBU CITY,MABINI,MABINI,2255.0,3000.0,
CEBU CITY,MABOLO,CEBU CITY,MABOLO,MABOLO,40600.0,98860.0,112500.0
CEBU CITY,MALUBOG,CEBU CITY,MALUBOG,MALUBOG,3935.0,4650.0,
CEBU CITY,MAMBALING,CEBU CITY,MAMBALING,MAMBALING,20000.0,42500.0,92500.0
CEBU CITY,PAHINA CENTRAL,CEBU CITY,PAHINACENTRAL,PAHINACENTRAL,24000.0,37500.0,92500.0
CEBU CITY,PAHINA SAN NICOLAS,CEBU CITY,PAHINASANNICOLAS,PAHINASANNICOLAS,24000.0,28750.0,92500.0
CEBU CITY,PAMUTAN,CEBU CITY,PAMUTAN,PAMUTAN,1840.0,2250.0,92500.0
CEBU CITY,PARIAN,CEBU CITY,PARIAN,PARIAN,29000.0,78000.0,
CEBU CITY,PARIL,CEBU CITY,PARIL,PARIL,1196.5,,
CEBU CITY,PASIL ABUNO,CEBU CITY,PASILABUNO,PASILABUNO,17500.0,25750.0,92500.0
CEBU CITY,PIT-OS,CEBU CITY,PITOS,PITOS,12400.0,,93125.0
CEBU CITY,POBLACION PARDO,CEBU CITY,POBLACIONPARDO,POBLACIONPARDO,16440.0,22500.0,92500.0
CEBU CITY,PONG-OL SIBUGAY,CEBU CITY,PONGOLSIBUGAY,PONGOLSIBUGAY,2450.0,4725.0,
CEBU CITY,PULANG-BATO,CEBU CITY,PULANGBATO,PULANGBATO,13500.0,,
CEBU CITY,PUNG-OL SIBUGAY,CEBU CITY,PUNGOLSIBUGAY,PUNGOLSIBUGAY,5000.0,5250.0,92500.0
CEBU CITY,PUNTA PRINCESA,CEBU CITY,PUNTAPRINCESA,PUNTAPRINCESA,16000.0,19500.0,92500.0
CEBU CITY,QUIOT PARDO,CEBU CITY,QUIOTPARDO,QUIOTPARDO,17500.0,21750.0,95000.0
CEBU CITY,SAMBAG I,CEBU CITY,SAMBAGI,SAMBAGI,30000.0,36000.0,92500.0
CEBU CITY,SAMBAG II,CEBU CITY,SAMBAGII,SAMBAGII,22500.0,53500.0,95000.0
CEBU CITY,SAN ANTONIO,CEBU CITY,SANANTONIO,SANANTONIO,36000.0,93500.0,
CEBU CITY,SAN JOSE,CEBU CITY,SANJOSE,SANJOSE,12180.0,,
CEBU CITY,SAN NICOLAS PROPER,CEBU CITY,SANNICOLASPROPER,SANNICOLASPROPER,20900.0,27500.0,92500.0
CEBU CITY,SAN ROQUE,CEBU CITY,SANROQUE,SANROQUE,28125.0,90642.5,
CEBU CITY,SAPANGDAKU,CEBU CITY,SAPANGDAKU,SAPANGDAKU,7151.0,2750.0,92500.0
CEBU CITY,SAWANG CALERO,CEBU CITY,SAWANGCALERO,SAWANGCALERO,19000.0,25000.0,92500.0
CEBU CITY,SINSIN,CEBU CITY,SINSIN,SINSIN,3420.0,2250.0,92500.0
CEBU CITY,SIRAO,CEBU CITY,SIRAO,SIRAO,2850.0,3325.0,
CEBU CITY,SOUTH ROAD PROPERTIES,CEBU CITY,SOUTHROADPROPERTIES,SOUTHROADPROPERTIES,55000.0,90000.0,92500.0
CEBU CITY,STA. CRUZ,CEBU CITY,STACRUZ,STACRUZ,,71725.0,111000.0
CEBU CITY,SUBA,CEBU CITY,SUBA,SUBA,19000.0,25000.0,92500.0
CEBU CITY,SUDLON I,CEBU CITY,SUDLONI,SUDLONI,3420.0,2250.0,92500.0
CEBU CITY,SUDLON II,CEBU CITY,SUDLONII,SUDLONII,3420.0,2250.0,92500.0
CEBU CITY,TABUNAN,CEBU CITY,TABUNAN,TABUNAN,3420.0,2250.0,92500.0
CEBU CITY,TAG-BAO,CEBU CITY,TAGBAO,TAGBAO,3420.0,2250.0,92500.0
CEBU CITY,TALAMBAN,CEBU CITY,TALAMBAN,TALAMBAN,26375.0,68100.0,117500.0
CEBU CITY,TAPTAP,CEBU CITY,TAPTAP,TAPTAP,3300.0,4225.0,
CEBU CITY,TEJERO,CEBU CITY,TEJERO,TEJERO,,63000.0,
CEBU CITY,TINAGO,CEBU CITY,TINAGO,TINAGO,29450.0,65000.0,
CEBU CITY,TISA,CEBU CITY,TISA,TISA,12820.0,21320.0,90000.0
CEBU CITY,TO-ONG,CEBU CITY,TOONG,TOONG,3220.0,2250.0,92500.0
CEBU CITY,T. PADILLA,CEBU CITY,TPADILLA,TPADILLA,,69300.0,
CEBU CITY,ZAPATERA,CEBU CITY,ZAPATERA,ZAPATERA,62250.0,72375.0,118500.0
COMPOSTELA,BAGALNGA,COMPOSTELA,BAGALNGA,BAGALNGA,625.0,,
COMPOSTELA,BASAK,COMPOSTELA,BASAK,BASAK,625.0,,
COMPOSTELA,BULUANG,COMPOSTELA,BULUANG,BULUANG,750.0,,
COMPOSTELA,CABADIANGAN,COMPOSTELA,CABADIANGAN,CABADIANGAN,750.0,,
COMPOSTELA,CAMBAYOG,COMPOSTELA,CAMBAYOG,CAMBAYOG,625.0,,
COMPOSTELA,CANAMUCAN,COMPOSTELA,CANAMUCAN,CANAMUCAN,2500.0,3750.0,
COMPOSTELA,COGON,COMPOSTELA,COGON,COGON,1750.0,300.0,
COMPOSTELA,DAP-DAP,COMPOSTELA,DAPDAP,DAPDAP,625.0,,
COMPOSTELA,ESTACA,COMPOSTELA,ESTACA,ESTACA,2000.0,3500.0,
COMPOSTELA,LUPA,COMPOSTELA,LUPA,LUPA,625.0,,
COMPOSTELA,MAGAY,COMPOSTELA,MAGAY,MAGAY,2000.0,3500.0,
COMPOSTELA,MULAO,COMPOSTELA,MULAO,MULAO,625.0,,
COMPOSTELA,PANANGBAN,COMPOSTELA,PANANGBAN,PANANGBAN,625.0,,
COMPOSTELA,POBLACION,COMPOSTELA,POBLACION,POBLACION,3000.0,3500.0,
COMPOSTELA,TAG-UBE,COMPOSTELA,TAGUBE,TAGUBE,625.0,,
COMPOSTELA,TAMIAO,COMPOSTELA,TAMIAO,TAMIAO,2500.0,,
COMPOSTELA,TUBIGAN,COMPOSTELA,TUBIGAN,TUBIGAN,625.0,,
CONSOLACION,CABANGAHAN,CONSOLACION,CABANGAHAN,CABANGAHAN,1700.0,,
CONSOLACION,CANSAGA,CONSOLACION,CANSAGA,CANSAGA,3625.0,5000.0,
CONSOLACION,CASILI,CONSOLACION,CASILI,CASILI,3650.0,,
CONSOLACION,DANGLAG,CONSOLACION,DANGLAG,DANGLAG,2400.0,4000.0,
CONSOLACION,GARING,CONSOLACION,GARING,GARING,1625.0,,
CONSOLACION,JUGAN,CONSOLACION,JUGAN,JUGAN,2400.0,,
CONSOLACION,LAMAC,CONSOLACION,LAMAC,LAMAC,3650.0,4000.0,
CONSOLACION,LANIPGA,CONSOLACION,LANIPGA,LANIPGA,1470.0,,
CONSOLACION,NANGKA,CONSOLACION,NANGKA,NANGKA,2400.0,,
CONSOLACION,PANAS,CONSOLACION,PANAS,PANAS,1400.0,,
CONSOLACION,PANOYPOY,CONSOLACION,PANOYPOY,PANOYPOY,500.0,,
CONSOLACION,PITOGO,CONSOLACION,PITOGO,PITOGO,2400.0,3350.0,
CONSOLACION,POBLACION OCCIDENTAL,CONSOLACION,POBLACIONOCCIDENTAL,POBLACIONOCCIDENTAL,4500.0,4000.0,
CONSOLACION,POBLACION ORIENTAL,CONSOLACION,POBLACIONORIENTAL,POBLACIONORIENTAL,5000.0,4000.0,
CONSOLACION,POLOG,CONSOLACION,POLOG,POLOG,2400.0,,
CONSOLACION,PULPOGAN,CONSOLACION,PULPOGAN,PULPOGAN,3025.0,2700.0,
CONSOLACION,SACSAC,CONSOLACION,SACSAC,SACSAC,2400.0,,
CONSOLACION,TAYOD,CONSOLACION,TAYOD,TAYOD,3650.0,4000.0,
CONSOLACION,TILHAUNG,CONSOLACION,TILHAUNG,TILHAUNG,2400.0,,
CONSOLACION,TOGBONGAN,CONSOLACION,TOGBONGAN,TOGBONGAN,3625.0,,
CONSOLACION,TOLOTOLO,CONSOLACION,TOLOTOLO,TOLOTOLO,2400.0,,
CORDOVA,ALEGRIA,CORDOVA,ALEGRIA,ALEGRIA,2250.0,3500.0,
CORDOVA,BANG-BANG,CORDOVA,BANGBANG,BANGBANG,3000.0,4000.0,
CORDOVA,BUAGSONG,CORDOVA,BUAGSONG,BUAGSONG,1750.0,2750.0,
CORDOVA,CATARMAN,CORDOVA,CATARMAN,CATARMAN,3000.0,4750.0,
CORDOVA,COGON,CORDOVA,COGON,COGON,1500.0,2500.0,
CORDOVA,DAPITAN,CORDOVA,DAPITAN,DAPITAN,3125.0,5500.0,
CORDOVA,DAY-AS,CORDOVA,DAYAS,DAYAS,2875.0,5125.0,
CORDOVA,GABI,CORDOVA,GABI,GABI,10000.0,3875.0,
CORDOVA,GILUTUNGAN ISLAND,CORDOVA,GILUTUNGANISLAND,GILUTUNGANISLAND,2375.0,2875.0,
CORDOVA,IBABAO,CORDOVA,IBABAO,IBABAO,3000.0,4250.0,
CORDOVA,PILIPOG,CORDOVA,PILIPOG,PILIPOG,4000.0,6750.0,
CORDOVA,POBLACION,CORDOVA,POBLACION,POBLACION,3125.0,4875.0,
CORDOVA,SAN MIGUEL,CORDOVA,SANMIGUEL,SANMIGUEL,4125.0,6000.0,
DAANBANTAYAN,AGUJO,DAANBANTAYAN,AGUJO,AGUJO,2000.0,2500.0,
DAANBANTAYAN,BAGAY,DAANBANTAYAN,BAGAY,BAGAY,1500.0,,
DAANBANTAYAN,BAKHAWAN,DAANBANTAYAN,BAKHAWAN,BAKHAWAN,1500.0,,
DAANBANTAYAN,BATERIA,DAANBANTAYAN,BATERIA,BATERIA,1500.0,,
DAANBANTAYAN,BITOON,DAANBANTAYAN,BITOON,BITOON,1500.0,,
DAANBANTAYAN,CALAPE,DAANBANTAYAN,CALAPE,CALAPE,1500.0,,
DAANBANTAYAN,CARNAZA,DAANBANTAYAN,CARNAZA,CARNAZA,750.0,,
DAANBANTAYAN,DALINGDING,DAANBANTAYAN,DALINGDING,DALINGDING,750.0,,
DAANBANTAYAN,LANAO,DAANBANTAYAN,LANAO,LANAO,750.0,,
DAANBANTAYAN,LOGON / MALAPASCUA ISLAND,DAANBANTAYAN,LOGONMALAPASCUAISLAND,LOGONMALAPASCUAISLAND,750.0,,
DAANBANTAYAN,MALBAGO,DAANBANTAYAN,MALBAGO,MALBAGO,1500.0,,
DAANBANTAYAN,MAYA,DAANBANTAYAN,MAYA,MAYA,2000.0,,
DAANBANTAYAN,PAJO,DAANBANTAYAN,PAJO,PAJO,750.0,,
DAANBANTAYAN,PAYPAY,DAANBANTAYAN,PAYPAY,PAYPAY,500.0,,
DAANBANTAYAN,POBLACION,DAANBANTAYAN,POBLACION,POBLACION,1500.0,2500.0,
DAANBANTAYAN,TALISAY,DAANBANTAYAN,TALISAY,TALISAY,1500.0,,
DAANBANTAYAN,TAMINJAO,DAANBANTAYAN,TAMINJAO,TAMINJAO,1500.0,,
DAANBANTAYAN,TAPILON,DAANBANTAYAN,TAPILON,TAPILON,2000.0,,
DAANBANTAYAN,TINUBDAN,DAANBANTAYAN,TINUBDAN,TINUBDAN,1500.0,,
DALAGUETE,ABLAYAN*,DALAGUETE,ABLAYAN,ABLAYAN,900.0,,
DALAGUETE,BABAYONGAN,DALAGUETE,BABAYONGAN,BABAYONGAN,700.0,,
DALAGUETE,BALUD,DALAGUETE,BALUD,BALUD,1750.0,2500.0,
DALAGUETE,BANHIGAN,DALAGUETE,BANHIGAN,BANHIGAN,1350.0,,
DALAGUETE,BULAK,DALAGUETE,BULAK,BULAK,750.0,,
DALAGUETE,CALERIOHAN,DALAGUETE,CALERIOHAN,CALERIOHAN,600.0,1000.0,
DALAGUETE,CALIONGAN,DALAGUETE,CALIONGAN,CALIONGAN,550.0,1000.0,
DALAGUETE,CASAY,DALAGUETE,CASAY,CASAY,1750.0,2500.0,
DALAGUETE,CATOLOHAN,DALAGUETE,CATOLOHAN,CATOLOHAN,550.0,1000.0,
DALAGUETE,CAWAYAN,DALAGUETE,CAWAYAN,CAWAYAN,1450.0,2500.0,
DALAGUETE,CONSOLACION,DALAGUETE,CONSOLACION,CONSOLACION,1750.0,2500.0,
DALAGUETE,CORO,DALAGUETE,CORO,CORO,1350.0,,
DALAGUETE,DUGYAN,DALAGUETE,DUGYAN,DUGYAN,600.0,,
DALAGUETE,DUMALAN,DALAGUETE,DUMALAN,DUMALAN,900.0,,
DALAGUETE,JOLOMAYNON,DALAGUETE,JOLOMAYNON,JOLOMAYNON,550.0,,
DALAGUETE,LANAO,DALAGUETE,LANAO,LANAO,550.0,,
DALAGUETE,LANGKAS,DALAGUETE,LANGKAS,LANGKAS,550.0,,
DALAGUETE,LUMBANG,DALAGUETE,LUMBANG,LUMBANG,550.0,,
DALAGUETE,MALONES,DALAGUETE,MALONES,MALONES,600.0,,
DALAGUETE,MALORAY,DALAGUETE,MALORAY,MALORAY,900.0,,
DALAGUETE,MANANGGAL,DALAGUETE,MANANGGAL,MANANGGAL,1350.0,,
DALAGUETE,MANLAPAY,DALAGUETE,MANLAPAY,MANLAPAY,950.0,,
DALAGUETE,MANTALONGON,DALAGUETE,MANTALONGON,MANTALONGON,1050.0,1500.0,
DALAGUETE,NALHUB,DALAGUETE,NALHUB,NALHUB,550.0,1000.0,
DALAGUETE,OBO,DALAGUETE,OBO,OBO,600.0,,
DALAGUETE,OBONG,DALAGUETE,OBONG,OBONG,1750.0,2500.0,
DALAGUETE,PAÑAS,DALAGUETE,PANAS,PANAS,550.0,,
DALAGUETE,POBLACION,DALAGUETE,POBLACION,POBLACION,2500.0,3500.0,
DALAGUETE,SACSAC,DALAGUETE,SACSAC,SACSAC,600.0,,
DALAGUETE,SALUG,DALAGUETE,SALUG,SALUG,700.0,,
DALAGUETE,TABON,DALAGUETE,TABON,TABON,600.0,,
DALAGUETE,TAPON,DALAGUETE,TAPON,TAPON,1750.0,2500.0,
DALAGUETE,TUBA,DALAGUETE,TUBA,TUBA,600.0,,
DANAO CITY,BALIANG,DANAO CITY,BALIANG,BALIANG,1375.0,2750.0,
DANAO CITY,BAYABAS,DANAO CITY,BAYABAS,BAYABAS,1375.0,2750.0,
DANAO CITY,BINALIW,DANAO CITY,BINALIW,BINALIW,1375.0,2750.0,
DANAO CITY,CABUNGAHAN,DANAO CITY,CABUNGAHAN,CABUNGAHAN,1375.0,2750.0,
DANAO CITY,CAGAT,DANAO CITY,CAGAT,CAGAT,1375.0,2750.0,
DANAO CITY,CAHUMAYAN,DANAO CITY,CAHUMAYAN,CAHUMAYAN,1375.0,2750.0,
DANAO CITY,CAMBANAY,DANAO CITY,CAMBANAY,CAMBANAY,1375.0,2750.0,
DANAO CITY,CAMBUBHO,DANAO CITY,CAMBUBHO,CAMBUBHO,1375.0,2750.0,
DANAO CITY,COGON CRUZ,DANAO CITY,COGONCRUZ,COGONCRUZ,1375.0,2750.0,
DANAO CITY,DANASAN,DANAO CITY,DANASAN,DANASAN,1375.0,2750.0,
DANAO CITY,DUNGA,DANAO CITY,DUNGA,DUNGA,1250.0,2500.0,
DANAO CITY,DUNGO-AN,DANAO CITY,DUNGOAN,DUNGOAN,2000.0,3000.0,
DANAO CITY,GUINACOT,DANAO CITY,GUINACOT,GUINACOT,1250.0,2500.0,
DANAO CITY,GUINSAY,DANAO CITY,GUINSAY,GUINSAY,2000.0,3000.0,
DANAO CITY,IBO,DANAO CITY,IBO,IBO,1250.0,2500.0,
DANAO CITY,LANGOSING,DANAO CITY,LANGOSING,LANGOSING,1250.0,2500.0,
DANAO CITY,LAWA-AN,DANAO CITY,LAWAAN,LAWAAN,1250.0,2500.0,
DANAO CITY,LICOS,DANAO CITY,LICOS,LICOS,1250.0,2500.0,
DANAO CITY,LO-OC,DANAO CITY,LOOC,LOOC,1250.0,2500.0,
DANAO CITY,MALAPOC,DANAO CITY,MALAPOC,MALAPOC,1250.0,2500.0,
DANAO CITY,MANLAYAG,DANAO CITY,MANLAYAG,MANLAYAG,1250.0,2500.0,
DANAO CITY,MANTIJA,DANAO CITY,MANTIJA,MANTIJA,1250.0,2500.0,
DANAO CITY,MASABA,DANAO CITY,MASABA,MASABA,1250.0,2500.0,
DANAO CITY,MASLOG,DANAO CITY,MASLOG,MASLOG,2000.0,3000.0,
DANAO CITY,MATAGOBTOB,DANAO CITY,MATAGOBTOB,MATAGOBTOB,1250.0,2500.0,
DANAO CITY,NANGKA,DANAO CITY,NANGKA,NANGKA,1250.0,2500.0,
DANAO CITY,OGIUS,DANAO CITY,OGIUS,OGIUS,1250.0,2500.0,
DANAO CITY,PILI,DANAO CITY,PILI,PILI,1250.0,2500.0,
DANAO CITY,POBLACION,DANAO CITY,POBLACION,POBLACION,2500.0,4500.0,
DANAO CITY,QUISOL,DANAO CITY,QUISOL,QUISOL,1250.0,2500.0,
DANAO CITY,SABANG,DANAO CITY,SABANG,SABANG,2000.0,3000.0,
DANAO CITY,SACSAC,DANAO CITY,SACSAC,SACSAC,1250.0,2500.0,
DANAO CITY,SANDAYONG NORTE,DANAO CITY,SANDAYONGNORTE,SANDAYONGNORTE,1250.0,2500.0,
DANAO CITY,SANDAYONG SUR,DANAO CITY,SANDAYONGSUR,SANDAYONGSUR,1250.0,2500.0,
DANAO CITY,SANTA ROSA,DANAO CITY,SANTAROSA,SANTAROSA,1250.0,2500.0,
DANAO CITY,SANTICAN,DANAO CITY,SANTICAN,SANTICAN,1250.0,2500.0,
DANAO CITY,SIBACAN,DANAO CITY,SIBACAN,SIBACAN,1250.0,2500.0,
DANAO CITY,SUBA,DANAO CITY,SUBA,SUBA,2500.0,3500.0,
DANAO CITY,TABOC,DANAO CITY,TABOC,TABOC,1000.0,2250.0,
DANAO CITY,TAYTAY,DANAO CITY,TAYTAY,TAYTAY,1250.0,2500.0,
DANAO CITY,TOGONAN,DANAO CITY,TOGONAN,TOGONAN,1250.0,2500.0,
DANAO CITY,TUBURAN SUR,DANAO CITY,TUBURANSUR,TUBURANSUR,1250.0,2500.0,
DUMANJUG,BALAYGTIKI,DUMANJUG,BALAYGTIKI,BALAYGTIKI,250.0,600.0,
DUMANJUG,BITOON,DUMANJUG,BITOON,BITOON,1250.0,2500.0,
DUMANJUG,BULAK*,DUMANJUG,BULAK,BULAK,450.0,750.0,
DUMANJUG,BULLOGAN,DUMANJUG,BULLOGAN,BULLOGAN,600.0,,
DUMANJUG,CALABOON,DUMANJUG,CALABOON,CALABOON,300.0,,
DUMANJUG,CAMBANOG,DUMANJUG,CAMBANOG,CAMBANOG,250.0,,
DUMANJUG,CAMBOANG,DUMANJUG,CAMBOANG,CAMBOANG,625.0,1400.0,
DUMANJUG,CANDABONG,DUMANJUG,CANDABONG,CANDABONG,400.0,,
DUMANJUG,COGON,DUMANJUG,COGON,COGON,1250.0,,
DUMANJUG,COTCOTON,DUMANJUG,COTCOTON,COTCOTON,300.0,,
DUMANJUG,DOL-DOL,DUMANJUG,DOLDOL,DOLDOL,650.0,,
DUMANJUG,KABALAASNAN,DUMANJUG,KABALAASNAN,KABALAASNAN,300.0,,
DUMANJUG,KABATBATAN,DUMANJUG,KABATBATAN,KABATBATAN,300.0,,
DUMANJUG,KANG-ACTOL,DUMANJUG,KANGACTOL,KANGACTOL,300.0,,
DUMANJUG,KANGHALO,DUMANJUG,KANGHALO,KANGHALO,300.0,,
DUMANJUG,KANGHUMAUD,DUMANJUG,KANGHUMAUD,KANGHUMAUD,300.0,,
DUMANJUG,KANGUHA,DUMANJUG,KANGUHA,KANGUHA,300.0,,
DUMANJUG,KANTANGKAS,DUMANJUG,KANTANGKAS,KANTANGKAS,300.0,,
DUMANJUG,KANYUKO,DUMANJUG,KANYUKO,KANYUKO,700.0,,
DUMANJUG,KOLABTINGON,DUMANJUG,KOLABTINGON,KOLABTINGON,300.0,,
DUMANJUG,LAMAK,DUMANJUG,LAMAK,LAMAK,300.0,,
DUMANJUG,LAWAAN,DUMANJUG,LAWAAN,LAWAAN,600.0,,
DUMANJUG,LIONG,DUMANJUG,LIONG,LIONG,600.0,2000.0,
DUMANJUG,LOOC,DUMANJUG,LOOC,LOOC,1800.0,,
DUMANJUG,MANLAPAY,DUMANJUG,MANLAPAY,MANLAPAY,550.0,,
DUMANJUG,MASA,DUMANJUG,MASA,MASA,300.0,,
DUMANJUG,MATALAO,DUMANJUG,MATALAO,MATALAO,300.0,,
DUMANJUG,PACULOB,DUMANJUG,PACULOB,PACULOB,600.0,,
DUMANJUG,PANLAAN,DUMANJUG,PANLAAN,PANLAAN,300.0,,
DUMANJUG,PAWA,DUMANJUG,PAWA,PAWA,300.0,,
DUMANJUG,POBLACION,DUMANJUG,POBLACION,POBLACION,2500.0,3500.0,
DUMANJUG,SIMA,DUMANJUG,SIMA,SIMA,1725.0,2600.0,
DUMANJUG,TANGIL,DUMANJUG,TANGIL,TANGIL,1350.0,3000.0,
DUMANJUG,TAPON,DUMANJUG,TAPON,TAPON,1600.0,2025.0,
DUMANJUG,TUBOD -BITOON,DUMANJUG,TUBODBITOON,TUBODBITOON,450.0,,
DUMANJUG,TUBOD-DUGOAN,DUMANJUG,TUBODDUGOAN,TUBODDUGOAN,700.0,,
DUMANJUG,YLAYA,DUMANJUG,YLAYA,YLAYA,2300.0,2800.0,
GINATILAN,ANAO,GINATILAN,ANAO,ANAO,275.0,,
GINATILAN,CAGSING*,GINATILAN,CAGSING,CAGSING,350.0,,
GINATILAN,CALABAWAN,GINATILAN,CALABAWAN,CALABAWAN,312.5,,
GINATILAN,CAMBAGTE,GINATILAN,CAMBAGTE,CAMBAGTE,275.0,,
GINATILAN,CAMPISONG,GINATILAN,CAMPISONG,CAMPISONG,262.5,,
GINATILAN,CAÑORONG*,GINATILAN,CANORONG,CANORONG,312.5,,
GINATILAN,GUIWANON,GINATILAN,GUIWANON,GUIWANON,400.0,,
GINATILAN,LOOC,GINATILAN,LOOC,LOOC,400.0,,
GINATILAN,MALATBO,GINATILAN,MALATBO,MALATBO,287.5,,
GINATILAN,MANGACO,GINATILAN,MANGACO,MANGACO,300.0,,
GINATILAN,PALANAS,GINATILAN,PALANAS,PALANAS,775.0,1000.0,
GINATILAN,POBLACION,GINATILAN,POBLACION,POBLACION,1500.0,1800.0,
GINATILAN,POBLACION continuation,GINATILAN,POBLACIONCONTINUATION,POBLACIONCONTINUATION,1000.0,1800.0,
GINATILAN,SALAMANCA,GINATILAN,SALAMANCA,SALAMANCA,275.0,,
GINATILAN,SAN ROQUE,GINATILAN,SANROQUE,SANROQUE,1500.0,1800.0,
LAPU LAPU CITY,AGUS,LAPU LAPU CITY,AGUS,AGUS,8000.0,9781.25,
LAPU LAPU CITY,BABAG,LAPU LAPU CITY,BABAG,BABAG,5500.0,13375.0,
LAPU LAPU CITY,BANKAL,LAPU LAPU CITY,BANKAL,BANKAL,6500.0,10125.0,
LAPU LAPU CITY,BARING,LAPU LAPU CITY,BARING,BARING,2250.0,3500.0,
LAPU LAPU CITY,BASAK,LAPU LAPU CITY,BASAK,BASAK,10000.0,15000.0,62500.0
LAPU LAPU CITY,BUAYA,LAPU LAPU CITY,BUAYA,BUAYA,3750.0,10500.0,
LAPU LAPU CITY,CALAWISAN,LAPU LAPU CITY,CALAWISAN,CALAWISAN,3350.0,9000.0,
LAPU LAPU CITY,CANJULAO,LAPU LAPU CITY,CANJULAO,CANJULAO,2925.0,9250.0,
LAPU LAPU CITY,CAUBIAN,LAPU LAPU CITY,CAUBIAN,CAUBIAN,1410.0,2100.0,
LAPU LAPU CITY,CAW-OY,LAPU LAPU CITY,CAWOY,CAWOY,2250.0,3500.0,
LAPU LAPU CITY,GUN-OB,LAPU LAPU CITY,GUNOB,GUNOB,5500.0,10500.0,
LAPU LAPU CITY,IBO,LAPU LAPU CITY,IBO,IBO,12000.0,17500.0,
LAPU LAPU CITY,LOOC,LAPU LAPU CITY,LOOC,LOOC,3550.0,9125.0,
LAPU LAPU CITY,MACTAN,LAPU LAPU CITY,MACTAN,MACTAN,5000.0,10500.0,107500.0
LAPU LAPU CITY,MARIBAGO,LAPU LAPU CITY,MARIBAGO,MARIBAGO,4125.0,9750.0,112500.0
LAPU LAPU CITY,MARIGONDON,LAPU LAPU CITY,MARIGONDON,MARIGONDON,9500.0,19500.0,57500.0
LAPU LAPU CITY,PAJAC,LAPU LAPU CITY,PAJAC,PAJAC,3350.0,7760.0,
LAPU LAPU CITY,PAJO,LAPU LAPU CITY,PAJO,PAJO,10000.0,20000.0,
LAPU LAPU CITY,POBLACION,LAPU LAPU CITY,POBLACION,POBLACION,9250.0,18500.0,
LAPU LAPU CITY,PUNTA ENGAÑO,LAPU LAPU CITY,PUNTAENGANO,PUNTAENGANO,7000.0,13500.0,95000.0
LAPU LAPU CITY,PUSOK,LAPU LAPU CITY,PUSOK,PUSOK,6182.5,23000.0,33750.0
LAPU LAPU CITY,SABANG,LAPU LAPU CITY,SABANG,SABANG,1500.0,2250.0,
LAPU LAPU CITY,SANTA ROSA,LAPU LAPU CITY,SANTAROSA,SANTAROSA,1750.0,2750.0,
LAPU LAPU CITY,SAN VICENTE,LAPU LAPU CITY,SANVICENTE,SANVICENTE,2875.0,3750.0,
LAPU LAPU CITY,SUBABASBAS,LAPU LAPU CITY,SUBABASBAS,SUBABASBAS,3225.0,8260.0,
LAPU LAPU CITY,TALIMA,LAPU LAPU CITY,TALIMA,TALIMA,2250.0,3500.0,
LAPU LAPU CITY,TINAGO,LAPU LAPU CITY,TINAGO,TINAGO,1500.0,2500.0,
LAPU LAPU CITY,TUNGASAN,LAPU LAPU CITY,TUNGASAN,TUNGASAN,2250.0,3500.0,
LILOAN,CABADIANGAN,LILOAN,CABADIANGAN,CABADIANGAN,2250.0,1200.0,
LILOAN,CALERO,LILOAN,CALERO,CALERO,2500.0,,
LILOAN,CATARMAN,LILOAN,CATARMAN,CATARMAN,3000.0,,
LILOAN,COTCOT,LILOAN,COTCOT,COTCOT,2500.0,,
LILOAN,JUBAY,LILOAN,JUBAY,JUBAY,3000.0,,
LILOAN,LATABAN,LILOAN,LATABAN,LATABAN,1200.0,,
LILOAN,MULAO,LILOAN,MULAO,MULAO,750.0,,
LILOAN,POBLACION,LILOAN,POBLACION,POBLACION,3125.0,4000.0,
LILOAN,SAN ROQUE,LILOAN,SANROQUE,SANROQUE,2000.0,,
LILOAN,SAN VICENTE,LILOAN,SANVICENTE,SANVICENTE,2500.0,4000.0,
LILOAN,STA. CRUZ,LILOAN,STACRUZ,STACRUZ,2000.0,3000.0,
LILOAN,TABLA,LILOAN,TABLA,TABLA,750.0,,
LILOAN,TAYUD,LILOAN,TAYUD,TAYUD,2250.0,3500.0,
LILOAN,YATI,LILOAN,YATI,YATI,3000.0,3500.0,
MADRIDEJOS,BUNAKAN,MADRIDEJOS,BUNAKAN,BUNAKAN,475.0,,
MADRIDEJOS,KANGWAYAN,MADRIDEJOS,KANGWAYAN,KANGWAYAN,475.0,,
MADRIDEJOS,KAONGKOD,MADRIDEJOS,KAONGKOD,KAONGKOD,475.0,,
MADRIDEJOS,KODIA,MADRIDEJOS,KODIA,KODIA,475.0,,
MADRIDEJOS,MAALAT,MADRIDEJOS,MAALAT,MAALAT,475.0,,
MADRIDEJOS,MALBAGO,MADRIDEJOS,MALBAGO,MALBAGO,475.0,,
MADRIDEJOS,MANCILANG,MADRIDEJOS,MANCILANG,MANCILANG,475.0,,
MADRIDEJOS,PILI,MADRIDEJOS,PILI,PILI,475.0,,
MADRIDEJOS,POBLACION,MADRIDEJOS,POBLACION,POBLACION,675.0,1075.0,
MADRIDEJOS,SAN AGUSTIN,MADRIDEJOS,SANAGUSTIN,SANAGUSTIN,475.0,,
MADRIDEJOS,TABAGAK,MADRIDEJOS,TABAGAK,TABAGAK,475.0,,
MADRIDEJOS,TALANGNAN,MADRIDEJOS,TALANGNAN,TALANGNAN,475.0,,
MADRIDEJOS,TARONG,MADRIDEJOS,TARONG,TARONG,475.0,,
MADRIDEJOS,TUGAS,MADRIDEJOS,TUGAS,TUGAS,475.0,,
MALABUYOC,ARMEÑA,MALABUYOC,ARMENA,ARMENA,1000.0,,
MALABUYOC,CERDENA,MALABUYOC,CERDENA,CERDENA,450.0,,
MALABUYOC,LABRADOR,MALABUYOC,LABRADOR,LABRADOR,450.0,,
MALABUYOC,LOMBO,MALABUYOC,LOMBO,LOMBO,450.0,,
MALABUYOC,LOOC,MALABUYOC,LOOC,LOOC,800.0,,
MALABUYOC,MAHANLUD,MALABUYOC,MAHANLUD,MAHANLUD,450.0,,
MALABUYOC,MINDANAO,MALABUYOC,MINDANAO,MINDANAO,450.0,,
MALABUYOC,MONTANEZA,MALABUYOC,MONTANEZA,MONTANEZA,1500.0,,
MALABUYOC,POBLACION I,MALABUYOC,POBLACIONI,POBLACIONI,1300.0,1900.0,
MALABUYOC,POBLACION II,MALABUYOC,POBLACIONII,POBLACIONII,1400.0,2900.0,
MALABUYOC,SALMERON,MALABUYOC,SALMERON,SALMERON,450.0,,
MALABUYOC,SORSOGON,MALABUYOC,SORSOGON,SORSOGON,450.0,,
MALABUYOC,STO. ÑINO,MALABUYOC,STONINO,STONINO,1500.0,,
MALABUYOC,TOLOSA,MALABUYOC,TOLOSA,TOLOSA,450.0,,
MANDAUE CITY,ALANG-ALANG,MANDAUE CITY,ALANGALANG,ALANGALANG,11525.0,26295.0,108900.0
MANDAUE CITY,BAKILID,MANDAUE CITY,BAKILID,BAKILID,17015.0,24120.0,130750.0
MANDAUE CITY,BANILAD,MANDAUE CITY,BANILAD,BANILAD,16115.0,22350.0,102500.0
MANDAUE CITY,BASAK,MANDAUE CITY,BASAK,BASAK,9210.0,18220.0,
MANDAUE CITY,CABANCALAN,MANDAUE CITY,CABANCALAN,CABANCALAN,17100.0,15950.0,
MANDAUE CITY,CAMBARO,MANDAUE CITY,CAMBARO,CAMBARO,10800.0,20000.0,100300.0
MANDAUE CITY,CANDUMAN,MANDAUE CITY,CANDUMAN,CANDUMAN,9770.0,15750.0,87415.0
MANDAUE CITY,CASILI,MANDAUE CITY,CASILI,CASILI,7287.5,6550.0,
MANDAUE CITY,CASUNTINGAN,MANDAUE CITY,CASUNTINGAN,CASUNTINGAN,15000.0,27500.0,
MANDAUE CITY,CENTRO,MANDAUE CITY,CENTRO,CENTRO,15000.0,27500.0,124125.0
MANDAUE CITY,CUBACUB,MANDAUE CITY,CUBACUB,CUBACUB,6037.5,8200.0,
MANDAUE CITY,GUIZO,MANDAUE CITY,GUIZO,GUIZO,12750.0,26500.0,
MANDAUE CITY,IBABAO,MANDAUE CITY,IBABAO,IBABAO,13255.0,26300.0,
MANDAUE CITY,JAGOBIAO,MANDAUE CITY,JAGOBIAO,JAGOBIAO,8515.0,16750.0,
MANDAUE CITY,LABOGON,MANDAUE CITY,LABOGON,LABOGON,10500.0,16800.0,
MANDAUE CITY,LOOC,MANDAUE CITY,LOOC,LOOC,10075.0,19000.0,
MANDAUE CITY,MAGUIKAY,MANDAUE CITY,MAGUIKAY,MAGUIKAY,10000.0,16000.0,
MANDAUE CITY,MANTUYONG,MANDAUE CITY,MANTUYONG,MANTUYONG,15750.0,25750.0,
MANDAUE CITY,OPAO,MANDAUE CITY,OPAO,OPAO,11000.0,15955.0,
MANDAUE CITY,PAGSABUNGAN,MANDAUE CITY,PAGSABUNGAN,PAGSABUNGAN,16400.0,20100.0,127500.0
MANDAUE CITY,PAKNA-AN,MANDAUE CITY,PAKNAAN,PAKNAAN,10500.0,16800.0,
MANDAUE CITY,SUBANGDAKU,MANDAUE CITY,SUBANGDAKU,SUBANGDAKU,23575.0,68750.0,132500.0
MANDAUE CITY,TABOK,MANDAUE CITY,TABOK,TABOK,10910.0,19260.0,
MANDAUE CITY,TAWASON,MANDAUE CITY,TAWASON,TAWASON,4875.0,7820.0,
MANDAUE CITY,TINGUB,MANDAUE CITY,TINGUB,TINGUB,9155.0,16375.0,
MANDAUE CITY,TIPOLO,MANDAUE CITY,TIPOLO,TIPOLO,21150.0,41250.0,60000.0
MANDAUE CITY,UMAPAD,MANDAUE CITY,UMAPAD,UMAPAD,11550.0,12360.0,
MEDELLIN,ANTIPOLO,MEDELLIN,ANTIPOLO,ANTIPOLO,1300.0,2500.0,
MEDELLIN,CANHABAGAT,MEDELLIN,CANHABAGAT,CANHABAGAT,1300.0,2500.0,
MEDELLIN,CAPUTATAN NORTE / CAPUTATAN SUR,MEDELLIN,CAPUTATANNORTECAPUTATANSUR,CAPUTATANNORTECAPUTATANSUR,675.0,1000.0,
MEDELLIN,CURVA,MEDELLIN,CURVA,CURVA,675.0,1000.0,
MEDELLIN,DAANG LUNGSOD,MEDELLIN,DAANGLUNGSOD,DAANGLUNGSOD,675.0,1000.0,
MEDELLIN,DALINGDING SUR,MEDELLIN,DALINGDINGSUR,DALINGDINGSUR,675.0,1000.0,
MEDELLIN,DAYHAGON,MEDELLIN,DAYHAGON,DAYHAGON,675.0,1000.0,
MEDELLIN,DON VIRGILIO,MEDELLIN,DONVIRGILIO,DONVIRGILIO,675.0,1000.0,
MEDELLIN,GIBITNGIL,MEDELLIN,GIBITNGIL,GIBITNGIL,625.0,1000.0,
MEDELLIN,KAWIT,MEDELLIN,KAWIT,KAWIT,2000.0,3000.0,
MEDELLIN,LAMINTAK NORTE / LAMINTAK SUR,MEDELLIN,LAMINTAKNORTELAMINTAKSUR,LAMINTAKNORTELAMINTAKSUR,675.0,1000.0,
MEDELLIN,LUY-A,MEDELLIN,LUYA,LUYA,1300.0,3000.0,
MEDELLIN,MAHARUHAY,MEDELLIN,MAHARUHAY,MAHARUHAY,675.0,1000.0,
MEDELLIN,MAHAWAK,MEDELLIN,MAHAWAK,MAHAWAK,1300.0,3000.0,
MEDELLIN,PANUGNAWAN,MEDELLIN,PANUGNAWAN,PANUGNAWAN,675.0,1000.0,
MEDELLIN,POBLACION,MEDELLIN,POBLACION,POBLACION,2000.0,4000.0,
MEDELLIN,TINDOG,MEDELLIN,TINDOG,TINDOG,675.0,1000.0,
MINGLANILLA,CALAJO-AN,MINGLANILLA,CALAJOAN,CALAJOAN,7000.0,10937.5,
MINGLANILLA,CAMP 7,MINGLANILLA,CAMP7,CAMP7,1350.0,,
MINGLANILLA,CAMP 8,MINGLANILLA,CAMP8,CAMP8,1375.0,,
MINGLANILLA,CANDULAWAN,MINGLANILLA,CANDULAWAN,CANDULAWAN,6875.0,,
MINGLANILLA,CUANOS,MINGLANILLA,CUANOS,CUANOS,3562.5,,
MINGLANILLA,GUINDARUHAN,MINGLANILLA,GUINDARUHAN,GUINDARUHAN,2662.5,,
MINGLANILLA,LINAO,MINGLANILLA,LINAO,LINAO,7000.0,20000.0,
MINGLANILLA,MANDU-ANG,MINGLANILLA,MANDUANG,MANDUANG,1281.25,,
MINGLANILLA,PAKIGNE,MINGLANILLA,PAKIGNE,PAKIGNE,6500.0,20000.0,
MINGLANILLA,POBLACION,MINGLANILLA,POBLACION,POBLACION,9000.0,11000.0,
MINGLANILLA,TUBOD,MINGLANILLA,TUBOD,TUBOD,6500.0,8000.0,
MINGLANILLA,TULAY,MINGLANILLA,TULAY,TULAY,10250.0,17500.0,
MINGLANILLA,TUNGHA-AN,MINGLANILLA,TUNGHAAN,TUNGHAAN,7000.0,14000.0,70000.0
MINGLANILLA,TUNGKIL,MINGLANILLA,TUNGKIL,TUNGKIL,7000.0,8000.0,
MINGLANILLA,TUNGKOP,MINGLANILLA,TUNGKOP,TUNGKOP,7000.0,18000.0,
MINGLANILLA,VITO,MINGLANILLA,VITO,VITO,7500.0,,
MOALBOAL,AGBALANGA,MOALBOAL,AGBALANGA,AGBALANGA,150.0,,
MOALBOAL,BALA,MOALBOAL,BALA,BALA,250.0,,
MOALBOAL,BALABAGON,MOALBOAL,BALABAGON,BALABAGON,500.0,1000.0,
MOALBOAL,BASDIOT,MOALBOAL,BASDIOT,BASDIOT,600.0,2000.0,
MOALBOAL,BATADBATAD,MOALBOAL,BATADBATAD,BATADBATAD,200.0,,
MOALBOAL,BUGHO,MOALBOAL,BUGHO,BUGHO,475.0,1000.0,
MOALBOAL,BUGUIL,MOALBOAL,BUGUIL,BUGUIL,90.0,,
MOALBOAL,BUSAY,MOALBOAL,BUSAY,BUSAY,255.0,,
MOALBOAL,LANAO,MOALBOAL,LANAO,LANAO,270.0,,
MOALBOAL,POBLACION,MOALBOAL,POBLACION,POBLACION,1500.0,2250.0,
MOALBOAL,SAAVEDRA,MOALBOAL,SAAVEDRA,SAAVEDRA,1000.0,1750.0,
MOALBOAL,TOMONOY,MOALBOAL,TOMONOY,TOMONOY,800.0,1500.0,
MOALBOAL,TUBLE,MOALBOAL,TUBLE,TUBLE,1050.0,2000.0,
MOALBOAL,TUNGA,MOALBOAL,TUNGA,TUNGA,700.0,1500.0,
NAGA CITY,ALPACO,NAGA CITY,ALPACO,ALPACO,700.0,,
NAGA CITY,BAIRAN,NAGA CITY,BAIRAN,BAIRAN,925.0,,
NAGA CITY,BALIRONG,NAGA CITY,BALIRONG,BALIRONG,1100.0,,
NAGA CITY,CABUNGAHAN,NAGA CITY,CABUNGAHAN,CABUNGAHAN,800.0,,
NAGA CITY,CANTAO-AN,NAGA CITY,CANTAOAN,CANTAOAN,1375.0,,
NAGA CITY,COGON,NAGA CITY,COGON,COGON,725.0,,
NAGA CITY,COLON,NAGA CITY,COLON,COLON,7125.0,14500.0,
NAGA CITY,INAYAGAN,NAGA CITY,INAYAGAN,INAYAGAN,9250.0,15000.0,
NAGA CITY,INUBURAN,NAGA CITY,INUBURAN,INUBURAN,6500.0,11000.0,
NAGA CITY,JAGUIMIT,NAGA CITY,JAGUIMIT,JAGUIMIT,850.0,,
NAGA CITY,LANAS,NAGA CITY,LANAS,LANAS,1000.0,,
NAGA CITY,LANGTAD,NAGA CITY,LANGTAD,LANGTAD,7750.0,13000.0,
NAGA CITY,LUTAC,NAGA CITY,LUTAC,LUTAC,1100.0,3000.0,
NAGA CITY,MAINIT,NAGA CITY,MAINIT,MAINIT,2100.0,4000.0,
NAGA CITY,MAYANA,NAGA CITY,MAYANA,MAYANA,800.0,,
NAGA CITY,NAALAD,NAGA CITY,NAALAD,NAALAD,2000.0,5000.0,
NAGA CITY,PANGDAN,NAGA CITY,PANGDAN,PANGDAN,2000.0,8000.0,
NAGA CITY,PATAG,NAGA CITY,PATAG,PATAG,750.0,,
NAGA CITY,POBLACION,NAGA CITY,POBLACION,POBLACION,12000.0,16000.0,
NAGA CITY,TAGJAGUIMIT,NAGA CITY,TAGJAGUIMIT,TAGJAGUIMIT,750.0,,
NAGA CITY,TANGKE,NAGA CITY,TANGKE,TANGKE,4000.0,8000.0,
NAGA CITY,TINAAN,NAGA CITY,TINAAN,TINAAN,5000.0,13250.0,
NAGA CITY,TUYAN,NAGA CITY,TUYAN,TUYAN,7000.0,12000.0,
NAGA CITY,ULING,NAGA CITY,ULING,ULING,1250.0,,
OSLOB,ALO,OSLOB,ALO,ALO,675.0,,
OSLOB,BANGCOGON,OSLOB,BANGCOGON,BANGCOGON,1125.0,,
OSLOB,BONBON,OSLOB,BONBON,BONBON,1125.0,,
OSLOB,CALUMPANG,OSLOB,CALUMPANG,CALUMPANG,1125.0,,
OSLOB,CAÑANG,OSLOB,CANANG,CANANG,175.0,,
OSLOB,CANANGKA-AN,OSLOB,CANANGKAAN,CANANGKAAN,127.5,,
OSLOB,CANSALO-AY,OSLOB,CANSALOAY,CANSALOAY,127.5,,
OSLOB,CAN-UKBAN,OSLOB,CANUKBAN,CANUKBAN,127.5,,
OSLOB,DAAN LUNGSOD,OSLOB,DAANLUNGSOD,DAANLUNGSOD,1000.0,,
OSLOB,GAWI,OSLOB,GAWI,GAWI,1125.0,,
OSLOB,HAGDAN,OSLOB,HAGDAN,HAGDAN,1125.0,,
OSLOB,LAGUNDE,OSLOB,LAGUNDE,LAGUNDE,1250.0,,
OSLOB,LOOC,OSLOB,LOOC,LOOC,1250.0,,
OSLOB,LUKA,OSLOB,LUKA,LUKA,767.5,,
OSLOB,MAINIT,OSLOB,MAINIT,MAINIT,757.5,,
OSLOB,MANLUM,OSLOB,MANLUM,MANLUM,150.0,,
OSLOB,NUEVA CACERES,OSLOB,NUEVACACERES,NUEVACACERES,750.0,1000.0,
OSLOB,POBLACION,OSLOB,POBLACION,POBLACION,1000.0,2000.0,
OSLOB,PUNGTOD,OSLOB,PUNGTOD,PUNGTOD,1000.0,2000.0,
OSLOB,TANAWAN,OSLOB,TANAWAN,TANAWAN,1375.0,3000.0,
OSLOB,TUMALOG,OSLOB,TUMALOG,TUMALOG,325.0,,
PILAR,BIASONG,PILAR,BIASONG,BIASONG,800.0,,
PILAR,CAWIT,PILAR,CAWIT,CAWIT,900.0,,
PILAR,DAPDAP,PILAR,DAPDAP,DAPDAP,800.0,,
PILAR,ESPERANZA,PILAR,ESPERANZA,ESPERANZA,800.0,,
PILAR,LANAO,PILAR,LANAO,LANAO,900.0,,
PILAR,MAABOG / MOABOG,PILAR,MAABOGMOABOG,MAABOGMOABOG,900.0,,
PILAR,MONTSERRAT,PILAR,MONTSERRAT,MONTSERRAT,800.0,,
PILAR,OPAO / IMELDA,PILAR,OPAOIMELDA,OPAOIMELDA,800.0,,
PILAR,POBLACION PROPER,PILAR,POBLACIONPROPER,POBLACIONPROPER,900.0,1500.0,
PILAR,SAN ISIDRO,PILAR,SANISIDRO,SANISIDRO,800.0,,
PILAR,SAN JUAN,PILAR,SANJUAN,SANJUAN,800.0,,
PILAR,VILLAHERMOSA,PILAR,VILLAHERMOSA,VILLAHERMOSA,800.0,,
PINAMUNGAJAN,ANISLAG,PINAMUNGAJAN,ANISLAG,ANISLAG,325.0,,
PINAMUNGAJAN,ANOPOG,PINAMUNGAJAN,ANOPOG,ANOPOG,350.0,,
PINAMUNGAJAN,BINABAG,PINAMUNGAJAN,BINABAG,BINABAG,350.0,,
PINAMUNGAJAN,BUHINGTUBIG,PINAMUNGAJAN,BUHINGTUBIG,BUHINGTUBIG,325.0,,
PINAMUNGAJAN,BUSAY,PINAMUNGAJAN,BUSAY,BUSAY,350.0,,
PINAMUNGAJAN,BUTONG**,PINAMUNGAJAN,BUTONG,BUTONG,350.0,,
PINAMUNGAJAN,CABIANGON,PINAMUNGAJAN,CABIANGON,CABIANGON,500.0,,
PINAMUNGAJAN,CAMUGAO,PINAMUNGAJAN,CAMUGAO,CAMUGAO,300.0,,
PINAMUNGAJAN,DUANGAN,PINAMUNGAJAN,DUANGAN,DUANGAN,300.0,,
PINAMUNGAJAN,GUIMBAWIAN,PINAMUNGAJAN,GUIMBAWIAN,GUIMBAWIAN,300.0,,
PINAMUNGAJAN,LAMAC,PINAMUNGAJAN,LAMAC,LAMAC,500.0,800.0,
PINAMUNGAJAN,LUT-OD,PINAMUNGAJAN,LUTOD,LUTOD,300.0,,
PINAMUNGAJAN,MANGOTO,PINAMUNGAJAN,MANGOTO,MANGOTO,650.0,,
PINAMUNGAJAN,OPAO,PINAMUNGAJAN,OPAO,OPAO,300.0,,
PINAMUNGAJAN,PANDACAN,PINAMUNGAJAN,PANDACAN,PANDACAN,800.0,1000.0,
PINAMUNGAJAN,POBLACION,PINAMUNGAJAN,POBLACION,POBLACION,2000.0,3000.0,
PINAMUNGAJAN,PUNOD,PINAMUNGAJAN,PUNOD,PUNOD,400.0,,
PINAMUNGAJAN,RIZAL,PINAMUNGAJAN,RIZAL,RIZAL,425.0,,
PINAMUNGAJAN,SACSAC,PINAMUNGAJAN,SACSAC,SACSAC,500.0,,
PINAMUNGAJAN,SAMBAGON,PINAMUNGAJAN,SAMBAGON,SAMBAGON,500.0,,
PINAMUNGAJAN,SIBAGO,PINAMUNGAJAN,SIBAGO,SIBAGO,350.0,,
PINAMUNGAJAN,TAJAO,PINAMUNGAJAN,TAJAO,TAJAO,1500.0,2000.0,
PINAMUNGAJAN,TANGUB,PINAMUNGAJAN,TANGUB,TANGUB,300.0,,
PINAMUNGAJAN,TANIBAG,PINAMUNGAJAN,TANIBAG,TANIBAG,300.0,,
PINAMUNGAJAN,TUPAS,PINAMUNGAJAN,TUPAS,TUPAS,300.0,,
PINAMUNGAJAN,TUTAY,PINAMUNGAJAN,TUTAY,TUTAY,600.0,,
PORO,ADELA,PORO,ADELA,ADELA,700.0,1150.0,
PORO,ALTAVISTA,PORO,ALTAVISTA,ALTAVISTA,700.0,1150.0,
PORO,CAGCAGAN / GARCIANO,PORO,CAGCAGANGARCIANO,CAGCAGANGARCIANO,700.0,1150.0,
PORO,CANSABUSAB / SOSMEÑA,PORO,CANSABUSABSOSMENA,CANSABUSABSOSMENA,700.0,1150.0,
PORO,DAAN PAZ,PORO,DAANPAZ,DAANPAZ,700.0,1150.0,
PORO,LIBERTAD,PORO,LIBERTAD,LIBERTAD,750.0,1200.0,
PORO,MABINI,PORO,MABINI,MABINI,800.0,1400.0,
PORO,MERCEDES,PORO,MERCEDES,MERCEDES,700.0,1150.0,
PORO,PAGSA,PORO,PAGSA,PAGSA,700.0,1150.0,
PORO,PAZ / SANTAROSA,PORO,PAZSANTAROSA,PAZSANTAROSA,700.0,1150.0,
PORO,POBLACION PROPER,PORO,POBLACIONPROPER,POBLACIONPROPER,1500.0,2625.0,
PORO,SAN JOSE,PORO,SANJOSE,SANJOSE,700.0,1150.0,
PORO,SANTA RITA,PORO,SANTARITA,SANTARITA,700.0,1150.0,
PORO,TEGUIS / MARTINEZ,PORO,TEGUISMARTINEZ,TEGUISMARTINEZ,700.0,1150.0,
RONDA,BUTONG,RONDA,BUTONG,BUTONG,362.5,,
RONDA,CAN-ABUHON,RONDA,CANABUHON,CANABUHON,187.5,,
RONDA,CANDULING,RONDA,CANDULING,CANDULING,325.0,1000.0,
RONDA,CANSALONOY,RONDA,CANSALONOY,CANSALONOY,125.0,,
RONDA,CANSAYAHON,RONDA,CANSAYAHON,CANSAYAHON,325.0,,
RONDA,ILAYA,RONDA,ILAYA,ILAYA,300.0,,
RONDA,LANGIN,RONDA,LANGIN,LANGIN,120.0,,
RONDA,LIBOO*,RONDA,LIBOO,LIBOO,175.0,,
RONDA,MALALAY,RONDA,MALALAY,MALALAY,210.0,,
RONDA,PALANAS,RONDA,PALANAS,PALANAS,600.0,,
RONDA,POBLACION,RONDA,POBLACION,POBLACION,1100.0,1200.0,
RONDA,STA CRUZ,RONDA,STACRUZ,STACRUZ,825.0,,
RONDA,TUPAS,RONDA,TUPAS,TUPAS,200.0,,
RONDA,VIVE,RONDA,VIVE,VIVE,250.0,,
SAMBOAN,BASAK,SAMBOAN,BASAK,BASAK,425.0,,
SAMBOAN,BONBON,SAMBOAN,BONBON,BONBON,500.0,,
SAMBOAN,BULANGSURAN,SAMBOAN,BULANGSURAN,BULANGSURAN,400.0,,
SAMBOAN,CAMBIGONG,SAMBOAN,CAMBIGONG,CAMBIGONG,375.0,,
SAMBOAN,CAMBUROY,SAMBOAN,CAMBUROY,CAMBUROY,375.0,,
SAMBOAN,CANORONG,SAMBOAN,CANORONG,CANORONG,375.0,,
SAMBOAN,COLASE,SAMBOAN,COLASE,COLASE,550.0,,
SAMBOAN,DALAHIKAN,SAMBOAN,DALAHIKAN,DALAHIKAN,600.0,,
SAMBOAN,JUMANGPAS,SAMBOAN,JUMANGPAS,JUMANGPAS,375.0,,
SAMBOAN,KALATAGAN,SAMBOAN,KALATAGAN,KALATAGAN,375.0,,
SAMBOAN,MONTEVERDE,SAMBOAN,MONTEVERDE,MONTEVERDE,325.0,,
SAMBOAN,POBLACION,SAMBOAN,POBLACION,POBLACION,1000.0,1500.0,
SAMBOAN,SAN SEBASTIAN,SAMBOAN,SANSEBASTIAN,SANSEBASTIAN,600.0,1500.0,
SAMBOAN,SUBA,SAMBOAN,SUBA,SUBA,600.0,,
SAMBOAN,TANGBO,SAMBOAN,TANGBO,TANGBO,600.0,,
SAN FERNANDO,BALUD,SAN FERNANDO,BALUD,BALUD,4600.0,9000.0,
SAN FERNANDO,BALUNGAG,SAN FERNANDO,BALUNGAG,BALUNGAG,950.0,,
SAN FERNANDO,BASAK,SAN FERNANDO,BASAK,BASAK,1750.0,,
SAN FERNANDO,BUGHO,SAN FERNANDO,BUGHO,BUGHO,950.0,,
SAN FERNANDO,CABATBATAN,SAN FERNANDO,CABATBATAN,CABATBATAN,1400.0,,
SAN FERNANDO,GREENHILLS,SAN FERNANDO,GREENHILLS,GREENHILLS,2400.0,,
SAN FERNANDO,ILAYA,SAN FERNANDO,ILAYA,ILAYA,2000.0,,
SAN FERNANDO,LANTAWAN,SAN FERNANDO,LANTAWAN,LANTAWAN,1700.0,,
SAN FERNANDO,LIBURON,SAN FERNANDO,LIBURON,LIBURON,1200.0,,
SAN FERNANDO,MAGSICO,SAN FERNANDO,MAGSICO,MAGSICO,1650.0,,
SAN FERNANDO,NORTH POBLACION,SAN FERNANDO,NORTHPOBLACION,NORTHPOBLACION,6600.0,8250.0,
SAN FERNANDO,PANADTARAN,SAN FERNANDO,PANADTARAN,PANADTARAN,5300.0,8000.0,
SAN FERNANDO,PITALO,SAN FERNANDO,PITALO,PITALO,6000.0,14000.0,
SAN FERNANDO,SANGAT,SAN FERNANDO,SANGAT,SANGAT,4000.0,6400.0,
SAN FERNANDO,SAN ISIDRO,SAN FERNANDO,SANISIDRO,SANISIDRO,4600.0,6400.0,
SAN FERNANDO,SOUTH POBLACION,SAN FERNANDO,SOUTHPOBLACION,SOUTHPOBLACION,6400.0,9200.0,
SAN FERNANDO,TABIONAN,SAN FERNANDO,TABIONAN,TABIONAN,1900.0,,
SAN FERNANDO,TAÑAÑAS,SAN FERNANDO,TANANAS,TANANAS,2000.0,,
SAN FERNANDO,TINUBDAN,SAN FERNANDO,TINUBDAN,TINUBDAN,1700.0,,
SAN FERNANDO,TONGO,SAN FERNANDO,TONGO,TONGO,2000.0,,
SAN FERNANDO,TUBOD,SAN FERNANDO,TUBOD,TUBOD,900.0,,
SAN FRANCISCO,CABUNGA-AN,SAN FRANCISCO,CABUNGAAN,CABUNGAAN,1750.0,2500.0,
SAN FRANCISCO,CAMPO,SAN FRANCISCO,CAMPO,CAMPO,650.0,1750.0,
SAN FRANCISCO,CONSUELO,SAN FRANCISCO,CONSUELO,CONSUELO,1750.0,2750.0,
SAN FRANCISCO,DAAN MONTE / MONTE ALEGRE,SAN FRANCISCO,DAANMONTEMONTEALEGRE,DAANMONTEMONTEALEGRE,1000.0,1750.0,
SAN FRANCISCO,ESPERANZA,SAN FRANCISCO,ESPERANZA,ESPERANZA,1750.0,2500.0,
SAN FRANCISCO,HIMINSULAN,SAN FRANCISCO,HIMINSULAN,HIMINSULAN,1750.0,2750.0,
SAN FRANCISCO,POBLACION,SAN FRANCISCO,POBLACION,POBLACION,2550.0,3387.5,
SAN FRANCISCO,SAN ISIDRO,SAN FRANCISCO,SANISIDRO,SANISIDRO,1750.0,2750.0,
SAN FRANCISCO,SANTIAGO,SAN FRANCISCO,SANTIAGO,SANTIAGO,1750.0,2750.0,
SAN FRANCISCO,SONOG,SAN FRANCISCO,SONOG,SONOG,1750.0,2750.0,
SAN FRANCISCO,STA. CRUZ,SAN FRANCISCO,STACRUZ,STACRUZ,1750.0,2500.0,
SAN FRANCISCO,UNIDOS,SAN FRANCISCO,UNIDOS,UNIDOS,1750.0,2750.0,
SAN FRANCISCO,UNION,SAN FRANCISCO,UNION,UNION,1750.0,2750.0,
SAN REMIGIO,ANAPOG,SAN REMIGIO,ANAPOG,ANAPOG,300.0,500.0,
SAN REMIGIO,ARGAWANON,SAN REMIGIO,ARGAWANON,ARGAWANON,600.0,800.0,
SAN REMIGIO,BAGTIC,SAN REMIGIO,BAGTIC,BAGTIC,175.0,250.0,
SAN REMIGIO,BANCASAN,SAN REMIGIO,BANCASAN,BANCASAN,500.0,700.0,
SAN REMIGIO,BATAD,SAN REMIGIO,BATAD,BATAD,300.0,400.0,
SAN REMIGIO,BUSOGON,SAN REMIGIO,BUSOGON,BUSOGON,300.0,500.0,
SAN REMIGIO,CALAMBUA,SAN REMIGIO,CALAMBUA,CALAMBUA,300.0,500.0,
SAN REMIGIO,CANAHAGAN,SAN REMIGIO,CANAHAGAN,CANAHAGAN,200.0,300.0,
SAN REMIGIO,DAPDAP,SAN REMIGIO,DAPDAP,DAPDAP,300.0,500.0,
SAN REMIGIO,GAWAYGAWAY,SAN REMIGIO,GAWAYGAWAY,GAWAYGAWAY,250.0,400.0,
SAN REMIGIO,HAGNAYA,SAN REMIGIO,HAGNAYA,HAGNAYA,800.0,1000.0,
SAN REMIGIO,KAYAM,SAN REMIGIO,KAYAM,KAYAM,300.0,500.0,
SAN REMIGIO,KINAWAHAN,SAN REMIGIO,KINAWAHAN,KINAWAHAN,300.0,500.0,
SAN REMIGIO,LAMBUSAN,SAN REMIGIO,LAMBUSAN,LAMBUSAN,300.0,500.0,
SAN REMIGIO,LAWIS,SAN REMIGIO,LAWIS,LAWIS,250.0,350.0,
SAN REMIGIO,LIBAONG,SAN REMIGIO,LIBAONG,LIBAONG,140.0,200.0,
SAN REMIGIO,LOOC,SAN REMIGIO,LOOC,LOOC,800.0,1000.0,
SAN REMIGIO,LUYANG,SAN REMIGIO,LUYANG,LUYANG,300.0,500.0,
SAN REMIGIO,MANO,SAN REMIGIO,MANO,MANO,600.0,800.0,
SAN REMIGIO,POBLACION,SAN REMIGIO,POBLACION,POBLACION,950.0,1150.0,
SAN REMIGIO,PUNTA,SAN REMIGIO,PUNTA,PUNTA,1300.0,1500.0,
SAN REMIGIO,SAB-A,SAN REMIGIO,SABA,SABA,250.0,400.0,
SAN REMIGIO,SAN MIGUEL,SAN REMIGIO,SANMIGUEL,SANMIGUEL,250.0,400.0,
SAN REMIGIO,TACUP,SAN REMIGIO,TACUP,TACUP,500.0,700.0,
SAN REMIGIO,TAMBONGON,SAN REMIGIO,TAMBONGON,TAMBONGON,500.0,700.0,
SAN REMIGIO,TO-ONG,SAN REMIGIO,TOONG,TOONG,250.0,400.0,
SAN REMIGIO,VICTORIA,SAN REMIGIO,VICTORIA,VICTORIA,500.0,700.0,
SANTANDER,BUNLAN,SANTANDER,BUNLAN,BUNLAN,450.0,,
SANTANDER,CABUTONGAN,SANTANDER,CABUTONGAN,CABUTONGAN,350.0,,
SANTANDER,CANDAMIANG,SANTANDER,CANDAMIANG,CANDAMIANG,400.0,,
SANTANDER,CANLUMACAD,SANTANDER,CANLUMACAD,CANLUMACAD,1125.0,1750.0,
SANTANDER,LILOAN,SANTANDER,LILOAN,LILOAN,1500.0,2000.0,
SANTANDER,LIPTONG,SANTANDER,LIPTONG,LIPTONG,400.0,600.0,
SANTANDER,LOOC,SANTANDER,LOOC,LOOC,1250.0,2000.0,
SANTANDER,PASIL,SANTANDER,PASIL,PASIL,1500.0,1750.0,
SANTANDER,POBLACION,SANTANDER,POBLACION,POBLACION,1250.0,1600.0,
SANTANDER,TALISAY,SANTANDER,TALISAY,TALISAY,1250.0,1500.0,
SIBONGA,ABUGON,SIBONGA,ABUGON,ABUGON,900.0,2000.0,
SIBONGA,BAE,SIBONGA,BAE,BAE,300.0,,
SIBONGA,BAGACAY,SIBONGA,BAGACAY,BAGACAY,900.0,1500.0,
SIBONGA,BAHAY,SIBONGA,BAHAY,BAHAY,1000.0,1750.0,
SIBONGA,BANLOT,SIBONGA,BANLOT,BANLOT,300.0,,
SIBONGA,BASAK,SIBONGA,BASAK,BASAK,240.0,,
SIBONGA,BATO,SIBONGA,BATO,BATO,300.0,600.0,
SIBONGA,CAGAY,SIBONGA,CAGAY,CAGAY,240.0,,
SIBONGA,CAN-AGA,SIBONGA,CANAGA,CANAGA,250.0,,
SIBONGA,CANDAGUIT,SIBONGA,CANDAGUIT,CANDAGUIT,1000.0,1500.0,
SIBONGA,CANTOLAROY,SIBONGA,CANTOLAROY,CANTOLAROY,200.0,,
SIBONGA,DUGO-AN,SIBONGA,DUGOAN,DUGOAN,250.0,400.0,
SIBONGA,GUIMBANGCOAN,SIBONGA,GUIMBANGCOAN,GUIMBANGCOAN,300.0,,
SIBONGA,LAMACAN,SIBONGA,LAMACAN,LAMACAN,400.0,1000.0,
SIBONGA,LIBO,SIBONGA,LIBO,LIBO,300.0,,
SIBONGA,LINDOGON,SIBONGA,LINDOGON,LINDOGON,800.0,1500.0,
SIBONGA,MAGCAGONG,SIBONGA,MAGCAGONG,MAGCAGONG,280.0,,
SIBONGA,MANATAD,SIBONGA,MANATAD,MANATAD,280.0,500.0,
SIBONGA,MANGYAN,SIBONGA,MANGYAN,MANGYAN,300.0,550.0,
SIBONGA,PAPAN,SIBONGA,PAPAN,PAPAN,280.0,500.0,
SIBONGA,POBLACION,SIBONGA,POBLACION,POBLACION,1900.0,2500.0,
SIBONGA,SABANG,SIBONGA,SABANG,SABANG,800.0,1750.0,
SIBONGA,SAYAO,SIBONGA,SAYAO,SAYAO,300.0,,
SIBONGA,SIMALA,SIBONGA,SIMALA,SIMALA,1000.0,1750.0,
SIBONGA,TUBOD,SIBONGA,TUBOD,TUBOD,250.0,,
SOGOD,AMPONGOL,SOGOD,AMPONGOL,AMPONGOL,925.0,1450.0,
SOGOD,BAGAKAY,SOGOD,BAGAKAY,BAGAKAY,925.0,1450.0,
SOGOD,BAGATAYAM,SOGOD,BAGATAYAM,BAGATAYAM,1050.0,2075.0,
SOGOD,BAWO,SOGOD,BAWO,BAWO,1050.0,2075.0,
SOGOD,CABALAWAN,SOGOD,CABALAWAN,CABALAWAN,925.0,1450.0,
SOGOD,CABANGAHAN,SOGOD,CABANGAHAN,CABANGAHAN,925.0,1450.0,
SOGOD,CALUMBOYAN,SOGOD,CALUMBOYAN,CALUMBOYAN,1050.0,2075.0,
SOGOD,DAKIT,SOGOD,DAKIT,DAKIT,925.0,1575.0,
SOGOD,DAMOLOG,SOGOD,DAMOLOG,DAMOLOG,1050.0,2075.0,
SOGOD,IBABAO,SOGOD,IBABAO,IBABAO,925.0,1450.0,
SOGOD,LIKI,SOGOD,LIKI,LIKI,925.0,1450.0,
SOGOD,LUBO,SOGOD,LUBO,LUBO,925.0,1450.0,
SOGOD,MOHON,SOGOD,MOHON,MOHON,925.0,1450.0,
SOGOD,NAHUS-AN,SOGOD,NAHUSAN,NAHUSAN,925.0,1450.0,
SOGOD,PANSOY,SOGOD,PANSOY,PANSOY,925.0,1450.0,
SOGOD,POBLACION,SOGOD,POBLACION,POBLACION,1750.0,2750.0,
SOGOD,TABUNOK,SOGOD,TABUNOK,TABUNOK,1500.0,2500.0,
SOGOD,TAKAY,SOGOD,TAKAY,TAKAY,925.0,1450.0,
STA FE,BALIDBID,STA FE,BALIDBID,BALIDBID,1000.0,2000.0,
STA FE,HAGDAN,STA FE,HAGDAN,HAGDAN,800.0,1400.0,
STA FE,HILANTAGA-AN,STA FE,HILANTAGAAN,HILANTAGAAN,800.0,1400.0,
STA FE,KINATARKAN,STA FE,KINATARKAN,KINATARKAN,750.0,1400.0,
STA FE,LANGUB,STA FE,LANGUB,LANGUB,800.0,1400.0,
STA FE,MARICABAN,STA FE,MARICABAN,MARICABAN,1050.0,1900.0,
STA FE,OKOY,STA FE,OKOY,OKOY,987.5,2000.0,
STA FE,POBLACION,STA FE,POBLACION,POBLACION,2000.0,2750.0,
STA FE,POOK,STA FE,POOK,POOK,1100.0,2250.0,
STA FE,TALISAY,STA FE,TALISAY,TALISAY,1400.0,2675.0,
TABOGON,ALANG-ALANG,TABOGON,ALANGALANG,ALANGALANG,987.5,,
TABOGON,CAMOBOAN,TABOGON,CAMOBOAN,CAMOBOAN,987.5,,
TABOGON,COMBADO,TABOGON,COMBADO,COMBADO,987.5,,
TABOGON,DAAN TABOGON,TABOGON,DAANTABOGON,DAANTABOGON,987.5,,
TABOGON,ILIHAN,TABOGON,ILIHAN,ILIHAN,987.5,,
TABOGON,KAL-ANAN,TABOGON,KALANAN,KALANAN,987.5,,
TABOGON,LABANGON,TABOGON,LABANGON,LABANGON,987.5,,
TABOGON,LIBJO,TABOGON,LIBJO,LIBJO,987.5,,
TABOGON,LOONG,TABOGON,LOONG,LOONG,987.5,,
TABOGON,MABULI,TABOGON,MABULI,MABULI,987.5,,
TABOGON,MANAGASE,TABOGON,MANAGASE,MANAGASE,987.5,,
TABOGON,MASLOG,TABOGON,MASLOG,MASLOG,987.5,,
TABOGON,PIO,TABOGON,PIO,PIO,987.5,,
TABOGON,POBLACION,TABOGON,POBLACION,POBLACION,987.5,,
TABOGON,SALAG,TABOGON,SALAG,SALAG,987.5,,
TABOGON,SAMBAG,TABOGON,SAMBAG,SAMBAG,987.5,,
TABOGON,SAN ISIDRO,TABOGON,SANISIDRO,SANISIDRO,987.5,,
TABOGON,SAN VICENTE,TABOGON,SANVICENTE,SANVICENTE,987.5,,
TABOGON,SOMOSA,TABOGON,SOMOSA,SOMOSA,987.5,,
TABOGON,TABA-AO,TABOGON,TABAAO,TABAAO,987.5,,
TABOGON,TAPUL,TABOGON,TAPUL,TAPUL,987.5,,
TABUELAN,BONGON,TABUELAN,BONGON,BONGON,1575.0,3150.0,
TABUELAN,CANTUBA-ON,TABUELAN,CANTUBAON,CANTUBAON,1575.0,,
TABUELAN,DALID,TABUELAN,DALID,DALID,1575.0,,
TABUELAN,KANLIM-AO,TABUELAN,KANLIMAO,KANLIMAO,1575.0,,
TABUELAN,KANLUHANGON,TABUELAN,KANLUHANGON,KANLUHANGON,1575.0,,
TABUELAN,MABUNAO,TABUELAN,MABUNAO,MABUNAO,1575.0,,
TABUELAN,MARAVILLA,TABUELAN,MARAVILLA,MARAVILLA,1575.0,,
TABUELAN,OLIVO,TABUELAN,OLIVO,OLIVO,1575.0,,
TABUELAN,POBLACION,TABUELAN,POBLACION,POBLACION,1575.0,3150.0,
TABUELAN,TABUNOK,TABUELAN,TABUNOK,TABUNOK,1575.0,,
TABUELAN,TIGBAWAN,TABUELAN,TIGBAWAN,TIGBAWAN,1575.0,,
TABUELAN,VILLAHERMOSA,TABUELAN,VILLAHERMOSA,VILLAHERMOSA,1575.0,,
TALISAY CITY,BIASONG,TALISAY CITY,BIASONG,BIASONG,8300.0,,
TALISAY CITY,BULACAO,TALISAY CITY,BULACAO,BULACAO,9000.0,35000.0,
TALISAY CITY,CAMP 4,TALISAY CITY,CAMP4,CAMP4,1300.0,,
TALISAY CITY,CANDULAWAN,TALISAY CITY,CANDULAWAN,CANDULAWAN,8650.0,,
TALISAY CITY,CANSOJONG,TALISAY CITY,CANSOJONG,CANSOJONG,9500.0,17500.0,
TALISAY CITY,DUMLOG,TALISAY CITY,DUMLOG,DUMLOG,9200.0,21000.0,
TALISAY CITY,JACLUPAN,TALISAY CITY,JACLUPAN,JACLUPAN,1600.0,,
TALISAY CITY,LAGTANG,TALISAY CITY,LAGTANG,LAGTANG,8000.0,16000.0,
TALISAY CITY,LAWAAN-I,TALISAY CITY,LAWAANI,LAWAANI,11000.0,21000.0,
TALISAY CITY,LAWAAN-II,TALISAY CITY,LAWAANII,LAWAANII,9150.0,18750.0,
TALISAY CITY,LAWAAN-III,TALISAY CITY,LAWAANIII,LAWAANIII,9000.0,15000.0,90000.0
TALISAY CITY,LINAO,TALISAY CITY,LINAO,LINAO,8500.0,16500.0,
TALISAY CITY,MAGHAWAY,TALISAY CITY,MAGHAWAY,MAGHAWAY,6000.0,,
TALISAY CITY,MANIPIS,TALISAY CITY,MANIPIS,MANIPIS,1550.0,,
TALISAY CITY,MOHON,TALISAY CITY,MOHON,MOHON,10000.0,21000.0,
TALISAY CITY,POBLACION,TALISAY CITY,POBLACION,POBLACION,10500.0,15000.0,
TALISAY CITY,POOC,TALISAY CITY,POOC,POOC,11800.0,14000.0,
TALISAY CITY,SAN ISIDRO,TALISAY CITY,SANISIDRO,SANISIDRO,10500.0,22500.0,
TALISAY CITY,SAN ROQUE,TALISAY CITY,SANROQUE,SANROQUE,9500.0,24000.0,
TALISAY CITY,TABUNOK,TALISAY CITY,TABUNOK,TABUNOK,11300.0,24000.0,
TALISAY CITY,TANGKE,TALISAY CITY,TANGKE,TANGKE,7500.0,11750.0,15000.0
TALISAY CITY,TAPUL,TALISAY CITY,TAPUL,TAPUL,1000.0,,
TOLEDO CITY,AWIHAO,TOLEDO CITY,AWIHAO,AWIHAO,1500.0,,
TOLEDO CITY,BAGACAY,TOLEDO CITY,BAGACAY,BAGACAY,600.0,,
TOLEDO CITY,BATO,TOLEDO CITY,BATO,BATO,3250.0,,
TOLEDO CITY,BIGA,TOLEDO CITY,BIGA,BIGA,600.0,,
TOLEDO CITY,BULONGAN,TOLEDO CITY,BULONGAN,BULONGAN,762.5,,
TOLEDO CITY,BUNGA,TOLEDO CITY,BUNGA,BUNGA,887.5,,
TOLEDO CITY,CABITO-ONAN,TOLEDO CITY,CABITOONAN,CABITOONAN,2300.0,,
TOLEDO CITY,CALONGCALONG,TOLEDO CITY,CALONGCALONG,CALONGCALONG,1525.0,,
TOLEDO CITY,CAMBANG-UG,TOLEDO CITY,CAMBANGUG,CAMBANGUG,875.0,,
TOLEDO CITY,CAMPO 8,TOLEDO CITY,CAMPO8,CAMPO8,1025.0,,
TOLEDO CITY,CANLUMAPAO,TOLEDO CITY,CANLUMAPAO,CANLUMAPAO,825.0,1250.0,
TOLEDO CITY,CANTABACO,TOLEDO CITY,CANTABACO,CANTABACO,1375.0,,
TOLEDO CITY,CAPT. CLAUDIO,TOLEDO CITY,CAPTCLAUDIO,CAPTCLAUDIO,1000.0,,
TOLEDO CITY,CARMEN,TOLEDO CITY,CARMEN,CARMEN,750.0,1250.0,
TOLEDO CITY,CITY PROPER,TOLEDO CITY,CITYPROPER,CITYPROPER,8000.0,13000.0,
TOLEDO CITY,DAANLUNGSOD*,TOLEDO CITY,DAANLUNGSOD,DAANLUNGSOD,2825.0,8750.0,
TOLEDO CITY,DON ANDRES SORIANO,TOLEDO CITY,DONANDRESSORIANO,DONANDRESSORIANO,3250.0,5200.0,
TOLEDO CITY,DUMLOG,TOLEDO CITY,DUMLOG,DUMLOG,2000.0,4000.0,
TOLEDO CITY,GEN. CLIMACO,TOLEDO CITY,GENCLIMACO,GENCLIMACO,825.0,,
TOLEDO CITY,IBO,TOLEDO CITY,IBO,IBO,2312.5,3750.0,
TOLEDO CITY,ILIHAN,TOLEDO CITY,ILIHAN,ILIHAN,2250.0,4500.0,
TOLEDO CITY,LANDAHAN,TOLEDO CITY,LANDAHAN,LANDAHAN,575.0,1500.0,
TOLEDO CITY,LUAY,TOLEDO CITY,LUAY,LUAY,462.5,,
TOLEDO CITY,LURAY II,TOLEDO CITY,LURAYII,LURAYII,4400.0,6750.0,
TOLEDO CITY,MAGDUGO,TOLEDO CITY,MAGDUGO,MAGDUGO,1750.0,4750.0,
TOLEDO CITY,MATAB-ANG,TOLEDO CITY,MATABANG,MATABANG,2500.0,,
TOLEDO CITY,MEDIA ONCE,TOLEDO CITY,MEDIAONCE,MEDIAONCE,1450.0,3500.0,
TOLEDO CITY,PANGAMIHAN,TOLEDO CITY,PANGAMIHAN,PANGAMIHAN,575.0,,
TOLEDO CITY,POOG,TOLEDO CITY,POOG,POOG,1850.0,3750.0,
TOLEDO CITY,PUTING BATO,TOLEDO CITY,PUTINGBATO,PUTINGBATO,825.0,,
TOLEDO CITY,SAGAY,TOLEDO CITY,SAGAY,SAGAY,825.0,,
TOLEDO CITY,SAM-ANG,TOLEDO CITY,SAMANG,SAMANG,1125.0,,
TOLEDO CITY,SANGI*,TOLEDO CITY,SANGI,SANGI,5925.0,8000.0,
TOLEDO CITY,STO. NINO,TOLEDO CITY,STONINO,STONINO,2050.0,4000.0,
TOLEDO CITY,SUBAYON,TOLEDO CITY,SUBAYON,SUBAYON,825.0,,
TOLEDO CITY,TALAVERA,TOLEDO CITY,TALAVERA,TALAVERA,1750.0,4000.0,
TOLEDO CITY,TUBOD,TOLEDO CITY,TUBOD,TUBOD,3000.0,,
TOLEDO CITY,TUNGKAY,TOLEDO CITY,TUNGKAY,TUNGKAY,550.0,,
TUBURAN,1 TO 8,TUBURAN,1TO8,1TO8,2025.0,,
TUBURAN,ALEGRIA,TUBURAN,ALEGRIA,ALEGRIA,2025.0,,
TUBURAN,AMATUGAN,TUBURAN,AMATUGAN,AMATUGAN,2025.0,,
TUBURAN,ANTIPOLO,TUBURAN,ANTIPOLO,ANTIPOLO,2025.0,,
TUBURAN,APALAN,TUBURAN,APALAN,APALAN,2025.0,,
TUBURAN,BAGASAWE,TUBURAN,BAGASAWE,BAGASAWE,2025.0,,
TUBURAN,BAKYAWAN,TUBURAN,BAKYAWAN,BAKYAWAN,2025.0,,
TUBURAN,BANGKITO,TUBURAN,BANGKITO,BANGKITO,2025.0,,
TUBURAN,BULWANG,TUBURAN,BULWANG,BULWANG,2025.0,,
TUBURAN,CARIDAD,TUBURAN,CARIDAD,CARIDAD,2025.0,,
TUBURAN,CARMELO,TUBURAN,CARMELO,CARMELO,2025.0,,
TUBURAN,COGON,TUBURAN,COGON,COGON,2025.0,,
TUBURAN,COLONIA,TUBURAN,COLONIA,COLONIA,2025.0,,
TUBURAN,DAAN LUNGSOD,TUBURAN,DAANLUNGSOD,DAANLUNGSOD,2025.0,,
TUBURAN,FORTALIZA,TUBURAN,FORTALIZA,FORTALIZA,2025.0,,
TUBURAN,GA-ANG,TUBURAN,GAANG,GAANG,2025.0,,
TUBURAN,GIMAMA-A,TUBURAN,GIMAMAA,GIMAMAA,2025.0,,
TUBURAN,JAGBUAYA,TUBURAN,JAGBUAYA,JAGBUAYA,2025.0,,
TUBURAN,KABANGKALAN,TUBURAN,KABANGKALAN,KABANGKALAN,2025.0,,
TUBURAN,KABKABAN,TUBURAN,KABKABAN,KABKABAN,2025.0,,
TUBURAN,KALANGAHAN,TUBURAN,KALANGAHAN,KALANGAHAN,2025.0,,
TUBURAN,KALUNSING,TUBURAN,KALUNSING,KALUNSING,2025.0,,
TUBURAN,KAMANSI,TUBURAN,KAMANSI,KAMANSI,2025.0,,
TUBURAN,KAMPOOT,TUBURAN,KAMPOOT,KAMPOOT,2025.0,,
TUBURAN,KAN-AN,TUBURAN,KANAN,KANAN,2025.0,,
TUBURAN,KANSI,TUBURAN,KANSI,KANSI,2025.0,,
TUBURAN,KAORASAN,TUBURAN,KAORASAN,KAORASAN,2025.0,,
TUBURAN,LIBO,TUBURAN,LIBO,LIBO,2025.0,,
TUBURAN,LUSONG,TUBURAN,LUSONG,LUSONG,2025.0,,
TUBURAN,MACUPA,TUBURAN,MACUPA,MACUPA,2025.0,,
TUBURAN,MAG-ALWA,TUBURAN,MAGALWA,MAGALWA,2025.0,,
TUBURAN,MAG-ANTOY,TUBURAN,MAGANTOY,MAGANTOY,2025.0,,
TUBURAN,MAG-ATUBANG,TUBURAN,MAGATUBANG,MAGATUBANG,2025.0,,
TUBURAN,MAGHAN-AY,TUBURAN,MAGHANAY,MAGHANAY,2025.0,,
TUBURAN,MANGGA,TUBURAN,MANGGA,MANGGA,2025.0,,
TUBURAN,MARMOL,TUBURAN,MARMOL,MARMOL,2025.0,,
TUBURAN,MOLOBOLO,TUBURAN,MOLOBOLO,MOLOBOLO,2025.0,,
TUBURAN,MONTEALEGRE,TUBURAN,MONTEALEGRE,MONTEALEGRE,2025.0,,
TUBURAN,PUTAT,TUBURAN,PUTAT,PUTAT,2025.0,,
TUBURAN,SANDAYONG,TUBURAN,SANDAYONG,SANDAYONG,2025.0,,
TUBURAN,SAN JUAN,TUBURAN,SANJUAN,SANJUAN,2025.0,,
TUBURAN,SIOTES,TUBURAN,SIOTES,SIOTES,2025.0,,
TUBURAN,STO. NIÑO,TUBURAN,STONINO,STONINO,2025.0,,
TUBURAN,SUMON,TUBURAN,SUMON,SUMON,2025.0,,
TUBURAN,TOMINJAO,TUBURAN,TOMINJAO,TOMINJAO,2025.0,,
TUBURAN,TOMUGPA,TUBURAN,TOMUGPA,TOMUGPA,2025.0,,
TUDELA,SANTANDER,TUDELA,SANTANDER,SANTANDER,875.0,1550.0,
TUDELA,VILLAHERMOSA,TUDELA,VILLAHERMOSA,VILLAHERMOSA,987.5,1500.0,
