_raw_row_index,barangay,classification,zonal_value_raw,zonal_value
0,"THE JURISDICTION OF REVENUE DISTRICT OFFICE NO. 81 - CEBU CITY NORTH, REVENUE REGION NO. 13 -",,"THE JURISDICTION OF REVENUE DISTRICT OFFICE NO. 81 - CEBU CITY NORTH, REVENUE REGION NO. 13 -",
1,CEBU CITY FOR INTERNAL REVENUE TAX PURPOSES,,CEBU CITY FOR INTERNAL REVENUE TAX PURPOSES,
2,,,,
3,TO         :       All Internal Revenue Officers and Others Concerned,,TO         :       All Internal Revenue Officers and Others Concerned,
4,,,,
5,"Under Section   4  of  Republic  Act No.  10963, otherwise   known  as   the  ""Tax Reform for Acceleration",,"Under Section   4  of  Republic  Act No.  10963, otherwise   known  as   the  ""Tax Reform for Acceleration",4.10963
6,"and   Inclusion  (TRAIN)""  Law,   amending   Section 6 (E) of   National   Internal  Revenue  Code  (NIRC) of 1997, the",,"and   Inclusion  (TRAIN)""  Law,   amending   Section 6 (E) of   National   Internal  Revenue  Code  (NIRC) of 1997, the",61997.0
7,Commissioner is hereby  authorized  to  divide  the Philippines into different zones or areas and shall determine,,Commissioner is hereby  authorized  to  divide  the Philippines into different zones or areas and shall determine,
8,"the  fair  market  value  of  real  properties  located  in  each  zone or areas, subject to automatic adjustment once",,"the  fair  market  value  of  real  properties  located  in  each  zone or areas, subject to automatic adjustment once",
9,"areas, subject to automatic adjustment once every three (3) years.",,"areas, subject to automatic adjustment once every three (3) years.",3.0
10,,,,
11,"By     virtue    of    said   authority   and   after   the   conduct   of  public  hearing  on   June 22, 2023,    the",,"By     virtue    of    said   authority   and   after   the   conduct   of  public  hearing  on   June 22, 2023,    the",222023.0
12,Commissioner  of  Internal  Revenue  has  determined   the zonal  values of real properties under the jurisdiction,,Commissioner  of  Internal  Revenue  has  determined   the zonal  values of real properties under the jurisdiction,
13,"of Revenue District Office No. 81 - Cebu City North, Revenue Region No. 13 - Cebu City.",,"of Revenue District Office No. 81 - Cebu City North, Revenue Region No. 13 - Cebu City.",
14,,,,
15,This Order is therefore issued to implement the revised schedule of zonal values of real properties for,,This Order is therefore issued to implement the revised schedule of zonal values of real properties for,
16,purposes  of  computation  of  any  internal  revenue  tax  due  on  sale/transfer  or  any  other  disposition of real,,purposes  of  computation  of  any  internal  revenue  tax  due  on  sale/transfer  or  any  other  disposition of real,
17,properties. The   zonal  values  established  herein  shall  apply  provided   the same  is   higher  than  (1)  the  fair,,properties. The   zonal  values  established  herein  shall  apply  provided   the same  is   higher  than  (1)  the  fair,0.1
18,market    value   as  shown  in  the  schedule  of  values  of  the   City   Assessor   and   (2)  the  gross  selling  price/,,market    value   as  shown  in  the  schedule  of  values  of  the   City   Assessor   and   (2)  the  gross  selling  price/,2.0
19,consideration as shown in the duly notarized document of sale or transfer of real property.,,consideration as shown in the duly notarized document of sale or transfer of real property.,
20,,,,
21,This Order shall take effect immediately.,,This Order shall take effect immediately.,
22,,,,
23,,,,
24,,,,
25,,,,
26,,,,
27,,,,
28,,,,
29,RECOMMENDED BY:,,RECOMMENDED BY:,
30,,,,
31,,,,
32,(original signed),,(original signed),
33,"ROMEO D. LUMAGUI, JR.",,"ROMEO D. LUMAGUI, JR.",
34,Commissioner of Internal Revenue,,Commissioner of Internal Revenue,
35,,,,
36,,,,
37,DEFINITION OF TERMS,,DEFINITION OF TERMS,
38,,,,
39,RESIDENTIAL,,RESIDENTIAL,
40,COMMERCIAL,,COMMERCIAL,
41,,,,
42,INDUSTRIAL,,INDUSTRIAL,
43,AGRICULTURAL,,AGRICULTURAL,
44,,,,
45,,,,
46,,,,
47,GENERAL PURPOSE,,GENERAL PURPOSE,
48,,,,
49,,,,
50,,,,
51,VICINITY,,VICINITY,
52,,,,
53,,,,
54,,,,
55,CLASSIFICATION LEGEND:,,CLASSIFICATION LEGEND:,
56,CODE              CLASSIFICATION,,CODE              CLASSIFICATION,
57,RR                     Residential Regular,,RR                     Residential Regular,
58,CR                     Commercial Regular,,CR                     Commercial Regular,
59,RC                     Residential Condominium,,RC                     Residential Condominium,
60,CC                     Commercial Condominium,,CC                     Commercial Condominium,
61,CL                     Cemetery Lot,,CL                     Cemetery Lot,
62,A                       Agricultural,,A                       Agricultural,
63,,,,
64,AGRICULTURAL LANDS,,AGRICULTURAL LANDS,
65,A1    Riceland Irrigated,,A1    Riceland Irrigated,1.0
66,A2    Riceland Unirrigated,,A2    Riceland Unirrigated,2.0
67,A3    Upland,,A3    Upland,3.0
68,A4    Coco Land,,A4    Coco Land,4.0
69,A5    Citrus Land,,A5    Citrus Land,5.0
70,A6    Fishpond,,A6    Fishpond,6.0
71,A7    Swamp,,A7    Swamp,7.0
72,A8    Nipa Land,,A8    Nipa Land,8.0
73,A9    Cotton Land,,A9    Cotton Land,9.0
74,A10  Cogon,,A10  Cogon,10.0
75,A11  Abaca Land,,A11  Abaca Land,11.0
76,A12  Orchard,,A12  Orchard,12.0
77,A13  Pineapple Land,,A13  Pineapple Land,13.0
78,A14  Banana Land,,A14  Banana Land,14.0
79,A15  Pasture Land,,A15  Pasture Land,15.0
80,A16  Corn Land,,A16  Corn Land,16.0
81,A17  Sugar Land,,A17  Sugar Land,17.0
82,A18  Tobacco Land,,A18  Tobacco Land,18.0
83,A19  Cacao,,A19  Cacao,19.0
84,A20  Lanzones,,A20  Lanzones,20.0
85,A21  Durian,,A21  Durian,21.0
86,A22  Rambutan,,A22  Rambutan,22.0
87,A23  Mango,,A23  Mango,23.0
88,A24  Mangrove,,A24  Mangrove,24.0
89,A25  Camote/Cassava,,A25  Camote/Cassava,25.0
90,,,,
91,REVENUE REGION NO. 13 - CEBU CITY,,REVENUE REGION NO. 13 - CEBU CITY,
92,REVENUE DISTRICT OFFICE NO. 81 - CEBU CITY NORTH,,REVENUE DISTRICT OFFICE NO. 81 - CEBU CITY NORTH,
93,,,,
94,,,,
95,Province,,Province,
96,City/Municipality,,City/Municipality,
97,Barangay,,Barangay,
98,,,,
99,STREET NAME / SUBDIVISION/CONDOMINIUM,,STREET NAME / SUBDIVISION/CONDOMINIUM,
100,,,,
101,,,,
102,,,,
103,STREETS,,STREETS,
104,ALL AREAS,,ALL AREAS,
105,,,,
106,,,,
107,,,,
108,,,,
109,,,,
110,* New,,* New,
111,,,,
112,,,,
113,Province,,Province,
114,City/Municipality,,City/Municipality,
115,Barangay,,Barangay,
116,,,,
117,STREET NAME / SUBDIVISION/CONDOMINIUM,,STREET NAME / SUBDIVISION/CONDOMINIUM,
118,,,,
119,,,,
120,,,,
121,STREETS,,STREETS,
122,ALL AREAS,,ALL AREAS,
123,,,,
124,,,,
125,,,,
126,,,,
127,,,,
128,,,,
129,* New,,* New,
130,,,,
131,,,,
132,Province,,Province,
133,City/Municipality,,City/Municipality,
134,Barangay,,Barangay,
135,,,,
136,STREET NAME / SUBDIVISION/CONDOMINIUM,,STREET NAME / SUBDIVISION/CONDOMINIUM,
137,,,,
138,,,,
139,STREETS,,STREETS,
140,FIRST LAPU-LAPU ST,,FIRST LAPU-LAPU ST,
141,GOV. CUENCO AVE,,GOV. CUENCO AVE,
142,,,,
143,ROAD TO CAMP LAPULAPU,,ROAD TO CAMP LAPULAPU,
144,,,,
145,SAN ANTONIO VILL I,,SAN ANTONIO VILL I,
146,SAN ANTONIO VILL II,,SAN ANTONIO VILL II,
147,SAN MIGUEL ST,,SAN MIGUEL ST,
148,,,,
149,ST. JAMES ST,,ST. JAMES ST,
150,,,,
151,ST LAURENCE ST,,ST LAURENCE ST,
152,,,,
153,ST. LAURENCE EXT,,ST. LAURENCE EXT,
154,STEPHENSON,,STEPHENSON,
155,,,,
156,IST ST,,IST ST,
157,,,,
158,2ND ST,,2ND ST,2.0
159,3RD ST,,3RD ST,3.0
160,4TH ST,,4TH ST,4.0
161,SITIO PANABANG,,SITIO PANABANG,
162,SITIO MAHAYAHAY,,SITIO MAHAYAHAY,
163,SITIO CALBARYO,,SITIO CALBARYO,
164,SITIO PLAZA,,SITIO PLAZA,
165,SITIO BACA,,SITIO BACA,
166,ALL OTHER STREETS,,ALL OTHER STREETS,
167,,,,
168,SUBDIVISIONS,,SUBDIVISIONS,
169,AMORES SUBDIVISION,,AMORES SUBDIVISION,
170,PASTRANO SUBD,,PASTRANO SUBD,
171,ALL OTHER SUBDIVISIONS,,ALL OTHER SUBDIVISIONS,
172,CONDOMINIUMS,,CONDOMINIUMS,
173,AVIDA TOWERS  1 & 2 IT PARK,,AVIDA TOWERS  1 & 2 IT PARK,12.0
174,,,,
175,ASIA PRIMIER IT PARK,,ASIA PRIMIER IT PARK,
176,,,,
177,,,,
178,PARK CENTRALE,,PARK CENTRALE,
179,38 PARK AVENUE,,38 PARK AVENUE,38.0
180,,,,
181,,,,
182,AVIDA RIALA,,AVIDA RIALA,
183,,,,
184,,,,
185,Province,,Province,
186,City/Municipality,,City/Municipality,
187,Barangay,,Barangay,
188,,,,
189,STREET NAME / SUBDIVISION/CONDOMINIUM,,STREET NAME / SUBDIVISION/CONDOMINIUM,
190,,,,
191,,,,
192,BE RESIDENCES,,BE RESIDENCES,
193,,,,
194,,,,
195,BLOQ RESIDENCES LAHUG,,BLOQ RESIDENCES LAHUG,
196,,,,
197,CALYX CENTRE,,CALYX CENTRE,
198,,,,
199,,,,
200,"CITY LIGHTS 1,2,3,&4",,"CITY LIGHTS 1,2,3,&4",1234.0
201,,,,
202,LA GUARDIA FLATS,,LA GUARDIA FLATS,
203,,,,
204,LE MENDA RESIDENCES NIVEL HILLS,,LE MENDA RESIDENCES NIVEL HILLS,
205,,,,
206,,,,
207,MARCO POLO RESIDENCES,,MARCO POLO RESIDENCES,
208,,,,
209,MIVELA GARDEN RESIDENCES,,MIVELA GARDEN RESIDENCES,
210,,,,
211,,,,
212,PRIMEWORLD POINTE,,PRIMEWORLD POINTE,
213,,,,
214,,,,
215,RESIDENCIA EDADES,,RESIDENCIA EDADES,
216,,,,
217,ALL OTHER CONDOMINIUMS,,ALL OTHER CONDOMINIUMS,
218,,,,
219,,,,
220,*      New Condo,,*      New Condo,
221,**    For Deletion,,**    For Deletion,
222,***  Values transferred to (Name of barangay),,***  Values transferred to (Name of barangay),
223,**** Values transferred from Brgy. Lahug,,**** Values transferred from Brgy. Lahug,
224,***** V alues transferred from Brgy. Busay,,***** V alues transferred from Brgy. Busay,
225,,,,
226,,,,
227,Province,,Province,
228,City/Municipality,,City/Municipality,
229,Barangay,,Barangay,
230,,,,
231,STREET NAME / SUBDIVISION/CONDOMINIUM,,STREET NAME / SUBDIVISION/CONDOMINIUM,
232,,,,
233,,,,
234,STREETS,,STREETS,
235,,,,
236,LAHUG TAWAGAN ROAD,,LAHUG TAWAGAN ROAD,
237,,,,
238,,,,
239,,,,
240,MALUBOG HIGHWAY,,MALUBOG HIGHWAY,
241,,,,
242,,,,
243,,,,
244,BABAG I,,BABAG I,
245,,,,
246,,,,
247,,,,
248,BABAG II,,BABAG II,
249,,,,
250,,,,
251,,,,
252,BONBON ROAD,,BONBON ROAD,
253,,,,
254,,,,
255,,,,
256,MALUBOG HIGHWAY,,MALUBOG HIGHWAY,
257,,,,
258,,,,
259,,,,
260,TRANSCENTRAL HIGHWAY,,TRANSCENTRAL HIGHWAY,
261,,,,
262,,,,
263,,,,
264,ALL OTHER AREAS,,ALL OTHER AREAS,
265,,,,
266,,,,
267,,,,
268,WATER SHED,,WATER SHED,
269,,,,
270,SUBDIVISIONS,,SUBDIVISIONS,
271,ALL SOCIALIZED HOUSING SUBD.,,ALL SOCIALIZED HOUSING SUBD.,
272,ALL OTHER SUBDIVISION,,ALL OTHER SUBDIVISION,
273,,,,
274,*      New,,*      New,
275,,,,
276,,,,
277,Province,,Province,
278,City/Municipality,,City/Municipality,
279,Barangay,,Barangay,
280,,,,
281,STREET NAME / SUBDIVISION/CONDOMINIUM,,STREET NAME / SUBDIVISION/CONDOMINIUM,
282,,,,
283,,,,
284,,,,
285,STREETS,,STREETS,
286,ALONG THE ROAD ( ALL STREETS),,ALONG THE ROAD ( ALL STREETS),
287,ALL OTHER AREAS,,ALL OTHER AREAS,
288,,,,
289,,,,
290,SUBDIVISIONS,,SUBDIVISIONS,
291,HIDDEN VIEW SUBD. I,,HIDDEN VIEW SUBD. I,
292,HIDDEN VIEW SUBD. II,,HIDDEN VIEW SUBD. II,
293,RD-HIDDEN VIEW & JOYVILLE SUBD.,,RD-HIDDEN VIEW & JOYVILLE SUBD.,
294,JOYVILLE SUBD.,,JOYVILLE SUBD.,
295,LIGAYA HOMES SUBDIVISION,,LIGAYA HOMES SUBDIVISION,
296,PRISTINA NORTH SUBDIVISION,,PRISTINA NORTH SUBDIVISION,
297,VILLA LEYSON SUBD.,,VILLA LEYSON SUBD.,
298,VILLA DEL RIO SUBD.,,VILLA DEL RIO SUBD.,
299,PRIVEYA HILLS,,PRIVEYA HILLS,
300,ASGROW COUNTRY ESTATE,,ASGROW COUNTRY ESTATE,
301,ADERAN VILLAGE (ANDREWS),,ADERAN VILLAGE (ANDREWS),
302,DECA HOMES,,DECA HOMES,
303,ALL OTHER SUBDIVISIONS,,ALL OTHER SUBDIVISIONS,
304,ALL SOCIALIZED HOUSING SUBDIVISIONS,,ALL SOCIALIZED HOUSING SUBDIVISIONS,
305,CONDOMINIUMS,,CONDOMINIUMS,
306,RESOURCES RESIDENTIAL CONDO,,RESOURCES RESIDENTIAL CONDO,
307,PARKING SLOT,,PARKING SLOT,
308,ALL OTHER CONDOMINIUMS,,ALL OTHER CONDOMINIUMS,
309,,,,
310,,,,
311,,,,
312,,,,
313,Province,,Province,
314,City/Municipality,,City/Municipality,
315,Barangay,,Barangay,
316,,,,
317,STREET NAME / SUBDIVISION/CONDOMINIUM,,STREET NAME / SUBDIVISION/CONDOMINIUM,
318,,,,
319,,,,
320,STREETS,,STREETS,
321,A.S. FORTUNA formerly  A. Bonifacio St.,,A.S. FORTUNA formerly  A. Bonifacio St.,
322,,,,
323,GOV. M. CUENCO AVE,,GOV. M. CUENCO AVE,
324,ALL OTHER AREAS,,ALL OTHER AREAS,
325,,,,
326,SUBDIVISIONS,,SUBDIVISIONS,
327,DONA RITA,,DONA RITA,
328,EL DORADO VILL/DORADO I VILL,,EL DORADO VILL/DORADO I VILL,
329,HOLY FAMILY,,HOLY FAMILY,
330,HOLY FAMILY,,HOLY FAMILY,
331,M LUISA P1 EULALIA,,M LUISA P1 EULALIA,1.0
332,M LUISA P1 LUIS,,M LUISA P1 LUIS,1.0
333,M LUISA P1 MELISSA,,M LUISA P1 MELISSA,1.0
334,M LUISA P1 P ANANIAL,,M LUISA P1 P ANANIAL,1.0
335,M LUISA P1 P EMILIO,,M LUISA P1 P EMILIO,1.0
336,M LUISA P1 P JOHN,,M LUISA P1 P JOHN,1.0
337,M LUISA P1 P LUCY,,M LUISA P1 P LUCY,1.0
338,M LUISA P1 P MARIA,,M LUISA P1 P MARIA,1.0
339,M LUISA P1 MIGUEL,,M LUISA P1 MIGUEL,1.0
340,M LUISA P1 ROSEBUD,,M LUISA P1 ROSEBUD,1.0
341,M LUISA P2 MARIANO,,M LUISA P2 MARIANO,2.0
342,M LUISA P2 DON SERGIO,,M LUISA P2 DON SERGIO,2.0
343,M LUISA P1 ANNABELLE,,M LUISA P1 ANNABELLE,1.0
344,M LUISA P2 P STEPHANY,,M LUISA P2 P STEPHANY,2.0
345,M LUISA ESTATE PARK PH II,,M LUISA ESTATE PARK PH II,
346,M LUISA ESTATE PARK PH III,,M LUISA ESTATE PARK PH III,
347,M LUISA ESTATE PARK PH IV,,M LUISA ESTATE PARK PH IV,
348,M LUISA ESTATE PARK PH V,,M LUISA ESTATE PARK PH V,
349,M LUISA ESTATE PARK PH VI,,M LUISA ESTATE PARK PH VI,
350,M LUISA ESTATE PARK PH VII,,M LUISA ESTATE PARK PH VII,
351,M LUISA ESTATE PARK PH VIII,,M LUISA ESTATE PARK PH VIII,
352,,,,
353,,,,
354,M LUISA ESTATE PARK PH IX,,M LUISA ESTATE PARK PH IX,
355,,,,
356,M LUISA ESTATE PARK PH X,,M LUISA ESTATE PARK PH X,
357,,,,
358,M LUISA ESTATE PARK PH XI,,M LUISA ESTATE PARK PH XI,
359,,,,
360,ROAD M LUISA EST PARK,,ROAD M LUISA EST PARK,
361,,,,
362,STO NINO VILLAGE,,STO NINO VILLAGE,
363,ALL OTHER SUBDIVISIONS,,ALL OTHER SUBDIVISIONS,
364,,,,
365,CONDOMINIUMS,,CONDOMINIUMS,
366,THE REGENCY CREST,,THE REGENCY CREST,
367,,,,
368,ALL OTHER CONDOMINIUMS,,ALL OTHER CONDOMINIUMS,
369,,,,
370,,,,
371,*New,,*New,
372,,,,
373,Province,,Province,
374,City/Municipality,,City/Municipality,
375,Barangay,,Barangay,
376,,,,
377,STREET NAME / SUBDIVISION/CONDOMINIUM,,STREET NAME / SUBDIVISION/CONDOMINIUM,
378,,,,
379,,,,
380,,,,
381,ALONG THE ROAD ( ALL STREETS),,ALONG THE ROAD ( ALL STREETS),
382,,,,
383,ALL OTHER AREAS,,ALL OTHER AREAS,
384,,,,
385,,,,
386,SUBDIVISIONS,,SUBDIVISIONS,
387,,,,
388,MAC-V SUBD.,,MAC-V SUBD.,
389,ARMVILLE SUBD,,ARMVILLE SUBD,
390,SAN LORENZO SUBD.,,SAN LORENZO SUBD.,
391,WOODLANDS SUBD.,,WOODLANDS SUBD.,
392,PARADISE HILL SUBD.,,PARADISE HILL SUBD.,
393,ALL OTHER SUBDIVISIONS,,ALL OTHER SUBDIVISIONS,
394,ANNVILLE SOCIALIZED HOUSING,,ANNVILLE SOCIALIZED HOUSING,
395,STA. ANA/SPRING VALLEY SOCIALIZED HOUSING,,STA. ANA/SPRING VALLEY SOCIALIZED HOUSING,
396,ALAZON SOCIALIZED HOUSING,,ALAZON SOCIALIZED HOUSING,
397,ALL SOCIALIZED HOUSING SUBDIVISIONS,,ALL SOCIALIZED HOUSING SUBDIVISIONS,
398,,,,
399,CONDOMINIUMS,,CONDOMINIUMS,
400,CEBU CITY GRAND RESIDENCE,,CEBU CITY GRAND RESIDENCE,
401,BAYANIHAN FLATS,,BAYANIHAN FLATS,
402,ALL OTHER CONDOMINIUMS,,ALL OTHER CONDOMINIUMS,
403,,,,
404,,,,
405,* New,,* New,
406,,,,
407,,,,
408,Province,,Province,
409,City/Municipality,,City/Municipality,
410,Barangay,,Barangay,
411,,,,
412,STREET NAME / SUBDIVISION/CONDOMINIUM,,STREET NAME / SUBDIVISION/CONDOMINIUM,
413,,,,
414,,,,
415,STREETS,,STREETS,
416,ROAD TO BUDLAAN,,ROAD TO BUDLAAN,
417,SITIO KANGMAYA,,SITIO KANGMAYA,
418,,,,
419,SITIO TAC-AN,,SITIO TAC-AN,
420,ALL OTHER AREAS (ALL OTHER STREETS),,ALL OTHER AREAS (ALL OTHER STREETS),
421,,,,
422,SUBDIVISIONS,,SUBDIVISIONS,
423,MA. LUISA PARK PHASE V,,MA. LUISA PARK PHASE V,
424,,,,
425,,,,
426,ESTELLE WOOD SUBDIVISION,,ESTELLE WOOD SUBDIVISION,
427,ALL SOCIALIZED HOUSING SUBD.,,ALL SOCIALIZED HOUSING SUBD.,
428,ALL OTHER SUBDIVISIONS,,ALL OTHER SUBDIVISIONS,
429,,,,
430,* New,,* New,
431,,,,
432,,,,
433,Province,,Province,
434,City/Municipality,,City/Municipality,
435,Barangay,,Barangay,
436,,,,
437,STREET NAME / SUBDIVISION/CONDOMINIUM,,STREET NAME / SUBDIVISION/CONDOMINIUM,
438,,,,
439,,,,
440,,,,
441,STREETS,,STREETS,
442,TRANSCENTRAL HIGHWAY,,TRANSCENTRAL HIGHWAY,
443,,,,
444,,,,
445,ALL OTHER AREAS,,ALL OTHER AREAS,
446,,,,
447,,,,
448,,,,
449,,,,
450,SUBDIVISIONS,,SUBDIVISIONS,
451,EGGLING'S SUBD,,EGGLING'S SUBD,
452,GARDEN VILLE SUBD (GARDEN VILLE SUBDIVISION),,GARDEN VILLE SUBD (GARDEN VILLE SUBDIVISION),
453,HILLTOP SUBD,,HILLTOP SUBD,
454,MARIA LUISA ESTATE PARK,,MARIA LUISA ESTATE PARK,
455,,,,
456,,,,
457,,,,
458,MARIA LUISA ESTATE PARK - THE HIGHLANDS,,MARIA LUISA ESTATE PARK - THE HIGHLANDS,
459,,,,
460,,,,
461,PLAZAVILLE,,PLAZAVILLE,
462,PROV. GOVERNMENT SUBD.,,PROV. GOVERNMENT SUBD.,
463,DON EMILIO OSMENA HW,,DON EMILIO OSMENA HW,
464,,,,
465,,,,
466,STO. NINO PBN VILLAGE,,STO. NINO PBN VILLAGE,
467,,,,
468,ALL SOCIALIZED HOUSING SUBDIVISIONS,,ALL SOCIALIZED HOUSING SUBDIVISIONS,
469,,,,
470,ALL OTHER SUBDIVISIONS,,ALL OTHER SUBDIVISIONS,
471,,,,
472,CONDOMINIUMS / TOWNHOUSES,,CONDOMINIUMS / TOWNHOUSES,
473,CITY LIGHTS,,CITY LIGHTS,
474,,,,
475,MARCO POLO CONDO,,MARCO POLO CONDO,
476,,,,
477,LA NIVEA CONDOMINIUM @ NIVEL HILLS,,LA NIVEA CONDOMINIUM @ NIVEL HILLS,
478,,,,
479,NIVEL HILLS TOWER,,NIVEL HILLS TOWER,
480,,,,
481,,,,
482,RUMAH HIGHLANDS CONDO,,RUMAH HIGHLANDS CONDO,
483,,,,
484,LE MENDA RESIDENCES,,LE MENDA RESIDENCES,
485,,,,
486,ALL OTHER CONDOMINIUMS,,ALL OTHER CONDOMINIUMS,
487,,,,
488,,,,
489,*   New,,*   New,
490,** For deletion,,** For deletion,
491,*** Transferred to Brgy. Apas,,*** Transferred to Brgy. Apas,
492,,,,
493,,,,
494,Province,,Province,
495,City/Municipality,,City/Municipality,
496,Barangay,,Barangay,
497,,,,
498,STREET NAME / SUBDIVISION/CONDOMINIUM,,STREET NAME / SUBDIVISION/CONDOMINIUM,
499,,,,
500,,,,
501,,,,
502,STREETS,,STREETS,
503,ALL AREAS,,ALL AREAS,
504,,,,
505,,,,
506,,,,
507,,,,
508,,,,
509,,,,
510,,,,
511,,,,
512,* New,,* New,
513,,,,
514,,,,
515,Province,,Province,
516,City/Municipality,,City/Municipality,
517,Barangay,,Barangay,
518,,,,
519,STREET NAME / SUBDIVISION/CONDOMINIUM,,STREET NAME / SUBDIVISION/CONDOMINIUM,
520,,,,
521,,,,
522,,,,
523,STREETS,,STREETS,
524,CAPITOL CEBU CY ZOO,,CAPITOL CEBU CY ZOO,
525,,,,
526,CLAVANO ST,,CLAVANO ST,
527,,,,
528,DON GIL GARCIA EXT,,DON GIL GARCIA EXT,
529,"DON GIL GARCIA ST. EXT. 1& 2 
(BACK OF CAPITOL)",,"DON GIL GARCIA ST. EXT. 1& 2 
(BACK OF CAPITOL)",
530,DON J AVILA ST,,DON J AVILA ST,
531,EAST CAPITOL SITE,,EAST CAPITOL SITE,
532,F. RAMOS EXT,,F. RAMOS EXT,
533,GEN MAXILOM ST,,GEN MAXILOM ST,
534,JUANA OSMENA ST,,JUANA OSMENA ST,
535,,,,
536,,,,
537,,,,
538,J LLORENTE ST,,J LLORENTE ST,
539,M VELEZ EXT (MVELEZ ST),,M VELEZ EXT (MVELEZ ST),
540,MA CRISTINA ST (MP YAP),,MA CRISTINA ST (MP YAP),
541,MA CRISTINA EXT,,MA CRISTINA EXT,
542,MANUEL ZOSA ST (GOV ROSAS),,MANUEL ZOSA ST (GOV ROSAS),
543,N ESCARIO ST.,,N ESCARIO ST.,
544,N RAFOLS ST,,N RAFOLS ST,
545,PRES OSMENA BLVD,,PRES OSMENA BLVD,
546,ALL OTHER STREETS,,ALL OTHER STREETS,
547,,,,
548,SUBDIVISIONS,,SUBDIVISIONS,
549,CAPITOL RESIDENCES,,CAPITOL RESIDENCES,
550,,,,
551,,,,
552,CONDOMINIUMS,,CONDOMINIUMS,
553,BASELINE RESIDENCES/BASELINE CENTER,,BASELINE RESIDENCES/BASELINE CENTER,
554,,,,
555,,,,
556,BE RESIDENCES UPTOWN,,BE RESIDENCES UPTOWN,
557,,,,
558,,,,
559,ALL OTHER CONDOMINIUMS,,ALL OTHER CONDOMINIUMS,
560,"(small and medium, 7 storeys and below)",,"(small and medium, 7 storeys and below)",7.0
561,,,,
562,ALL OTHER CONDOMINIUMS,,ALL OTHER CONDOMINIUMS,
563,(8 storeys and above),,(8 storeys and above),8.0
564,,,,
565,* New,,* New,
566,** For deletion,,** For deletion,
567,*** Transferred to (Name of barangay),,*** Transferred to (Name of barangay),
568,**** Transferred from (Name of barangay),,**** Transferred from (Name of barangay),
569,***** Can be found in Brgy. Kamputhaw,,***** Can be found in Brgy. Kamputhaw,
570,,,,
571,,,,
572,Province,,Province,
573,City/Municipality,,City/Municipality,
574,Barangay,,Barangay,
575,,,,
576,STREET NAME / SUBDIVISION/CONDOMINIUM,,STREET NAME / SUBDIVISION/CONDOMINIUM,
577,,,,
578,,,,
579,,,,
580,STREETS,,STREETS,
581,3RD AVENUE,,3RD AVENUE,3.0
582,ANDRES SORIANO JR. AVE.,,ANDRES SORIANO JR. AVE.,
583,BERNARDO BENEDICTO  ST.,,BERNARDO BENEDICTO  ST.,
584,"DON CUENCO  MARIO J, AVENUE",,"DON CUENCO  MARIO J, AVENUE",
585,EAST  ROAD,,EAST  ROAD,
586,GENERAL MAXILOM AVENUE,,GENERAL MAXILOM AVENUE,
587,GENERAL MAXILOM AVENUE,,GENERAL MAXILOM AVENUE,
588,JAYME C. DE VEYRA ST,,JAYME C. DE VEYRA ST,
589,JOSE L. BRIONES ST.,,JOSE L. BRIONES ST.,
590,MC ARTHUR BLVD.,,MC ARTHUR BLVD.,
591,MJ CUENCO AVENUE,,MJ CUENCO AVENUE,
592,NEW IMUS ROAD,,NEW IMUS ROAD,
593,NORTH 6TH ROAD,,NORTH 6TH ROAD,6.0
594,SERGING OSMENA BLVD.,,SERGING OSMENA BLVD.,
595,SITIO CROSSING ROAD,,SITIO CROSSING ROAD,
596,SITIO IPIL-IPIL ROAD,,SITIO IPIL-IPIL ROAD,
597,WEST STREET,,WEST STREET,
598,ALL OTHER STREETS,,ALL OTHER STREETS,
599,,,,
600,,,,
601,,,,
602,,,,
603,SUBDIVISIONS,,SUBDIVISIONS,
604,CONDOMINIUMS / TOWNHOUSES,,CONDOMINIUMS / TOWNHOUSES,
605,PARTHENON RESIDENCES,,PARTHENON RESIDENCES,
606,,,,
607,,,,
608,SAN MARINO RESIDENCES,,SAN MARINO RESIDENCES,
609,,,,
610,,,,
611,SUNVIDA TOWER,,SUNVIDA TOWER,
612,,,,
613,,,,
614,ALL OTHER CONDOMINIUMS,,ALL OTHER CONDOMINIUMS,
615,,,,
616,,,,
617,*     New,,*     New,
618,**   For deletion,,**   For deletion,
619,*** Transferred to (Name of barangay),,*** Transferred to (Name of barangay),
620,**** Transferred from (Name of barangay),,**** Transferred from (Name of barangay),
621,***** Can be found in Brgy. Cebu Port Area,,***** Can be found in Brgy. Cebu Port Area,
622,,,,
623,,,,
624,Province,,Province,
625,City/Municipality,,City/Municipality,
626,Barangay,,Barangay,
627,,,,
628,STREET NAME / SUBDIVISION/CONDOMINIUM,,STREET NAME / SUBDIVISION/CONDOMINIUM,
629,,,,
630,,,,
631,STREETS,,STREETS,
632,1ST ST (3RD AVE EXT),,1ST ST (3RD AVE EXT),13.0
633,2ND ST (6TH AVE EXT),,2ND ST (6TH AVE EXT),26.0
634,3RD ST EAST (ROAD WEST 1),,3RD ST EAST (ROAD WEST 1),31.0
635,3RD ST WEST (ROAD EAST 1),,3RD ST WEST (ROAD EAST 1),31.0
636,4TH ST (ROAD 5),,4TH ST (ROAD 5),45.0
637,5TH ST EAST (AD EAST 3),,5TH ST EAST (AD EAST 3),53.0
638,5TH ST WEST (AD WEST 3),,5TH ST WEST (AD WEST 3),53.0
639,6TH ST (3RD AVE),,6TH ST (3RD AVE),63.0
640,BARANGAY ST (1ST ST),,BARANGAY ST (1ST ST),1.0
641,CABAHUG ST (2ND ST),,CABAHUG ST (2ND ST),2.0
642,CITY HALL CIVIC CENTER,,CITY HALL CIVIC CENTER,
643,,,,
644,,,,
645,,,,
646,,,,
647,,,,
648,,,,
649,,,,
650,,,,
651,,,,
652,,,,
653,HUMABON AVENUE (4TH AVE),,HUMABON AVENUE (4TH AVE),4.0
654,INDEPENDENCIA ST (3RD ST),,INDEPENDENCIA ST (3RD ST),3.0
655,KALIPAYAN ST (8TH ST),,KALIPAYAN ST (8TH ST),8.0
656,LAPU LAPU AVE (7TH AVE),,LAPU LAPU AVE (7TH AVE),7.0
657,,,,
658,LAPU LAPU LOOP (6TH AVE),,LAPU LAPU LOOP (6TH AVE),6.0
659,PEPSI ST (8TH AVE),,PEPSI ST (8TH AVE),8.0
660,PORT AREAS,,PORT AREAS,
661,,,,
662,,,,
663,,,,
664,,,,
665,PORT CENTER AVE (5TH AVE),,PORT CENTER AVE (5TH AVE),5.0
666,PORT CENTER AVE (10TH AVE),,PORT CENTER AVE (10TH AVE),10.0
667,S. OSMENA JR AVE (2ND AVE),,S. OSMENA JR AVE (2ND AVE),0.2
668,,,,
669,SAN JOSE DELA MONTANA AVE,,SAN JOSE DELA MONTANA AVE,
670,STP COURT (6TH AVE),,STP COURT (6TH AVE),6.0
671,ALL OTHER STREETS,,ALL OTHER STREETS,
672,CONDOMINIUMS / TOWNHOUSES,,CONDOMINIUMS / TOWNHOUSES,
673,CIFC CONDO,,CIFC CONDO,
674,PARKING SLOT,,PARKING SLOT,
675,GALLERIA RESIDENCES,,GALLERIA RESIDENCES,
676,,,,
677,,,,
678,Province,,Province,
679,City/Municipality,,City/Municipality,
680,Barangay,,Barangay,
681,,,,
682,STREET NAME / SUBDIVISION/CONDOMINIUM,,STREET NAME / SUBDIVISION/CONDOMINIUM,
683,,,,
684,,,,
685,PARTHENON RESIDENCES,,PARTHENON RESIDENCES,
686,,,,
687,,,,
688,SAN MARINO,,SAN MARINO,
689,,,,
690,,,,
691,SUN VIDA TOWER,,SUN VIDA TOWER,
692,,,,
693,,,,
694,ALL OTHER CONDOMINIUMS,,ALL OTHER CONDOMINIUMS,
695,,,,
696,,,,
697,*     New,,*     New,
698,**   For deletion,,**   For deletion,
699,*** Transferred to (Name of Barangay),,*** Transferred to (Name of Barangay),
700,**** Transferred from Brgy. Mabolo,,**** Transferred from Brgy. Mabolo,
701,***** New and can also be found in Brgy. Carreta,,***** New and can also be found in Brgy. Carreta,
702,,,,
703,,,,
704,Province,,Province,
705,,,,
706,City/Municipality,,City/Municipality,
707,,,,
708,Barangay,,Barangay,
709,,,,
710,STREET NAME / SUBDIVISION/CONDOMINIUM,,STREET NAME / SUBDIVISION/CONDOMINIUM,
711,,,,
712,,,,
713,STREETS,,STREETS,
714,COLON ST,,COLON ST,
715,D JAKOSALEM ST.,,D JAKOSALEM ST.,
716,,,,
717,LEGASPI ST,,LEGASPI ST,
718,,,,
719,,,,
720,MABINI,,MABINI,
721,P BURGOS ST,,P BURGOS ST,
722,,,,
723,P GOMES ST,,P GOMES ST,
724,PLARIDEL EXT,,PLARIDEL EXT,
725,PRES OSMENA BLVD,,PRES OSMENA BLVD,
726,,,,
727,,,,
728,V GULLAS ST,,V GULLAS ST,
729,,,,
730,ALL OTHER STREETS,,ALL OTHER STREETS,
731,,,,
732,CONDOMINIUMS / TOWNHOUSES,,CONDOMINIUMS / TOWNHOUSES,
733,CITY SAVINGS FINANCIAL PLAZA,,CITY SAVINGS FINANCIAL PLAZA,
734,PARKING SLOT,,PARKING SLOT,
735,ALL OTHER CONDOMINIUMS,,ALL OTHER CONDOMINIUMS,
736,,,,
737,,,,
738,,,,
739,,,,
740,Province,,Province,
741,City/Municipality,,City/Municipality,
742,Barangay,,Barangay,
743,,,,
744,STREET NAME / SUBDIVISION/CONDOMINIUM,,STREET NAME / SUBDIVISION/CONDOMINIUM,
745,,,,
746,,,,
747,,,,
748,STREETS,,STREETS,
749,D JAKOSALEM ST,,D JAKOSALEM ST,
750,R RAMOS ST,,R RAMOS ST,
751,F RAMOS ST,,F RAMOS ST,
752,GEN ECHAVEZ EXT,,GEN ECHAVEZ EXT,
753,GEN MAXILOM AVE,,GEN MAXILOM AVE,
754,GEN. JUNQUERA EXT,,GEN. JUNQUERA EXT,
755,RR LANDON ST,,RR LANDON ST,
756,V RANUDO ST,,V RANUDO ST,
757,,,,
758,ALL OTHER STREETS,,ALL OTHER STREETS,
759,,,,
760,CONDOMINIUMS / TOWNHOUSES,,CONDOMINIUMS / TOWNHOUSES,
761,HORIZONS 101,,HORIZONS 101,101.0
762,,,,
763,,,,
764,RAMOS TOWER,,RAMOS TOWER,
765,PARKING SLOT,,PARKING SLOT,
766,ALL OTHER CONDOMINIUMS,,ALL OTHER CONDOMINIUMS,
767,,,,
768,,,,
769,,,,
770,*     New,,*     New,
771,**   For deletion,,**   For deletion,
772,*** Transferred to Brgy. Sta. Cruz,,*** Transferred to Brgy. Sta. Cruz,
773,,,,
774,,,,
775,Province,,Province,
776,City/Municipality,,City/Municipality,
777,Barangay,,Barangay,
778,,,,
779,STREET NAME / SUBDIVISION/CONDOMINIUM,,STREET NAME / SUBDIVISION/CONDOMINIUM,
780,,,,
781,,,,
782,STREETS,,STREETS,
783,BONIFACIO ST,,BONIFACIO ST,
784,D JAKOSALEM,,D JAKOSALEM,
785,,,,
786,IMUS ST,,IMUS ST,
787,SIKATUNA,,SIKATUNA,
788,T. PADILLA ST,,T. PADILLA ST,
789,ALL OTHER STREETS,,ALL OTHER STREETS,
790,INTERIOR AREAS,,INTERIOR AREAS,
791,,,,
792,,,,
793,SUBDIVISIONS,,SUBDIVISIONS,
794,,,,
795,CONDOMINIUMS / TOWNHOUSES,,CONDOMINIUMS / TOWNHOUSES,
796,,,,
797,BLOQ RESIDENCES,,BLOQ RESIDENCES,
798,,,,
799,,,,
800,VISTANA PEARL RESIDENCES,,VISTANA PEARL RESIDENCES,
801,,,,
802,,,,
803,ALL OTHER  CONDOMINIUMS,,ALL OTHER  CONDOMINIUMS,
804,,,,
805,,,,
806,* New,,* New,
807,,,,
808,,,,
809,Province,,Province,
810,,,,
811,City/Municipality,,City/Municipality,
812,,,,
813,Barangay,,Barangay,
814,,,,
815,STREET NAME / SUBDIVISION/CONDOMINIUM,,STREET NAME / SUBDIVISION/CONDOMINIUM,
816,,,,
817,,,,
818,STREETS,,STREETS,
819,ALL AREAS,,ALL AREAS,
820,,,,
821,,,,
822,,,,
823,,,,
824,* New,,* New,
825,,,,
826,,,,
827,Province,,Province,
828,City/Municipality,,City/Municipality,
829,Barangay,,Barangay,
830,,,,
831,STREET NAME / SUBDIVISION/CONDOMINIUM,,STREET NAME / SUBDIVISION/CONDOMINIUM,
832,,,,
833,,,,
834,STREETS,,STREETS,
835,CEBU BUSINESS PARK :,,CEBU BUSINESS PARK :,
836,Streets within CBP under this Brgy:,,Streets within CBP under this Brgy:,
837,"(Apo St, Ayala Road, Pescadores St,",,"(Apo St, Ayala Road, Pescadores St,",
838,"Boracay Road, Sumilon Road,",,"Boracay Road, Sumilon Road,",
839,"Panglao Road, Panay Road,",,"Panglao Road, Panay Road,",
840,"Samar Loop, Leyte Loop,",,"Samar Loop, Leyte Loop,",
841,"Camotes Loop, Negros, Mc Crewville,",,"Camotes Loop, Negros, Mc Crewville,",
842,"Bantayan Rd. Mindanao, Bohol,",,"Bantayan Rd. Mindanao, Bohol,",
843,"Biliran St.,  Mactan St.,Ayala Rd.)",,"Biliran St.,  Mactan St.,Ayala Rd.)",
844,,,,
845,,,,
846,,,,
847,ALL STREETS,,ALL STREETS,
848,GEN. MAXILOM AVENUE,,GEN. MAXILOM AVENUE,
849,ACCESS ROAD TO AYALA,,ACCESS ROAD TO AYALA,
850,ROAD TO HIPODROMO,,ROAD TO HIPODROMO,
851,,,,
852,ALL OTHER STREETS,,ALL OTHER STREETS,
853,,,,
854,,,,
855,SUBDIVISIONS,,SUBDIVISIONS,
856,HIPODROMO VILLAGE,,HIPODROMO VILLAGE,
857,,,,
858,,,,
859,CONDOMINIUMS,,CONDOMINIUMS,
860,1016 RESIDENCES,,1016 RESIDENCES,1016.0
861,1016 RESIDENCES,,1016 RESIDENCES,1016.0
862,1016 RESIDENCES,,1016 RESIDENCES,1016.0
863,ALL ASIA PROPERTIES CONDO,,ALL ASIA PROPERTIES CONDO,
864,AVALON CONDO,,AVALON CONDO,
865,AVALON CONDO,,AVALON CONDO,
866,AYALA FGU,,AYALA FGU,
867,AYALA FGU,,AYALA FGU,
868,CALYX RESIDENCES,,CALYX RESIDENCES,
869,CALYX RESIDENCES,,CALYX RESIDENCES,
870,CEBU BUSINESS CENTER,,CEBU BUSINESS CENTER,
871,CEBU FINANCIAL TOWER,,CEBU FINANCIAL TOWER,
872,CEBU HOLDING CENTER,,CEBU HOLDING CENTER,
873,FIRST ABACUS FINANCIAL TOWER CONDO,,FIRST ABACUS FINANCIAL TOWER CONDO,
874,KEPPEL CENTER CONDOMINIUM(MONTE DE PEIDAD CONDO),,KEPPEL CENTER CONDOMINIUM(MONTE DE PEIDAD CONDO),
875,KEPPEL CENTER CONDOMINIUM(MONTE DE PEIDAD CONDO),,KEPPEL CENTER CONDOMINIUM(MONTE DE PEIDAD CONDO),
876,Province,,Province,
877,City/Municipality,,City/Municipality,
878,Barangay,,Barangay,
879,,,,
880,STREET NAME / SUBDIVISION/CONDOMINIUM,,STREET NAME / SUBDIVISION/CONDOMINIUM,
881,,,,
882,,,,
883,LUCIMA RESIDENCES,,LUCIMA RESIDENCES,
884,LUCIMA RESIDENCES,,LUCIMA RESIDENCES,
885,LUCIMA RESIDENCES,,LUCIMA RESIDENCES,
886,PARK POINT RESIDENCES CONDO,,PARK POINT RESIDENCES CONDO,
887,PARK POINT RESIDENCES CONDO,,PARK POINT RESIDENCES CONDO,
888,PARK TOWER CONDOMINIUM I & II,,PARK TOWER CONDOMINIUM I & II,
889,SEDONA PARC BY ALVEO,,SEDONA PARC BY ALVEO,
890,SEDONA PARC BY ALVEO,,SEDONA PARC BY ALVEO,
891,SEDONA PARC BY ALVEO,,SEDONA PARC BY ALVEO,
892,SOLINEA TOWERS 1 TO 5,,SOLINEA TOWERS 1 TO 5,15.0
893,SOLINEA TOWERS 1 TO 5,,SOLINEA TOWERS 1 TO 5,15.0
894,SOLINEA TOWERS 1 TO 5,,SOLINEA TOWERS 1 TO 5,15.0
895,THE ALCOVES AYALA PREMIER,,THE ALCOVES AYALA PREMIER,
896,THE ALCOVES AYALA PREMIER,,THE ALCOVES AYALA PREMIER,
897,THE ALCOVES AYALA PREMIER,,THE ALCOVES AYALA PREMIER,
898,ALL OTHER CONDOMINIUMS,,ALL OTHER CONDOMINIUMS,
899,ALL OTHER CONDOMINIUMS,,ALL OTHER CONDOMINIUMS,
900,ALL OTHER CONDOMINIUMS,,ALL OTHER CONDOMINIUMS,
901,INDUSTRIAL AREAS,,INDUSTRIAL AREAS,
902,AGRICULTURAL AREAS,,AGRICULTURAL AREAS,
903,*          New,,*          New,
904,**       For deletion,,**       For deletion,
905,***   Transferred to (Name of barangay),,***   Transferred to (Name of barangay),
906,****  Transferred from Brgy. Kamputhaw,,****  Transferred from Brgy. Kamputhaw,
907,*****  Transferred from Brgy. Mabolo,,*****  Transferred from Brgy. Mabolo,
908,******  Transferred from Brgy. Luz and Brgy. Mabolo,,******  Transferred from Brgy. Luz and Brgy. Mabolo,
909,*******  Transferred from Brgy. Luz,,*******  Transferred from Brgy. Luz,
910,,,,
911,Province,,Province,
912,,,,
913,City/Municipality,,City/Municipality,
914,,,,
915,Barangay,,Barangay,
916,,,,
917,STREET NAME / SUBDIVISION/CONDOMINIUM,,STREET NAME / SUBDIVISION/CONDOMINIUM,
918,,,,
919,,,,
920,STREETS,,STREETS,
921,SANCIANGKO ST,,SANCIANGKO ST,
922,COLON ST,,COLON ST,
923,PRES. OSMENA BLVD,,PRES. OSMENA BLVD,
924,PELAEZ ST,,PELAEZ ST,
925,GEN JUNQUERA ST,,GEN JUNQUERA ST,
926,ALL OTHER STREETS,,ALL OTHER STREETS,
927,INTERIOR AREAS,,INTERIOR AREAS,
928,,,,
929,CONDOMINIUMS / TOWNHOUSES,,CONDOMINIUMS / TOWNHOUSES,
930,148 RESIDENCES (JOHNDORF),,148 RESIDENCES (JOHNDORF),148.0
931,,,,
932,,,,
933,ALL OTHER CONDOMINIUMS,,ALL OTHER CONDOMINIUMS,
934,,,,
935,,,,
936,*   New,,*   New,
937,,,,
938,Province,,Province,
939,City/Municipality,,City/Municipality,
940,Barangay,,Barangay,
941,,,,
942,STREET NAME / SUBDIVISION/CONDOMINIUM,,STREET NAME / SUBDIVISION/CONDOMINIUM,
943,,,,
944,,,,
945,,,,
946,STREETS,,STREETS,
947,D JAKOSALEM ST,,D JAKOSALEM ST,
948,,,,
949,,,,
950,DON PEDRO CUI EXT,,DON PEDRO CUI EXT,
951,JUNQUERA ST,,JUNQUERA ST,
952,P DEL ROSARIO ST,,P DEL ROSARIO ST,
953,,,,
954,PELAEZ ST,,PELAEZ ST,
955,,,,
956,,,,
957,PRES OSMENA BLVD,,PRES OSMENA BLVD,
958,SANCIANGKO ST,,SANCIANGKO ST,
959,,,,
960,ALL OTHER STREETS,,ALL OTHER STREETS,
961,INTERIOR AREAS,,INTERIOR AREAS,
962,,,,
963,,,,
964,*   New,,*   New,
965,** For deletion,,** For deletion,
966,,,,
967,,,,
968,Province,,Province,
969,City/Municipality,,City/Municipality,
970,Barangay,,Barangay,
971,,,,
972,STREET NAME / SUBDIVISION/CONDOMINIUM,,STREET NAME / SUBDIVISION/CONDOMINIUM,
973,,,,
974,,,,
975,STREETS,,STREETS,
976,A MORALES,,A MORALES,
977,A TOJONG,,A TOJONG,
978,ABANDONED ROAD,,ABANDONED ROAD,
979,,,,
980,ACACIA ST,,ACACIA ST,
981,,,,
982,ALONG MAGELLAN HOTEL,,ALONG MAGELLAN HOTEL,
983,,,,
984,,,,
985,,,,
986,,,,
987,,,,
988,ACCESS RD CEBU BUS. PARK,,ACCESS RD CEBU BUS. PARK,
989,ACCESS RD TO AYALA,,ACCESS RD TO AYALA,
990,APITONG ST,,APITONG ST,
991,ACCESS RD CEBU BUS. PARK,,ACCESS RD CEBU BUS. PARK,
992,ARCH REYES,,ARCH REYES,
993,CS ROSAL ST,,CS ROSAL ST,
994,CEBU BUSINESS PARK,,CEBU BUSINESS PARK,
995,D JAKOSALEM ST,,D JAKOSALEM ST,
996,DON JOSE AVILA ST,,DON JOSE AVILA ST,
997,,,,
998,,,,
999,,,,
1000,DORIA SOLON PVT ROAD,,DORIA SOLON PVT ROAD,
1001,,,,
1002,DR. L. TOJONG ST (TINDALO ST),,DR. L. TOJONG ST (TINDALO ST),
1003,,,,
1004,ELIZABETH POND ST,,ELIZABETH POND ST,
1005,ELIZABETH POND EXT,,ELIZABETH POND EXT,
1006,,,,
1007,FATHER R. RHAMAN ST,,FATHER R. RHAMAN ST,
1008,GEN MAXILOM ST,,GEN MAXILOM ST,
1009,,,,
1010,,,,
1011,GONZALES PVT ROAD,,GONZALES PVT ROAD,
1012,GORORDO AVE,,GORORDO AVE,
1013,,,,
1014,JOSE R. REYES ST,,JOSE R. REYES ST,
1015,Province,,Province,
1016,City/Municipality,,City/Municipality,
1017,Barangay,,Barangay,
1018,,,,
1019,STREET NAME / SUBDIVISION/CONDOMINIUM,,STREET NAME / SUBDIVISION/CONDOMINIUM,
1020,,,,
1021,,,,
1022,JUANA OSMENA ST,,JUANA OSMENA ST,
1023,,,,
1024,,,,
1025,,,,
1026,,,,
1027,,,,
1028,,,,
1029,JUANA OSMENA EXT 1-4,,JUANA OSMENA EXT 1-4,
1030,,,,
1031,KAMAGONG ST,,KAMAGONG ST,
1032,,,,
1033,GUTIANUY ST,,GUTIANUY ST,
1034,MA CRISTINA ST,,MA CRISTINA ST,
1035,MANALO ST,,MANALO ST,
1036,MARIPOSA ST,,MARIPOSA ST,
1037,,,,
1038,MIDDLE (MEDDLE)ROAD,,MIDDLE (MEDDLE)ROAD,
1039,MOLAVE ST,,MOLAVE ST,
1040,,,,
1041,MONTALBAN SUBD,,MONTALBAN SUBD,
1042,,,,
1043,NC ESCARIO ST,,NC ESCARIO ST,
1044,,,,
1045,,,,
1046,NC ESCARIO EXT 1-3,,NC ESCARIO EXT 1-3,
1047,,,,
1048,QUEENS ROAD,,QUEENS ROAD,
1049,,,,
1050,QUEENS ROAD EXT,,QUEENS ROAD EXT,
1051,R ABOITIZ,,R ABOITIZ,
1052,,,,
1053,RD TO MAGELLAN HOTEL,,RD TO MAGELLAN HOTEL,
1054,RD TO PERPETUAL SUC HOSP,,RD TO PERPETUAL SUC HOSP,
1055,ROAD TO PUROK,,ROAD TO PUROK,
1056,,,,
1057,SANCIANGKO ST,,SANCIANGKO ST,
1058,SUNRISE ST,,SUNRISE ST,
1059,,,,
1060,UNCHUAN ST,,UNCHUAN ST,
1061,,,,
1062,WALING-WALING,,WALING-WALING,
1063,ALL OTHER STREETS,,ALL OTHER STREETS,
1064,,,,
1065,Province,,Province,
1066,City/Municipality,,City/Municipality,
1067,Barangay,,Barangay,
1068,,,,
1069,STREET NAME / SUBDIVISION/CONDOMINIUM,,STREET NAME / SUBDIVISION/CONDOMINIUM,
1070,,,,
1071,,,,
1072,,,,
1073,SUBDIVISIONS / COMPOUNDS,,SUBDIVISIONS / COMPOUNDS,
1074,ALU COMPOUND,,ALU COMPOUND,
1075,CASING COMPOUND,,CASING COMPOUND,
1076,DIGNOS COMPOUND,,DIGNOS COMPOUND,
1077,GONZALES COMPOUND,,GONZALES COMPOUND,
1078,GONZALES SUBD,,GONZALES SUBD,
1079,MARTINEZ COMPOUND,,MARTINEZ COMPOUND,
1080,CAPITOL RESIDENCES,,CAPITOL RESIDENCES,
1081,ALL OTHER SUBDIVISION,,ALL OTHER SUBDIVISION,
1082,,,,
1083,TOWNHOUSE/CONDOMINIUMS,,TOWNHOUSE/CONDOMINIUMS,
1084,GOLDEN PEAK CONDO,,GOLDEN PEAK CONDO,
1085,PARKING SLOT,,PARKING SLOT,
1086,RICHMOND PLAZA CENTER CONDOTEL,,RICHMOND PLAZA CENTER CONDOTEL,
1087,PARKING SLOT,,PARKING SLOT,
1088,TRINITY PLAZA TOWER CONDO,,TRINITY PLAZA TOWER CONDO,
1089,PARKING SLOT,,PARKING SLOT,
1090,SACRIS CONDOMINIUM,,SACRIS CONDOMINIUM,
1091,PARKING SLOT,,PARKING SLOT,
1092,"WINDLAND TOWER I,II,III",,"WINDLAND TOWER I,II,III",
1093,PARKING SLOT,,PARKING SLOT,
1094,YALI CONDOMINIUM,,YALI CONDOMINIUM,
1095,PARKING SLOT,,PARKING SLOT,
1096,BASELINE RESIDENCES/BASELINE CENTER,,BASELINE RESIDENCES/BASELINE CENTER,
1097,,,,
1098,PARKING SLOT,,PARKING SLOT,
1099,VISTA SUAREZ CONDO,,VISTA SUAREZ CONDO,
1100,PARKING SLOT,,PARKING SLOT,
1101,ST MARK CONDOTEL,,ST MARK CONDOTEL,
1102,PARKING SLOT,,PARKING SLOT,
1103,AVALON CONDO,,AVALON CONDO,
1104,PARKING,,PARKING,
1105,SOLINEA LAZULI TOWER 3,,SOLINEA LAZULI TOWER 3,3.0
1106,PARKING SPACE,,PARKING SPACE,
1107,GRAND CENIA TOWER,,GRAND CENIA TOWER,
1108,,,,
1109,ATIELER RESIDENCES,,ATIELER RESIDENCES,
1110,,,,
1111,,,,
1112,PARKING SPACE,,PARKING SPACE,
1113,AZALEA,,AZALEA,
1114,,,,
1115,,,,
1116,BPI CEBU CORPORATE CENTER,,BPI CEBU CORPORATE CENTER,
1117,,,,
1118,CITYSCAPE GRAND TOWER,,CITYSCAPE GRAND TOWER,
1119,,,,
1120,,,,
1121,Province,,Province,
1122,City/Municipality,,City/Municipality,
1123,Barangay,,Barangay,
1124,,,,
1125,STREET NAME / SUBDIVISION/CONDOMINIUM,,STREET NAME / SUBDIVISION/CONDOMINIUM,
1126,,,,
1127,,,,
1128,CITYSCAPE TOWER 2-JUANA UPTOWN,,CITYSCAPE TOWER 2-JUANA UPTOWN,
1129,,,,
1130,,,,
1131,DIAMOND SUITES AND RESIDENCES (CONDOTEL),,DIAMOND SUITES AND RESIDENCES (CONDOTEL),
1132,,,,
1133,,,,
1134,MARYVILLE CONDOMINIUM,,MARYVILLE CONDOMINIUM,
1135,,,,
1136,,,,
1137,PALACIEGO UNO,,PALACIEGO UNO,
1138,,,,
1139,,,,
1140,THE SUITES AT GORORDO,,THE SUITES AT GORORDO,
1141,,,,
1142,,,,
1143,THE TRILLIUM RESIDENCES,,THE TRILLIUM RESIDENCES,
1144,,,,
1145,,,,
1146,ALL OTHER CONDOMINIUM,,ALL OTHER CONDOMINIUM,
1147,"(small and medium, 7 storeys and below)",,"(small and medium, 7 storeys and below)",7.0
1148,,,,
1149,ALL OTHER CONDOMINIUM,,ALL OTHER CONDOMINIUM,
1150,(8 storeys and above),,(8 storeys and above),8.0
1151,,,,
1152,INDUSTRIAL AREAS,,INDUSTRIAL AREAS,
1153,AGRICULTURAL AREAS,,AGRICULTURAL AREAS,
1154,*          New,,*          New,
1155,**       For deletion,,**       For deletion,
1156,***   Transferred to Brgy. Hipodromo,,***   Transferred to Brgy. Hipodromo,
1157,****  Transferred from (Name of barangay),,****  Transferred from (Name of barangay),
1158,*****  Can also be found in Brgy. Capitol Site,,*****  Can also be found in Brgy. Capitol Site,
1159,,,,
1160,,,,
1161,Province,,Province,
1162,City/Municipality,,City/Municipality,
1163,Barangay,,Barangay,
1164,,,,
1165,STREET NAME / SUBDIVISION/CONDOMINIUM,,STREET NAME / SUBDIVISION/CONDOMINIUM,
1166,,,,
1167,,,,
1168,STREETS,,STREETS,
1169,ALMENDRAS ST,,ALMENDRAS ST,
1170,DIEGO SILANG ST,,DIEGO SILANG ST,
1171,EDROS ST,,EDROS ST,
1172,F CABAHUG ST,,F CABAHUG ST,
1173,,,,
1174,,,,
1175,FIRST ST,,FIRST ST,
1176,SECOND ST,,SECOND ST,
1177,,,,
1178,THIRD ST,,THIRD ST,
1179,FOURTH ST,,FOURTH ST,
1180,GO LAM DRIVE ST,,GO LAM DRIVE ST,
1181,,,,
1182,JUAN LUNA AVE,,JUAN LUNA AVE,
1183,GOLDEN SUN DRIVE,,GOLDEN SUN DRIVE,
1184,NEW HOME DRIVE,,NEW HOME DRIVE,
1185,,,,
1186,NEW FRONTIER ST,,NEW FRONTIER ST,
1187,OLD ROAD TO TALAMBAN,,OLD ROAD TO TALAMBAN,
1188,,,,
1189,PRES LAUREL ST,,PRES LAUREL ST,
1190,PRES OSMENA ST,,PRES OSMENA ST,
1191,PRES QUEZON ST,,PRES QUEZON ST,
1192,PRES ROXAS,,PRES ROXAS,
1193,PRES AGUINALDO ST,,PRES AGUINALDO ST,
1194,PRES QUIRINO ST,,PRES QUIRINO ST,
1195,PRES MAGSAYSAY ST,,PRES MAGSAYSAY ST,
1196,TANDANG SORA ST.,,TANDANG SORA ST.,
1197,T. BERLIN ST,,T. BERLIN ST,
1198,TRES BORCES PADRES EXT,,TRES BORCES PADRES EXT,
1199,TRES BORCES EXT,,TRES BORCES EXT,
1200,ALL OTHER STREETS,,ALL OTHER STREETS,
1201,,,,
1202,SUBDIVISIONS,,SUBDIVISIONS,
1203,AGUSTINE COMPOUND,,AGUSTINE COMPOUND,
1204,BAUHINIA SUBD,,BAUHINIA SUBD,
1205,ESCANO SUBD,,ESCANO SUBD,
1206,GARCIA SUBD,,GARCIA SUBD,
1207,GEN LIM,,GEN LIM,
1208,GENTLE BREEZE SUBD,,GENTLE BREEZE SUBD,
1209,GOV M CUENCO,,GOV M CUENCO,
1210,GOLF COUNTRY CLUB,,GOLF COUNTRY CLUB,
1211,IPI COMPOUND,,IPI COMPOUND,
1212,JARUCHEMIC COMPOUND,,JARUCHEMIC COMPOUND,
1213,Province,,Province,
1214,City/Municipality,,City/Municipality,
1215,Barangay,,Barangay,
1216,,,,
1217,STREET NAME / SUBDIVISION/CONDOMINIUM,,STREET NAME / SUBDIVISION/CONDOMINIUM,
1218,,,,
1219,,,,
1220,KATIPUNAN LBR CORP SUBD,,KATIPUNAN LBR CORP SUBD,
1221,,,,
1222,MARTINEZ SUBD,,MARTINEZ SUBD,
1223,OUANO SUBD,,OUANO SUBD,
1224,,,,
1225,PANAGDAIT SUBD,,PANAGDAIT SUBD,
1226,,,,
1227,PARADISE VILLAGE,,PARADISE VILLAGE,
1228,,,,
1229,PARAY SUBD,,PARAY SUBD,
1230,,,,
1231,POTVILLE SUBD,,POTVILLE SUBD,
1232,ROAD TO ST MICHAEL SUBD,,ROAD TO ST MICHAEL SUBD,
1233,ROAD TO VECO COMPOUND,,ROAD TO VECO COMPOUND,
1234,,,,
1235,SAN MIGUEL CORP CMPD,,SAN MIGUEL CORP CMPD,
1236,,,,
1237,ST MICHAEL SUBD,,ST MICHAEL SUBD,
1238,,,,
1239,STA LUCIA SUBD,,STA LUCIA SUBD,
1240,SY LIANCO COMPOUND,,SY LIANCO COMPOUND,
1241,,,,
1242,VILLA AURORA SUBD,,VILLA AURORA SUBD,
1243,,,,
1244,YAP COMPOUND,,YAP COMPOUND,
1245,ST. JOSEPH VILLAGE,,ST. JOSEPH VILLAGE,
1246,ROGA SUBD,,ROGA SUBD,
1247,FAIRVIEW VILLAGE,,FAIRVIEW VILLAGE,
1248,ALL OTHER  SUBDIVISION,,ALL OTHER  SUBDIVISION,
1249,CONDOMINIUMS,,CONDOMINIUMS,
1250,EAST AURORA TOWER CONDO,,EAST AURORA TOWER CONDO,
1251,,,,
1252,GRAND RESIDENCES,,GRAND RESIDENCES,
1253,,,,
1254,,,,
1255,LOT 8 CONDOMINIUM,,LOT 8 CONDOMINIUM,8.0
1256,,,,
1257,,,,
1258,MERIDIAN/AVENIR,,MERIDIAN/AVENIR,
1259,,,,
1260,,,,
1261,ONE OASIS-CEBU INC.,,ONE OASIS-CEBU INC.,
1262,,,,
1263,PDI CONDOMINIUM,,PDI CONDOMINIUM,
1264,,,,
1265,ROYAL GARDEN RESIDENCES,,ROYAL GARDEN RESIDENCES,
1266,,,,
1267,Province,,Province,
1268,City/Municipality,,City/Municipality,
1269,Barangay,,Barangay,
1270,,,,
1271,STREET NAME / SUBDIVISION/CONDOMINIUM,,STREET NAME / SUBDIVISION/CONDOMINIUM,
1272,,,,
1273,,,,
1274,SAS CONDOMINIUM,,SAS CONDOMINIUM,
1275,,,,
1276,TWIN TOWER CONDOMINIUM,,TWIN TOWER CONDOMINIUM,
1277,,,,
1278,ALL OTHER CONDOMINIUMS,,ALL OTHER CONDOMINIUMS,
1279,(7 Storeys and below),,(7 Storeys and below),7.0
1280,,,,
1281,ALL OTHER CONDOMINIUMS,,ALL OTHER CONDOMINIUMS,
1282,(8 storeys and above),,(8 storeys and above),8.0
1283,,,,
1284,*      New,,*      New,
1285,**   For deletion,,**   For deletion,
1286,*** Transferred to Brgy. Mabolo,,*** Transferred to Brgy. Mabolo,
1287,**** Transferred from Brgy. Mabolo,,**** Transferred from Brgy. Mabolo,
1288,,,,
1289,,,,
1290,Province,,Province,
1291,City/Municipality,,City/Municipality,
1292,Barangay,,Barangay,
1293,,,,
1294,STREET NAME / SUBDIVISION/CONDOMINIUM,,STREET NAME / SUBDIVISION/CONDOMINIUM,
1295,,,,
1296,,,,
1297,STREETS,,STREETS,
1298,AMON TRADING PORT,,AMON TRADING PORT,
1299,ARCH REYES AVE,,ARCH REYES AVE,
1300,BUFFALO GOLF COURSE,,BUFFALO GOLF COURSE,
1301,CAPITOL CEBU CY ZOO,,CAPITOL CEBU CY ZOO,
1302,,,,
1303,,,,
1304,DON MARCELO REGNER ST,,DON MARCELO REGNER ST,
1305,DON MODESTA SINGSON GAISANO ST,,DON MODESTA SINGSON GAISANO ST,
1306,EDISON ST,,EDISON ST,
1307,,,,
1308,FULTON ST,,FULTON ST,
1309,,,,
1310,GORORDO AVE,,GORORDO AVE,
1311,,,,
1312,JUANA ST,,JUANA ST,
1313,KAMAGONG ST,,KAMAGONG ST,
1314,,,,
1315,LA GUARDIA,,LA GUARDIA,
1316,,,,
1317,LA GUARDIA EXT,,LA GUARDIA EXT,
1318,,,,
1319,MARCONI ST,,MARCONI ST,
1320,,,,
1321,MOLAVE ST,,MOLAVE ST,
1322,,,,
1323,PC HILLS,,PC HILLS,
1324,PEACE VALLEY,,PEACE VALLEY,
1325,RD TO BOY SCOUT CAMP,,RD TO BOY SCOUT CAMP,
1326,RD TO HOLY FAMILY,,RD TO HOLY FAMILY,
1327,RD TO VILLAR RECORDING,,RD TO VILLAR RECORDING,
1328,ROAD TO  BUSAY,,ROAD TO  BUSAY,
1329,,,,
1330,,,,
1331,,,,
1332,RD TO GREEN VALLEY,,RD TO GREEN VALLEY,
1333,ROSAL ST,,ROSAL ST,
1334,SALINAS DRIVE,,SALINAS DRIVE,
1335,,,,
1336,,,,
1337,,,,
1338,,,,
1339,SALINAS DRIVE EXT,,SALINAS DRIVE EXT,
1340,,,,
1341,Province,,Province,
1342,City/Municipality,,City/Municipality,
1343,Barangay,,Barangay,
1344,,,,
1345,STREET NAME / SUBDIVISION/CONDOMINIUM,,STREET NAME / SUBDIVISION/CONDOMINIUM,
1346,,,,
1347,,,,
1348,SUBDIVISIONS,,SUBDIVISIONS,
1349,BEVERLY GLEN SUBD,,BEVERLY GLEN SUBD,
1350,BEVERLY HILLS SUBD,,BEVERLY HILLS SUBD,
1351,ELISA VALLEY SUBD,,ELISA VALLEY SUBD,
1352,GEMSVILLE SUBD,,GEMSVILLE SUBD,
1353,GOLDEN VALLEY SUBD/GOLDEN SUN VALLEY,,GOLDEN VALLEY SUBD/GOLDEN SUN VALLEY,
1354,GOTIANUY SUBD,,GOTIANUY SUBD,
1355,GRENVALLEY SUBD,,GRENVALLEY SUBD,
1356,MANUEL DY SUBD,,MANUEL DY SUBD,
1357,OPRA VILLAGE,,OPRA VILLAGE,
1358,BC HOMES (PC HOMES),,BC HOMES (PC HOMES),
1359,HACIENDA SALINAS,,HACIENDA SALINAS,
1360,PADGET COMPOUND ROAD,,PADGET COMPOUND ROAD,
1361,SANJER CASVILLE SUBD,,SANJER CASVILLE SUBD,
1362,SANSON SUBD,,SANSON SUBD,
1363,SENO SUBD,,SENO SUBD,
1364,SUNSET SUBD,,SUNSET SUBD,
1365,UNCHUAN SUBD,,UNCHUAN SUBD,
1366,VILLALON SUBD,,VILLALON SUBD,
1367,ALL OTHER SUBDIVISION,,ALL OTHER SUBDIVISION,
1368,CONDOMINIUMS,,CONDOMINIUMS,
1369,"CITY LIGHTS GARDEN TOWERS CONDO 1,2,3,4",,"CITY LIGHTS GARDEN TOWERS CONDO 1,2,3,4",1234.0
1370,PARKING SLOT,,PARKING SLOT,
1371,PARKING CITY CENTRAL CONDO,,PARKING CITY CENTRAL CONDO,
1372,PARKING SLOT,,PARKING SLOT,
1373,PILAPIL TOWNHOMES CONDO,,PILAPIL TOWNHOMES CONDO,
1374,PARKINGSLOT,,PARKINGSLOT,
1375,LA GUARDIA FLATS CONDO,,LA GUARDIA FLATS CONDO,
1376,PARKING,,PARKING,
1377,CALYX CENTER CEBU CONDO,,CALYX CENTER CEBU CONDO,
1378,,,,
1379,PARKING,,PARKING,
1380,EDADES RESIDENCES,,EDADES RESIDENCES,
1381,PARKING,,PARKING,
1382,PADGETT PLACE,,PADGETT PLACE,
1383,PARKING,,PARKING,
1384,MIVESA GARDEN RESIDENCES,,MIVESA GARDEN RESIDENCES,
1385,PARKING,,PARKING,
1386,32 SANSON  BY ROCKWELL,,32 SANSON  BY ROCKWELL,32.0
1387,PARKING,,PARKING,
1388,AVENIR CONDO,,AVENIR CONDO,
1389,,,,
1390,,,,
1391,128 NIVEL HILLS TOWER 1 & 2,,128 NIVEL HILLS TOWER 1 & 2,12812.0
1392,,,,
1393,,,,
1394,Province,,Province,
1395,City/Municipality,,City/Municipality,
1396,Barangay,,Barangay,
1397,,,,
1398,STREET NAME / SUBDIVISION/CONDOMINIUM,,STREET NAME / SUBDIVISION/CONDOMINIUM,
1399,,,,
1400,,,,
1401,CEBU EXCHANGE TOWER,,CEBU EXCHANGE TOWER,
1402,,,,
1403,THE MEDIAN,,THE MEDIAN,
1404,,,,
1405,,,,
1406,CORABES TOWER,,CORABES TOWER,
1407,,,,
1408,LAHUG PRIME RESIDENCES,,LAHUG PRIME RESIDENCES,
1409,,,,
1410,VERTU RESIDENCES,,VERTU RESIDENCES,
1411,VERTEX CENTRAL,,VERTEX CENTRAL,
1412,,,,
1413,,,,
1414,ALL OTHER CONDOMINIUMS,,ALL OTHER CONDOMINIUMS,
1415,,,,
1416,,,,
1417,* New,,* New,
1418,** For deletion,,** For deletion,
1419,*** Transferred to Brgy. Apas,,*** Transferred to Brgy. Apas,
1420,,,,
1421,,,,
1422,Province,,Province,
1423,,,,
1424,City/Municipality,,City/Municipality,
1425,,,,
1426,Barangay,,Barangay,
1427,,,,
1428,STREET NAME / SUBDIVISION/CONDOMINIUM,,STREET NAME / SUBDIVISION/CONDOMINIUM,
1429,,,,
1430,,,,
1431,STREETS,,STREETS,
1432,GEN ECHAVEZ ST,,GEN ECHAVEZ ST,
1433,,,,
1434,GEN ECHAVEZ ST,,GEN ECHAVEZ ST,
1435,GEN MAXILOM AVE,,GEN MAXILOM AVE,
1436,GEN LOREGA,,GEN LOREGA,
1437,M.J. CUENCO AVENUE,,M.J. CUENCO AVENUE,
1438,SAN MIGUEL ST,,SAN MIGUEL ST,
1439,ALL OTHER STREETS,,ALL OTHER STREETS,
1440,,,,
1441,SUDIVISIONS,,SUDIVISIONS,
1442,VILLA SUBDIVISION,,VILLA SUBDIVISION,
1443,CORTES SUBD,,CORTES SUBD,
1444,ALL OTHER SUBDIVISIONS,,ALL OTHER SUBDIVISIONS,
1445,CONDOMINIUMS,,CONDOMINIUMS,
1446,CITY LOFT ONE RESIDENCES,,CITY LOFT ONE RESIDENCES,
1447,,,,
1448,,,,
1449,XAVIERVILLE CITY CONDO,,XAVIERVILLE CITY CONDO,
1450,,,,
1451,,,,
1452,ALL OTHER CONDOMINIUMS,,ALL OTHER CONDOMINIUMS,
1453,,,,
1454,,,,
1455,* New,,* New,
1456,,,,
1457,Province,,Province,
1458,City/Municipality,,City/Municipality,
1459,Barangay,,Barangay,
1460,,,,
1461,STREET NAME / SUBDIVISION/CONDOMINIUM,,STREET NAME / SUBDIVISION/CONDOMINIUM,
1462,,,,
1463,,,,
1464,,,,
1465,ALL AREAS,,ALL AREAS,
1466,,,,
1467,,,,
1468,,,,
1469,,,,
1470,,,,
1471,,,,
1472,,,,
1473,* New,,* New,
1474,,,,
1475,,,,
1476,Province,,Province,
1477,City/Municipality,,City/Municipality,
1478,Barangay,,Barangay,
1479,,,,
1480,STREET NAME / SUBDIVISION/CONDOMINIUM,,STREET NAME / SUBDIVISION/CONDOMINIUM,
1481,,,,
1482,,,,
1483,STREETS,,STREETS,
1484,ACCESS ROAD TO AYALA,,ACCESS ROAD TO AYALA,
1485,,,,
1486,ARCH REYES AVE,,ARCH REYES AVE,
1487,CABANTAN ST,,CABANTAN ST,
1488,,,,
1489,CEBU BUSINESS PARK,,CEBU BUSINESS PARK,
1490,,,,
1491,Mindanao Avenue,,Mindanao Avenue,
1492,Bohol St.,,Bohol St.,
1493,Siquijor St.,,Siquijor St.,
1494,Camotes Road,,Camotes Road,
1495,,,,
1496,,,,
1497,JUAN LUNA AVE,,JUAN LUNA AVE,
1498,NEW ERA ST,,NEW ERA ST,
1499,,,,
1500,ALL OTHER STREETS /UNNAMED STREETS,,ALL OTHER STREETS /UNNAMED STREETS,
1501,,,,
1502,ALL OTHER AREAS UNDER CMP/PROVINCIAL LOT /CITY LOT:,,ALL OTHER AREAS UNDER CMP/PROVINCIAL LOT /CITY LOT:,
1503,SITIO ZAPATERA,,SITIO ZAPATERA,
1504,SITIO ABELLANA,,SITIO ABELLANA,
1505,SITIO CITY CENTRAL,,SITIO CITY CENTRAL,
1506,SITIO STO. NINO I,,SITIO STO. NINO I,
1507,SITIO LUBI,,SITIO LUBI,
1508,SITIO STA.CRUZ,,SITIO STA.CRUZ,
1509,SITIO SAN VICENTE,,SITIO SAN VICENTE,
1510,SITIO STO. NINO III,,SITIO STO. NINO III,
1511,SITIO SAMBAG,,SITIO SAMBAG,
1512,SITIO NANGKA,,SITIO NANGKA,
1513,SITIO SAN ROQUE,,SITIO SAN ROQUE,
1514,SITIO SAN ANTONIO,,SITIO SAN ANTONIO,
1515,SITIO STO. NINO II,,SITIO STO. NINO II,
1516,SITIO KALINAW,,SITIO KALINAW,
1517,SITIO MABUHAY,,SITIO MABUHAY,
1518,SITIO NEW ERA,,SITIO NEW ERA,
1519,,,,
1520,CONDOMINIUMS,,CONDOMINIUMS,
1521,PAG-IBIG WTC TOWER,,PAG-IBIG WTC TOWER,
1522,PARKING SLOT,,PARKING SLOT,
1523,AYALA LIFE FGU CENTER-CONDOMINIUM,,AYALA LIFE FGU CENTER-CONDOMINIUM,
1524,PARKING SLOT,,PARKING SLOT,
1525,KEPPEL CENTER CONDOMINIUM(MONTE DE PEIDAD CONDO),,KEPPEL CENTER CONDOMINIUM(MONTE DE PEIDAD CONDO),
1526,KEPPEL CENTER CONDOMINIUM(MONTE DE PEIDAD CONDO),,KEPPEL CENTER CONDOMINIUM(MONTE DE PEIDAD CONDO),
1527,Province,,Province,
1528,City/Municipality,,City/Municipality,
1529,Barangay,,Barangay,
1530,,,,
1531,STREET NAME / SUBDIVISION/CONDOMINIUM,,STREET NAME / SUBDIVISION/CONDOMINIUM,
1532,,,,
1533,,,,
1534,PARK POINT RESIDENCES,,PARK POINT RESIDENCES,
1535,,,,
1536,APPLE ONE EQUICOM TOWER,,APPLE ONE EQUICOM TOWER,
1537,,,,
1538,,,,
1539,THE ALCOVES,,THE ALCOVES,
1540,,,,
1541,,,,
1542,LATITUDE CORPORATE CENTER,,LATITUDE CORPORATE CENTER,
1543,,,,
1544,TAFT EASTGATE CONDOMINIUM,,TAFT EASTGATE CONDOMINIUM,
1545,,,,
1546,,,,
1547,ALL OTHER CONDOMINIUMS,,ALL OTHER CONDOMINIUMS,
1548,,,,
1549,,,,
1550,* New Street,,* New Street,
1551,** For deletion,,** For deletion,
1552,*** Transferred to Brgy. Hipodromo,,*** Transferred to Brgy. Hipodromo,
1553,**** Transferred to Brgy. Hipodromo(Named Ayala FGU),,**** Transferred to Brgy. Hipodromo(Named Ayala FGU),
1554,,,,
1555,,,,
1556,Province,,Province,
1557,,,,
1558,City/Municipality,,City/Municipality,
1559,,,,
1560,Barangay,,Barangay,
1561,,,,
1562,STREET NAME / SUBDIVISION/CONDOMINIUM,,STREET NAME / SUBDIVISION/CONDOMINIUM,
1563,,,,
1564,,,,
1565,STREETS,,STREETS,
1566,ALL AREAS,,ALL AREAS,
1567,,,,
1568,,,,
1569,,,,
1570,,,,
1571,,,,
1572,* New,,* New,
1573,,,,
1574,,,,
1575,Province,,Province,
1576,City/Municipality,,City/Municipality,
1577,Barangay,,Barangay,
1578,,,,
1579,STREET NAME / SUBDIVISION/CONDOMINIUM,,STREET NAME / SUBDIVISION/CONDOMINIUM,
1580,,,,
1581,,,,
1582,STREETS,,STREETS,
1583,ALMENDRAS ST,,ALMENDRAS ST,
1584,C CIMA ST,,C CIMA ST,
1585,C BORCES ST,,C BORCES ST,
1586,E LABUCAY ST,,E LABUCAY ST,
1587,F CABAHUG,,F CABAHUG,
1588,F MINA ST,,F MINA ST,
1589,J SENO,,J SENO,
1590,FLORES DE MAYO ST,,FLORES DE MAYO ST,
1591,FRANCSICO ARCILLA,,FRANCSICO ARCILLA,
1592,FROILAN ARCILLA,,FROILAN ARCILLA,
1593,GIL TUDTUD ST,,GIL TUDTUD ST,
1594,GO SOTTO COMPLEX,,GO SOTTO COMPLEX,
1595,GOCHAN ST/F GOCHAN ST,,GOCHAN ST/F GOCHAN ST,
1596,GUIBILONDO ST,,GUIBILONDO ST,
1597,H BORGONIA,,H BORGONIA,
1598,H JOAQUINO ST,,H JOAQUINO ST,
1599,HOLY NAME ST,,HOLY NAME ST,
1600,J JOAQUINO ST,,J JOAQUINO ST,
1601,POPE JOHN PAUL AVE. (JUAN LUNA AVE) SAN JOSE DELA MONTAÑA,,POPE JOHN PAUL AVE. (JUAN LUNA AVE) SAN JOSE DELA MONTAÑA,
1602,L LIMBONG ST,,L LIMBONG ST,
1603,L TUDTUD,,L TUDTUD,
1604,M BORCES ST,,M BORCES ST,
1605,M BORGONI ST,,M BORGONI ST,
1606,MJ CUENCO AVE,,MJ CUENCO AVE,
1607,(MJ CUENCO ACCESS TO AYALA),,(MJ CUENCO ACCESS TO AYALA),
1608,,,,
1609,MABONITES,,MABONITES,
1610,NEW ERA ST,,NEW ERA ST,
1611,NEW FRONTIER,,NEW FRONTIER,
1612,OLD PHIL RAILWAY,,OLD PHIL RAILWAY,
1613,S BORCES EXT,,S BORCES EXT,
1614,S BORCES ST,,S BORCES ST,
1615,S CABAHUG ST,,S CABAHUG ST,
1616,S OSMENA BLVD,,S OSMENA BLVD,
1617,SAN ROQUE,,SAN ROQUE,
1618,SINDULAN ST,,SINDULAN ST,
1619,TRES PADRES BORCES,,TRES PADRES BORCES,
1620,V COLINA ST,,V COLINA ST,
1621,ALL OTHER STREETS,,ALL OTHER STREETS,
1622,,,,
1623,SUBDIVISIONS,,SUBDIVISIONS,
1624,CASALS VILLAGES,,CASALS VILLAGES,
1625,COROMINA SUBD,,COROMINA SUBD,
1626,GETTY OIL COMPOUND,,GETTY OIL COMPOUND,
1627,GOCHAN SUBD,,GOCHAN SUBD,
1628,GOCHAN COMPOUND ROAD,,GOCHAN COMPOUND ROAD,
1629,,,,
1630,TENASAS SUBD,,TENASAS SUBD,
1631,ALL OTHER SUBDIVISION,,ALL OTHER SUBDIVISION,
1632,Province,,Province,
1633,City/Municipality,,City/Municipality,
1634,Barangay,,Barangay,
1635,,,,
1636,STREET NAME / SUBDIVISION/CONDOMINIUM,,STREET NAME / SUBDIVISION/CONDOMINIUM,
1637,,,,
1638,,,,
1639,CONDOMINIUMS,,CONDOMINIUMS,
1640,CEBU HOLDING CENTER,,CEBU HOLDING CENTER,
1641,ALL ASIA PROPERTIES CONDO,,ALL ASIA PROPERTIES CONDO,
1642,PARK TOWER CONDOMINIUM I & II,,PARK TOWER CONDOMINIUM I & II,
1643,FIRST ABACUS FINANCIAL TOWER CONDO,,FIRST ABACUS FINANCIAL TOWER CONDO,
1644,CEBU FINANCIAL TOWER,,CEBU FINANCIAL TOWER,
1645,KEPPEL CENTER CONDOMINIUM(MONTE DE PEIDAD CONDO),,KEPPEL CENTER CONDOMINIUM(MONTE DE PEIDAD CONDO),
1646,KEPPEL CENTER CONDOMINIUM(MONTE DE PEIDAD CONDO),,KEPPEL CENTER CONDOMINIUM(MONTE DE PEIDAD CONDO),
1647,CEBU BUSINESS CENTER,,CEBU BUSINESS CENTER,
1648,,,,
1649,CALYX RESIDENCES,,CALYX RESIDENCES,
1650,,,,
1651,SUN VIDA TOWER,,SUN VIDA TOWER,
1652,,,,
1653,PARKING SPACE,,PARKING SPACE,
1654,NIVIERA FRENCH CONDO,,NIVIERA FRENCH CONDO,
1655,,,,
1656,PARKING SPACE,,PARKING SPACE,
1657,ONE OASIS CONDO PHASE 2 BLDG. 4,,ONE OASIS CONDO PHASE 2 BLDG. 4,2.4
1658,,,,
1659,GRAND RESIDENCES MABOLO,,GRAND RESIDENCES MABOLO,
1660,,,,
1661,,,,
1662,PERSIMON RESIDENCES,,PERSIMON RESIDENCES,
1663,,,,
1664,,,,
1665,MABOLO GARDEN FLATS,,MABOLO GARDEN FLATS,
1666,,,,
1667,EAST AURORA TOWERS,,EAST AURORA TOWERS,
1668,,,,
1669,ALL OTHER CONDOMINIUMS,,ALL OTHER CONDOMINIUMS,
1670,,,,
1671,,,,
1672,INDUSTRIAL AREAS,,INDUSTRIAL AREAS,
1673,*        New,,*        New,
1674,** For deletion,,** For deletion,
1675,***    Transferred to Brgy. Hipodromo,,***    Transferred to Brgy. Hipodromo,
1676,****    Transferred to Brgy. Cebu Port Area,,****    Transferred to Brgy. Cebu Port Area,
1677,*****    Transferred to Brgy. Kasambagan,,*****    Transferred to Brgy. Kasambagan,
1678,******    Transferred from Brgy. Kasambagan,,******    Transferred from Brgy. Kasambagan,
1679,,,,
1680,,,,
1681,Province,,Province,
1682,City/Municipality,,City/Municipality,
1683,Barangay,,Barangay,
1684,,,,
1685,STREET NAME / SUBDIVISION/CONDOMINIUM,,STREET NAME / SUBDIVISION/CONDOMINIUM,
1686,,,,
1687,,,,
1688,STREETS,,STREETS,
1689,ALMENDRAS ST,,ALMENDRAS ST,
1690,,,,
1691,,,,
1692,,,,
1693,,,,
1694,E. OSMENA SR. AVE (TRANSCENTRAL HI-WAY),,E. OSMENA SR. AVE (TRANSCENTRAL HI-WAY),
1695,,,,
1696,,,,
1697,,,,
1698,,,,
1699,KAN-IRAG SPORTS COMPLEX,,KAN-IRAG SPORTS COMPLEX,
1700,,,,
1701,TOPS,,TOPS,
1702,,,,
1703,,,,
1704,,,,
1705,,,,
1706,ALL OTHER AREAS,,ALL OTHER AREAS,
1707,,,,
1708,,,,
1709,,,,
1710,,,,
1711,WATERSHED,,WATERSHED,
1712,SUBDIVISIONS,,SUBDIVISIONS,
1713,ALL EXISTING SUBDIVISIONS,,ALL EXISTING SUBDIVISIONS,
1714,* New,,* New,
1715,,,,
1716,,,,
1717,Province,,Province,
1718,City/Municipality,,City/Municipality,
1719,Barangay,,Barangay,
1720,,,,
1721,STREET NAME / SUBDIVISION/CONDOMINIUM,,STREET NAME / SUBDIVISION/CONDOMINIUM,
1722,,,,
1723,,,,
1724,A BONIFACIO,,A BONIFACIO,
1725,A MABINI ST,,A MABINI ST,
1726,,,,
1727,,,,
1728,COLON ST,,COLON ST,
1729,,,,
1730,D JAKOSALEM ST,,D JAKOSALEM ST,
1731,,,,
1732,ESPANA ST,,ESPANA ST,
1733,GEN JUNQUERA ST,,GEN JUNQUERA ST,
1734,IBARRA ST,,IBARRA ST,
1735,ISAGANI ST,,ISAGANI ST,
1736,SANCIANGKO ST,,SANCIANGKO ST,
1737,,,,
1738,SIKATUNA,,SIKATUNA,
1739,SIMOUN ST,,SIMOUN ST,
1740,SUDLON ST,,SUDLON ST,
1741,V GULLAS,,V GULLAS,
1742,ALL OTHER STREETS,,ALL OTHER STREETS,
1743,INTERIOR AREAS,,INTERIOR AREAS,
1744,,,,
1745,,,,
1746,Province,,Province,
1747,City/Municipality,,City/Municipality,
1748,Barangay,,Barangay,
1749,,,,
1750,STREET NAME / SUBDIVISION/CONDOMINIUM,,STREET NAME / SUBDIVISION/CONDOMINIUM,
1751,,,,
1752,,,,
1753,,,,
1754,ALL AREAS,,ALL AREAS,
1755,,,,
1756,,,,
1757,,,,
1758,,,,
1759,,,,
1760,* New,,* New,
1761,,,,
1762,,,,
1763,Province,,Province,
1764,,,,
1765,City/Municipality,,City/Municipality,
1766,,,,
1767,Barangay,,Barangay,
1768,,,,
1769,STREET NAME / SUBDIVISION/CONDOMINIUM,,STREET NAME / SUBDIVISION/CONDOMINIUM,
1770,,,,
1771,,,,
1772,STREETS,,STREETS,
1773,PIT-OS PROPER,,PIT-OS PROPER,
1774,,,,
1775,,,,
1776,,,,
1777,SITIO KABANGHAN,,SITIO KABANGHAN,
1778,ALL OTHER AREAS,,ALL OTHER AREAS,
1779,SUBDIVISIONS,,SUBDIVISIONS,
1780,MIRAMONTE SUBDIVISION,,MIRAMONTE SUBDIVISION,
1781,RIVERDALE SUBD. (FORMERLY BELFONT SUB. / BETTANY SUBD),,RIVERDALE SUBD. (FORMERLY BELFONT SUB. / BETTANY SUBD),
1782,VILLA DEL RIO II SUBD,,VILLA DEL RIO II SUBD,
1783,LESSANDRA TALAMBAN SUBD. (CAMELLA),,LESSANDRA TALAMBAN SUBD. (CAMELLA),
1784,METROPOLIS SUBDIVISION,,METROPOLIS SUBDIVISION,
1785,SUNNYMEDE SUBDIVISION,,SUNNYMEDE SUBDIVISION,
1786,PRIVEYA HILLS BACAYAN,,PRIVEYA HILLS BACAYAN,
1787,88 SUMMERBRIDGE SUBDIVISION,,88 SUMMERBRIDGE SUBDIVISION,88.0
1788,STA. LUISA HOMES,,STA. LUISA HOMES,
1789,RIVERSIDE VILLAGE,,RIVERSIDE VILLAGE,
1790,UPPER SITE HOMEOWNERS ASSOCIATION,,UPPER SITE HOMEOWNERS ASSOCIATION,
1791,URBANVILLE HOMEOWNERS ASSOCIATION,,URBANVILLE HOMEOWNERS ASSOCIATION,
1792,ALL OTHER SUBDIVISION,,ALL OTHER SUBDIVISION,
1793,,,,
1794,CONDOMINIUMS,,CONDOMINIUMS,
1795,VILLA DEL RIO COMM-RES CONDO,,VILLA DEL RIO COMM-RES CONDO,
1796,PARKING SLOT,,PARKING SLOT,
1797,ALL OTHER CONDOMINIUMS,,ALL OTHER CONDOMINIUMS,
1798,,,,
1799,PARKING SLOT,,PARKING SLOT,
1800,,,,
1801,,,,
1802,,,,
1803,Province,,Province,
1804,City/Municipality,,City/Municipality,
1805,Barangay,,Barangay,
1806,,,,
1807,STREET NAME / SUBDIVISION/CONDOMINIUM,,STREET NAME / SUBDIVISION/CONDOMINIUM,
1808,,,,
1809,,,,
1810,,,,
1811,STREETS,,STREETS,
1812,CEBU GOLF POLO CLUB,,CEBU GOLF POLO CLUB,
1813,RURAL BARANGAY,,RURAL BARANGAY,
1814,,,,
1815,SUBURBAN AREAS WITH ROAD,,SUBURBAN AREAS WITH ROAD,
1816,,,,
1817,,,,
1818,SUBURBAN AREAS WITHOUT ROAD,,SUBURBAN AREAS WITHOUT ROAD,
1819,,,,
1820,TRANSCENTRAL HIGHWAY,,TRANSCENTRAL HIGHWAY,
1821,,,,
1822,,,,
1823,ALL OTHER AREAS (ALL OTHER STREETS),,ALL OTHER AREAS (ALL OTHER STREETS),
1824,,,,
1825,,,,
1826,,,,
1827,SUBDIVISIONS,,SUBDIVISIONS,
1828,ALL SOCIALIZED HOUSING,,ALL SOCIALIZED HOUSING,
1829,* New,,* New,
1830,** For deletion,,** For deletion,
1831,,,,
1832,,,,
1833,Province,,Province,
1834,,,,
1835,City/Municipality,,City/Municipality,
1836,,,,
1837,Barangay,,Barangay,
1838,,,,
1839,STREET NAME / SUBDIVISION/CONDOMINIUM,,STREET NAME / SUBDIVISION/CONDOMINIUM,
1840,,,,
1841,,,,
1842,STREETS,,STREETS,
1843,ALL AREAS,,ALL AREAS,
1844,,,,
1845,,,,
1846,,,,
1847,SUBDIVISIONS,,SUBDIVISIONS,
1848,GREENWOOD SUBDIVISION,,GREENWOOD SUBDIVISION,
1849,METROPOLIS SUBD.,,METROPOLIS SUBD.,
1850,LESSANDRA TALAMBAN SUBD.,,LESSANDRA TALAMBAN SUBD.,
1851,RIVERDALE SUBD.,,RIVERDALE SUBD.,
1852,RED BARK TREASURES DEV. CORP.(DEVELOPER OF CLEAR WATER RESIDENCES),,RED BARK TREASURES DEV. CORP.(DEVELOPER OF CLEAR WATER RESIDENCES),
1853,CLEAR WATER RESIDENCES,,CLEAR WATER RESIDENCES,
1854,AGRO MACRO DEV. CORP (DEVELOPER OF REDSTONE VILLAGE),,AGRO MACRO DEV. CORP (DEVELOPER OF REDSTONE VILLAGE),
1855,REDSTONE VILLAGE,,REDSTONE VILLAGE,
1856,ALL OTHER SUBDIVISION,,ALL OTHER SUBDIVISION,
1857,,,,
1858,* New,,* New,
1859,** For deletion,,** For deletion,
1860,,,,
1861,,,,
1862,Province,,Province,
1863,City/Municipality,,City/Municipality,
1864,Barangay,,Barangay,
1865,,,,
1866,STREET NAME / SUBDIVISION/CONDOMINIUM,,STREET NAME / SUBDIVISION/CONDOMINIUM,
1867,,,,
1868,,,,
1869,STREETS,,STREETS,
1870,D JAKOSALEM,,D JAKOSALEM,
1871,DON PEDRO CUI ST,,DON PEDRO CUI ST,
1872,JUNQUERA ST,,JUNQUERA ST,
1873,JUNQUERA EXT,,JUNQUERA EXT,
1874,P DEL ROSARIO ST,,P DEL ROSARIO ST,
1875,,,,
1876,PELAEZ ST,,PELAEZ ST,
1877,PRES OSMENA BLVD,,PRES OSMENA BLVD,
1878,RR LANDON,,RR LANDON,
1879,SPL QUALIFICATION,,SPL QUALIFICATION,
1880,ALL OTHER STREETS,,ALL OTHER STREETS,
1881,,,,
1882,INTERIOR AREAS,,INTERIOR AREAS,
1883,,,,
1884,,,,
1885,,,,
1886,Province,,Province,
1887,City/Municipality,,City/Municipality,
1888,Barangay,,Barangay,
1889,,,,
1890,STREET NAME / SUBDIVISION/CONDOMINIUM,,STREET NAME / SUBDIVISION/CONDOMINIUM,
1891,,,,
1892,,,,
1893,STREETS,,STREETS,
1894,ROAD TO LORENZA (LOREGA) BORCES,,ROAD TO LORENZA (LOREGA) BORCES,
1895,ROAD TO LORENZA (LOREGA) BORCES,,ROAD TO LORENZA (LOREGA) BORCES,
1896,ROAD TO CITE,,ROAD TO CITE,
1897,ROAD TO BUTUANON RIVER,,ROAD TO BUTUANON RIVER,
1898,ROAD TO BUTUANON RIVER,,ROAD TO BUTUANON RIVER,
1899,,,,
1900,ALL OTHER STREETS,,ALL OTHER STREETS,
1901,,,,
1902,SUBDIVISIONS,,SUBDIVISIONS,
1903,MARYVILLE HEIGHTS,,MARYVILLE HEIGHTS,
1904,KAHAYAHAY 1 SUBD.,,KAHAYAHAY 1 SUBD.,1.0
1905,MARYVILLE SUBD.,,MARYVILLE SUBD.,
1906,RIDGEDALE SUBD.,,RIDGEDALE SUBD.,
1907,VILLA SAN JOSE SUBD.,,VILLA SAN JOSE SUBD.,
1908,KAHAYAHAY 2 SUBD.,,KAHAYAHAY 2 SUBD.,2.0
1909,NORTH BELLEZAS SUBDIVISION,,NORTH BELLEZAS SUBDIVISION,
1910,RED STONE VILLAGE,,RED STONE VILLAGE,
1911,BOTANIKA VILLAGE,,BOTANIKA VILLAGE,
1912,PRISTINE GROOVE RESIDENCES,,PRISTINE GROOVE RESIDENCES,
1913,ROSE CREST RESIDENCES,,ROSE CREST RESIDENCES,
1914,ST. MICHAEL HOMEOWNERS ASSOC.,,ST. MICHAEL HOMEOWNERS ASSOC.,
1915,M. LHUILLER RELOCATION  SITE,,M. LHUILLER RELOCATION  SITE,
1916,PACIFIC GLORYWELL SUBDIVISION,,PACIFIC GLORYWELL SUBDIVISION,
1917,M. LHUILLIER GROUP OF COMP. LAND DEVT.,,M. LHUILLIER GROUP OF COMP. LAND DEVT.,
1918,ALL SOCIALIZED HOUSING SUBD.,,ALL SOCIALIZED HOUSING SUBD.,
1919,ALL OTHER SUBD.,,ALL OTHER SUBD.,
1920,* New,,* New,
1921,** For deletion,,** For deletion,
1922,,,,
1923,,,,
1924,Province,,Province,
1925,City/Municipality,,City/Municipality,
1926,Barangay,,Barangay,
1927,,,,
1928,STREET NAME / SUBDIVISION/CONDOMINIUM,,STREET NAME / SUBDIVISION/CONDOMINIUM,
1929,,,,
1930,,,,
1931,,,,
1932,STREETS,,STREETS,
1933,A MABINI ST,,A MABINI ST,
1934,ARELLANO BLVD,,ARELLANO BLVD,
1935,GOMEZ ST,,GOMEZ ST,
1936,OSMENA BLVD (J LUNA ST),,OSMENA BLVD (J LUNA ST),
1937,JEREZA (LA SOLIDARIDAD),,JEREZA (LA SOLIDARIDAD),
1938,LAPULAPU STREET,,LAPULAPU STREET,
1939,,,,
1940,,,,
1941,LEGASPI ST,,LEGASPI ST,
1942,LEGASPI EXT,,LEGASPI EXT,
1943,LOGARTA EXT,,LOGARTA EXT,
1944,M C BRIONES ST,,M C BRIONES ST,
1945,M J CUENCO,,M J CUENCO,
1946,ML QUEZON BLVD,,ML QUEZON BLVD,
1947,P BURGOS ST,,P BURGOS ST,
1948,,,,
1949,,,,
1950,PEIR 2 ROAD,,PEIR 2 ROAD,2.0
1951,R PALMA ST,,R PALMA ST,
1952,S OSMENA JR BLVD,,S OSMENA JR BLVD,
1953,URDANETA ST,,URDANETA ST,
1954,V GULLAS ST,,V GULLAS ST,
1955,ZULUETA ST,,ZULUETA ST,
1956,ALL OTHER ST.,,ALL OTHER ST.,
1957,INTERIOR AREAS,,INTERIOR AREAS,
1958,,,,
1959,,,,
1960,,,,
1961,,,,
1962,Province,,Province,
1963,City/Municipality,,City/Municipality,
1964,Barangay,,Barangay,
1965,,,,
1966,STREET NAME / SUBDIVISION/CONDOMINIUM,,STREET NAME / SUBDIVISION/CONDOMINIUM,
1967,,,,
1968,,,,
1969,,,,
1970,STREETS,,STREETS,
1971,CEBU GOLF & POLO CLUB,,CEBU GOLF & POLO CLUB,
1972,,,,
1973,,,,
1974,,,,
1975,KAN-IRAG PARK (KANG IRAG PARK),,KAN-IRAG PARK (KANG IRAG PARK),
1976,,,,
1977,,,,
1978,,,,
1979,ALL RECREATIONAL AREAS,,ALL RECREATIONAL AREAS,
1980,,,,
1981,ALL OTHER AREAS (ALL OTHER STREETS),,ALL OTHER AREAS (ALL OTHER STREETS),
1982,,,,
1983,,,,
1984,,,,
1985,,,,
1986,SUBDIVISIONS,,SUBDIVISIONS,
1987,ALL SOCIALIZED AND ALL SUBDIVISION,,ALL SOCIALIZED AND ALL SUBDIVISION,
1988,,,,
1989,* New,,* New,
1990,,,,
1991,,,,
1992,Province,,Province,
1993,City/Municipality,,City/Municipality,
1994,Barangay,,Barangay,
1995,,,,
1996,STREET NAME / SUBDIVISION/CONDOMINIUM,,STREET NAME / SUBDIVISION/CONDOMINIUM,
1997,,,,
1998,,,,
1999,,,,
2000,STREETS,,STREETS,
2001,ARLINGTON POND,,ARLINGTON POND,
2002,,,,
2003,A VILLANUEVA  ST,,A VILLANUEVA  ST,
2004,GEN. MAXILOM AVE,,GEN. MAXILOM AVE,
2005,F RAMOS ST,,F RAMOS ST,
2006,,,,
2007,JUNQUERA ST,,JUNQUERA ST,
2008,PELAEZ EXT,,PELAEZ EXT,
2009,PRES OSMENA BLVD,,PRES OSMENA BLVD,
2010,,,,
2011,RR LANDON ST,,RR LANDON ST,
2012,V RANUDO ST,,V RANUDO ST,
2013,ALL OTHER STREETS,,ALL OTHER STREETS,
2014,,,,
2015,,,,
2016,CONDOMINIUMS / TOWNHOUSES,,CONDOMINIUMS / TOWNHOUSES,
2017,ONE CKS TOWER CONDOMINIUM***,,ONE CKS TOWER CONDOMINIUM***,
2018,PARKING SLOT,,PARKING SLOT,
2019,OSMENA TOWER CONDOMINIUM,,OSMENA TOWER CONDOMINIUM,
2020,PARKING SLOT,,PARKING SLOT,
2021,FUENTE TOWER 3,,FUENTE TOWER 3,3.0
2022,,,,
2023,ULTIMA RESIDENCES-FUENTE((FORMERLY FUENTE TOWER 3),,ULTIMA RESIDENCES-FUENTE((FORMERLY FUENTE TOWER 3),-3.0
2024,,,,
2025,,,,
2026,ULTIMA RESIDENCES-RAMOS(FORMERLY OSMENA TOWER CONDOMINIUM),,ULTIMA RESIDENCES-RAMOS(FORMERLY OSMENA TOWER CONDOMINIUM),
2027,,,,
2028,,,,
2029,ULTIMA PRIME,,ULTIMA PRIME,
2030,,,,
2031,,,,
2032,RAMOS TOWER,,RAMOS TOWER,
2033,PARKING SLOT,,PARKING SLOT,
2034,ALL OTHER CONDOMINIUMS,,ALL OTHER CONDOMINIUMS,
2035,,,,
2036,,,,
2037,* New,,* New,
2038,** For deletion,,** For deletion,
2039,*** Transferred to (Name of barangay),,*** Transferred to (Name of barangay),
2040,**** Transferred from Brgy. Cogon Central,,**** Transferred from Brgy. Cogon Central,
2041,,,,
2042,,,,
2043,Province,,Province,
2044,City/Municipality,,City/Municipality,
2045,Barangay,,Barangay,
2046,,,,
2047,STREET NAME / SUBDIVISION/CONDOMINIUM,,STREET NAME / SUBDIVISION/CONDOMINIUM,
2048,,,,
2049,,,,
2050,,,,
2051,STREETS,,STREETS,
2052,A. VILLE ST.,,A. VILLE ST.,
2053,BONIFACIO,,BONIFACIO,
2054,"DON CUENCO, MARIANO J. AVE.",,"DON CUENCO, MARIANO J. AVE.",
2055,F. VILLA,,F. VILLA,
2056,GEN LOREGA,,GEN LOREGA,
2057,MARCOS MORELES STREET,,MARCOS MORELES STREET,
2058,MJ CUENCO AVE,,MJ CUENCO AVE,
2059,,,,
2060,OLD PHIL RAILWAY (IMUS ST),,OLD PHIL RAILWAY (IMUS ST),
2061,SIKATUNA,,SIKATUNA,
2062,SITIO EAGLE STREET,,SITIO EAGLE STREET,
2063,T VILLA PRIVATE ROAD,,T VILLA PRIVATE ROAD,
2064,T PADILLA,,T PADILLA,
2065,,,,
2066,ALL OTHER STREETS,,ALL OTHER STREETS,
2067,,,,
2068,,,,
2069,* New,,* New,
2070,,,,
2071,,,,
2072,Province,,Province,
2073,City/Municipality,,City/Municipality,
2074,Barangay,,Barangay,
2075,,,,
2076,STREET NAME / SUBDIVISION/CONDOMINIUM,,STREET NAME / SUBDIVISION/CONDOMINIUM,
2077,,,,
2078,,,,
2079,STREETS,,STREETS,
2080,A BORBAJO ST,,A BORBAJO ST,
2081,EL DORADO II,,EL DORADO II,
2082,HIGHWAY II,,HIGHWAY II,
2083,HIGHWAY 77,,HIGHWAY 77,77.0
2084,ROAD TO TALAMBAN,,ROAD TO TALAMBAN,
2085,,,,
2086,,,,
2087,,,,
2088,,,,
2089,,,,
2090,,,,
2091,,,,
2092,,,,
2093,,,,
2094,,,,
2095,,,,
2096,MAHOGANY GROVE,,MAHOGANY GROVE,
2097,ROAD TO KAUSWAGAN,,ROAD TO KAUSWAGAN,
2098,,,,
2099,TAC-AN ST,,TAC-AN ST,
2100,,,,
2101,ALL OTHER STREETS,,ALL OTHER STREETS,
2102,,,,
2103,SUBDIVISIONS,,SUBDIVISIONS,
2104,MARYVILLE SUBD,,MARYVILLE SUBD,
2105,NASHVILLE SUBD,,NASHVILLE SUBD,
2106,NORTH TOWN HOMES SUBD,,NORTH TOWN HOMES SUBD,
2107,SILVER HILLS SUBD,,SILVER HILLS SUBD,
2108,ST ANTHONY SUBD,,ST ANTHONY SUBD,
2109,SUNNY HILLS PHASE 1,,SUNNY HILLS PHASE 1,1.0
2110,SUNNY HILLS SUBD PHASE II,,SUNNY HILLS SUBD PHASE II,
2111,SUNNY HILLS SUBD PHASE IICARMEL DRIVE SUBDIPI SUBDALL OTHER SUBDIVISIONALL OTHER STREETS,,SUNNY HILLS SUBD PHASE IICARMEL DRIVE SUBDIPI SUBDALL OTHER SUBDIVISIONALL OTHER STREETS,
2112,IPI,,IPI,
2113,RIVERFRONT,,RIVERFRONT,
2114,SUNHERA RESIDENCES,,SUNHERA RESIDENCES,
2115,SOLA PLAINS I,,SOLA PLAINS I,
2116,SOLA PLAINS DOS,,SOLA PLAINS DOS,
2117,VILLA ALLESANDRA,,VILLA ALLESANDRA,
2118,SWEET HOMES RESIDENCES,,SWEET HOMES RESIDENCES,
2119,SANTORINI RESIDENCES,,SANTORINI RESIDENCES,
2120,LA CITADELLA TOWNHOMES,,LA CITADELLA TOWNHOMES,
2121,LA GRACIETA TOWNHOMES,,LA GRACIETA TOWNHOMES,
2122,GARNETVILLE SUBDIVISION,,GARNETVILLE SUBDIVISION,
2123,LIGAYA TOWNHOMES,,LIGAYA TOWNHOMES,
2124,LA CITTADELA SUBDIVISION,,LA CITTADELA SUBDIVISION,
2125,ALL OTHER SUBDIVISIONS,,ALL OTHER SUBDIVISIONS,
2126,ALL OTHER TOWNHOUSES,,ALL OTHER TOWNHOUSES,
2127,Province,,Province,
2128,City/Municipality,,City/Municipality,
2129,Barangay,,Barangay,
2130,,,,
2131,STREET NAME / SUBDIVISION/CONDOMINIUM,,STREET NAME / SUBDIVISION/CONDOMINIUM,
2132,,,,
2133,,,,
2134,,,,
2135,CONDOMINIUMS,,CONDOMINIUMS,
2136,LA CITTADELA CONDOMINIUM,,LA CITTADELA CONDOMINIUM,
2137,,,,
2138,TIVOLI CONDOMINIUM,,TIVOLI CONDOMINIUM,
2139,,,,
2140,BLOQ RESIDENCES,,BLOQ RESIDENCES,
2141,,,,
2142,ALL OTHER CONDOMINIUMS,,ALL OTHER CONDOMINIUMS,
2143,,,,
2144,,,,
2145,* New,,* New,
2146,** For deletion,,** For deletion,
2147,*** Transferred to (Name of barangay),,*** Transferred to (Name of barangay),
2148,**** Transferred from (Name of barangay),,**** Transferred from (Name of barangay),
2149,"***** 4th Revision was overvalued.
              As per RMO 31-2019 IV.3.f (All Other Subdivision must be lower than the values for identified Subdivisions)",,"***** 4th Revision was overvalued.
              As per RMO 31-2019 IV.3.f (All Other Subdivision must be lower than the values for identified Subdivisions)",
2150,,,,
2151,,,,
2152,Province,,Province,
2153,City/Municipality,,City/Municipality,
2154,Zone/Barangay,,Zone/Barangay,
2155,,,,
2156,STREET NAME /                                        SUBDIVISION/CONDOMINIUM,,STREET NAME /                                        SUBDIVISION/CONDOMINIUM,
2157,,,,
2158,,,,
2159,STREETS,,STREETS,
2160,ALL AREAS,,ALL AREAS,
2161,,,,
2162,,,,
2163,,,,
2164,,,,
2165,,,,
2166,* New,,* New,
2167,,,,
2168,,,,
2169,Province,,Province,
2170,City/Municipality,,City/Municipality,
2171,Zone/Barangay,,Zone/Barangay,
2172,,,,
2173,STREET NAME /                                        SUBDIVISION/CONDOMINIUM,,STREET NAME /                                        SUBDIVISION/CONDOMINIUM,
2174,,,,
2175,,,,
2176,STREETS,,STREETS,
2177,GEN. MAXILOM,,GEN. MAXILOM,
2178,J VILLAGONZALO,,J VILLAGONZALO,
2179,MC ARTHUR BLVD,,MC ARTHUR BLVD,
2180,MJ CUENCO AVE,,MJ CUENCO AVE,
2181,MARCOS MORELOS ST,,MARCOS MORELOS ST,
2182,PGA CANAL 10TH ST,,PGA CANAL 10TH ST,10.0
2183,REGINO MERCADO,,REGINO MERCADO,
2184,S OSMENA JR BLVD,,S OSMENA JR BLVD,
2185,T PADILLA EXT,,T PADILLA EXT,
2186,T PADILLA ST,,T PADILLA ST,
2187,ULDARICO ALVIOLA,,ULDARICO ALVIOLA,
2188,VILLA ABUNO,,VILLA ABUNO,
2189,VILLA GONZALO ST.,,VILLA GONZALO ST.,
2190,ALL OTHER STREETS,,ALL OTHER STREETS,
2191,,,,
2192,,,,
2193,,,,
2194,Province,,Province,
2195,City/Municipality,,City/Municipality,
2196,Zone/Barangay,,Zone/Barangay,
2197,,,,
2198,STREET NAME /                                        SUBDIVISION/CONDOMINIUM,,STREET NAME /                                        SUBDIVISION/CONDOMINIUM,
2199,,,,
2200,,,,
2201,STREETS,,STREETS,
2202,A. BONIFACIO ST.,,A. BONIFACIO ST.,
2203,ALL LOTS ALLEY,,ALL LOTS ALLEY,
2204,ARELLANO BLVD,,ARELLANO BLVD,
2205,BAGUMBAYAN,,BAGUMBAYAN,
2206,BALESTEROS,,BALESTEROS,
2207,CJ QUIZON ST.,,CJ QUIZON ST.,
2208,CALERO ST.,,CALERO ST.,
2209,LOPEZ JAENA ST.,,LOPEZ JAENA ST.,
2210,MC ARTHUR BLVD,,MC ARTHUR BLVD,
2211,MJ CUENCO AVE.,,MJ CUENCO AVE.,
2212,MABINI ST.,,MABINI ST.,
2213,QUEZON BLVD.,,QUEZON BLVD.,
2214,S OSMENA JR BLVD,,S OSMENA JR BLVD,
2215,V SOTTO AVE.,,V SOTTO AVE.,
2216,VILLA ABUNO ST,,VILLA ABUNO ST,
2217,ZULUETA ST,,ZULUETA ST,
2218,ALL OTHER STREETS,,ALL OTHER STREETS,
2219,INTERIOR  AREAS,,INTERIOR  AREAS,
2220,,,,
2221,,,,
2222,Province,,Province,
2223,City/Municipality,,City/Municipality,
2224,Zone/Barangay,,Zone/Barangay,
2225,,,,
2226,STREET NAME /                                        SUBDIVISION/CONDOMINIUM,,STREET NAME /                                        SUBDIVISION/CONDOMINIUM,
2227,,,,
2228,,,,
2229,STREETS,,STREETS,
2230,ALCOHOL ST,,ALCOHOL ST,
2231,,,,
2232,BENEDICTO EXT.,,BENEDICTO EXT.,
2233,BENEDICTO ST,,BENEDICTO ST,
2234,,,,
2235,CREEK SIDE ST,,CREEK SIDE ST,
2236,,,,
2237,D. JAKOSALEM ST,,D. JAKOSALEM ST,
2238,GEN. ECHAVEZ ST,,GEN. ECHAVEZ ST,
2239,GEN. MAXILOM AVE,,GEN. MAXILOM AVE,
2240,OLD ROAD,,OLD ROAD,
2241,,,,
2242,RAHMANN ST (SAN JOSE ST),,RAHMANN ST (SAN JOSE ST),
2243,SEPULVEDA ST,,SEPULVEDA ST,
2244,SIKATUNA ST,,SIKATUNA ST,
2245,,,,
2246,ALL OTHER STREETS,,ALL OTHER STREETS,
2247,,,,
2248,,,,
2249,CONDOMINIUMS,,CONDOMINIUMS,
2250,CITY CLOU CONDOMINIUM,,CITY CLOU CONDOMINIUM,
2251,,,,
2252,,,,
2253,NATIVIDAD CENTRUM I & II,,NATIVIDAD CENTRUM I & II,
2254,PARKING SLOT,,PARKING SLOT,
2255,QUEENSLAND MANOR CONDOMINIUM,,QUEENSLAND MANOR CONDOMINIUM,
2256,,,,
2257,,,,
2258,SPIANADA CONDO RESIDENCES,,SPIANADA CONDO RESIDENCES,
2259,,,,
2260,,,,
2261,VISTANA PEARL RESIDENCES,,VISTANA PEARL RESIDENCES,
2262,,,,
2263,,,,
2264,ALL OTHER CONDOMINIUMS,,ALL OTHER CONDOMINIUMS,
2265,,,,
2266,,,,
2267,* New,,* New,
2268,,,,
2269,,,,
2270,CERTAIN GUIDELINES IN THE IMPLEMENTATION OF ZONAL VALUATION OF REAL PROPERTIES FOR,,CERTAIN GUIDELINES IN THE IMPLEMENTATION OF ZONAL VALUATION OF REAL PROPERTIES FOR,
2271,RDO NO. 81 - CEBU CITY NORTH,,RDO NO. 81 - CEBU CITY NORTH,
2272,,,,
2273,1.  NO ZONAL VALUE HAS BEEN PRESCRIBED FOR A PARTICULAR CLASSIFICATION OF REAL PROPERTY,,1.  NO ZONAL VALUE HAS BEEN PRESCRIBED FOR A PARTICULAR CLASSIFICATION OF REAL PROPERTY,1.0
2274,,,,
2275,WHEREIN THE APPROVED SCHEDULE OF ZONAL VALUES FOR A PARTICULAR BARANGAY -,,WHEREIN THE APPROVED SCHEDULE OF ZONAL VALUES FOR A PARTICULAR BARANGAY -,
2276,,,,
2277,a.)  NO ZONAL VALUE HAS BEEN PRESCRIBED FOR A PARTICULAR  CLASSIFICATION  IN  A PARTICULAR  STREET/,,a.)  NO ZONAL VALUE HAS BEEN PRESCRIBED FOR A PARTICULAR  CLASSIFICATION  IN  A PARTICULAR  STREET/,
2278,"SUBDIVISION IN A BARANGAY,  THE  ZONAL  VALUE  PRESCRIBED FOR  THE SAME CLASSIFICATION  OF  REAL",,"SUBDIVISION IN A BARANGAY,  THE  ZONAL  VALUE  PRESCRIBED FOR  THE SAME CLASSIFICATION  OF  REAL",
2279,PROPERTY LOCATED IN  THE  OTHER  STREET/SUBDIVISION  WITHIN THE  SAME  BARANGAY  OF  SIMILAR,,PROPERTY LOCATED IN  THE  OTHER  STREET/SUBDIVISION  WITHIN THE  SAME  BARANGAY  OF  SIMILAR,
2280,CONDITIONS SHALL BE USED; AND,,CONDITIONS SHALL BE USED; AND,
2281,,,,
2282,b.)  NO ZONAL VALUE HAS BEEN PRESCRIBED FOR A PARTICULAR  CLASSIFICATION  OF REAL PROPERTY  IN  ONE,,b.)  NO ZONAL VALUE HAS BEEN PRESCRIBED FOR A PARTICULAR  CLASSIFICATION  OF REAL PROPERTY  IN  ONE,
2283,"BARANGAY,  THE ZONAL VALUE PRESCRIBED FOR THE SAME CLASSIFICATION OF REAL PROPERTY LOCATED IN",,"BARANGAY,  THE ZONAL VALUE PRESCRIBED FOR THE SAME CLASSIFICATION OF REAL PROPERTY LOCATED IN",
2284,AN ADJACENT BARANGAY OF SIMILAR CONDITIONS SHALL BE USED.,,AN ADJACENT BARANGAY OF SIMILAR CONDITIONS SHALL BE USED.,
2285,,,,
2286,2.  PREDOMINANT USE OF PROPERTY.,,2.  PREDOMINANT USE OF PROPERTY.,
2287,,,,
2288,"a.)  ALL REAL PROPERTIES, REGARDLESS OF ACTUAL USE, LOCATED IN A STREET/BARANGAY/ZONE, THE USE OF",,"a.)  ALL REAL PROPERTIES, REGARDLESS OF ACTUAL USE, LOCATED IN A STREET/BARANGAY/ZONE, THE USE OF",
2289,"WHICH ARE PREDOMINANTLY COMMERCIAL  SHALL  BE CLASSIFIED  AS  ""COMMERCIAL""  FOR PURPOSES  OF ZONAL VALUATION",,"WHICH ARE PREDOMINANTLY COMMERCIAL  SHALL  BE CLASSIFIED  AS  ""COMMERCIAL""  FOR PURPOSES  OF ZONAL VALUATION",
2290,,,,
2291,"b.)  THE PREDOMINANT USE OF OTHER CLASSIFICATION OF PROPERTIES LOCATED IN A STREET/BARANGAY/ZONE,",,"b.)  THE PREDOMINANT USE OF OTHER CLASSIFICATION OF PROPERTIES LOCATED IN A STREET/BARANGAY/ZONE,",
2292,REGARDLESS OF ACTUAL USE SHALL BE CONSIDERED FOR PURPOSES OF ZONAL VALUATION.,,REGARDLESS OF ACTUAL USE SHALL BE CONSIDERED FOR PURPOSES OF ZONAL VALUATION.,
2293,,,,
2294,3.  ZONAL VALUES OF CONDOMINIUM UNIT/TOWNHOUSE:,,3.  ZONAL VALUES OF CONDOMINIUM UNIT/TOWNHOUSE:,3.0
2295,,,,
2296,IF THE TITLE OF A PARTICULAR CONDOMINIUM UNIT/TOWNHOUSE IS -,,IF THE TITLE OF A PARTICULAR CONDOMINIUM UNIT/TOWNHOUSE IS -,
2297,,,,
2298,"a.)  A CONDOMINIUM CERTIFICATE OF TITLE (CCT), THE ZONAL VALUE OF THE LAND AND THE IMPROVEMENTS",,"a.)  A CONDOMINIUM CERTIFICATE OF TITLE (CCT), THE ZONAL VALUE OF THE LAND AND THE IMPROVEMENTS",
2299,SHALL BE TREATED AS ONE; OR,,SHALL BE TREATED AS ONE; OR,
2300,,,,
2301,"b.)  A TRANSFER CERTIFICATE OF TITLE (TCT),  THE  LAND  AND IMPROVEMENT SHALL  BE  GIVEN  SEPARATE",,"b.)  A TRANSFER CERTIFICATE OF TITLE (TCT),  THE  LAND  AND IMPROVEMENT SHALL  BE  GIVEN  SEPARATE",
2302,"VALUES, i.e. ZONAL VALUE/GROSS SELLING  PRICE/FAIR MARKET VALUE  PER  LATEST  TAX  DECLARATION",,"VALUES, i.e. ZONAL VALUE/GROSS SELLING  PRICE/FAIR MARKET VALUE  PER  LATEST  TAX  DECLARATION",
2303,"WHICHEVER IS HIGHER AND, IN THE ABSENCE  OF  ZONAL  VALUATION,   PROPERTY  SHALL  BE  VALUED",,"WHICHEVER IS HIGHER AND, IN THE ABSENCE  OF  ZONAL  VALUATION,   PROPERTY  SHALL  BE  VALUED",
2304,PURSUANT TO RAMO 2-91.,,PURSUANT TO RAMO 2-91.,
2305,,,,
2306,THE GROUND FLOOR OF THE  RESIDENTIAL CONDOMINIUM SHALL  BE CLASSIFIED AS COMMERCIAL AND,,THE GROUND FLOOR OF THE  RESIDENTIAL CONDOMINIUM SHALL  BE CLASSIFIED AS COMMERCIAL AND,
2307,TWENTY PERENT (20%) OF THE ESTABLISHED VALUE SHALL BE ADDED THERETO.,,TWENTY PERENT (20%) OF THE ESTABLISHED VALUE SHALL BE ADDED THERETO.,20.0
2308,,,,
2309,4.  AREAS FOR PRIORITY DEVELOPMENT(APD).,,4.  AREAS FOR PRIORITY DEVELOPMENT(APD).,
2310,,,,
2311,THESE ARE AREAS IDENTIFIED AS AREAS FOR PRIORITY DEVELOPMENT CERTIFIED TO AS SUCH BY,,THESE ARE AREAS IDENTIFIED AS AREAS FOR PRIORITY DEVELOPMENT CERTIFIED TO AS SUCH BY,
2312,"THE DEPARTMENT OF HUMAN SETTLEMENTS AND URBAN DEVELOPMENT (DHSUD).  IF IT IS UTILIZED FOR SOCIALIZED HOUSING, IT",,"THE DEPARTMENT OF HUMAN SETTLEMENTS AND URBAN DEVELOPMENT (DHSUD).  IF IT IS UTILIZED FOR SOCIALIZED HOUSING, IT",
2313,"SHALL BE CERTIFIED  TO  AS  SUCH  BY  THE    PROPER   GOVERNMENT  AGENCY  SUCH  AS,   PRESIDENTIAL",,"SHALL BE CERTIFIED  TO  AS  SUCH  BY  THE    PROPER   GOVERNMENT  AGENCY  SUCH  AS,   PRESIDENTIAL",
2314,"COMMISSION ON URBAN POOR (PCUP), NATIONAL HOUSING AUTHORITY (NHA), ETC.",,"COMMISSION ON URBAN POOR (PCUP), NATIONAL HOUSING AUTHORITY (NHA), ETC.",
2315,,,,
2316,SECOND SALE OF LOT IDENTIFIED AS LOCATED IN THE APD SHALL NO LONGER BE VALUED AS AN  APD AND,,SECOND SALE OF LOT IDENTIFIED AS LOCATED IN THE APD SHALL NO LONGER BE VALUED AS AN  APD AND,
2317,SHALL BE  TREATED AS AN ORDINARY REAL PROPERTY.,,SHALL BE  TREATED AS AN ORDINARY REAL PROPERTY.,
2318,,,,
2319,5. DIVISION OF A BARANGAY,,5. DIVISION OF A BARANGAY,5.0
2320,,,,
2321,"IN THE EVENT THAT AN EXISTING BARANGAY IS DIVIDED INTO TWO OR MORE BARANGAYS, THE ZONAL",,"IN THE EVENT THAT AN EXISTING BARANGAY IS DIVIDED INTO TWO OR MORE BARANGAYS, THE ZONAL",
2322,VALUE PRESCRIBED FOR THE EXISTING BARANGAY SHALL BE USED FOR THE NEWLY CREATED BARANGAY,,VALUE PRESCRIBED FOR THE EXISTING BARANGAY SHALL BE USED FOR THE NEWLY CREATED BARANGAY,
2323,,,,
2324,6. PARKING SLOT (PS),,6. PARKING SLOT (PS),6.0
2325,,,,
2326,"IF NO ZONAL VALUE HAS BEEN PRESCRIBED FOR PARKING SLOTS, THE VALUE SHOULD BE 60% OF THE",,"IF NO ZONAL VALUE HAS BEEN PRESCRIBED FOR PARKING SLOTS, THE VALUE SHOULD BE 60% OF THE",60.0
2327,AMOUNT OF THE UNIT SOLD,,AMOUNT OF THE UNIT SOLD,
2328,,,,
2329,7. INSTITUTION (X),,7. INSTITUTION (X),7.0
2330,,,,
2331,"THESE ARE AREAS FOR SCHOOL, HOSPITAL AND CHURCHES. IF NO ZONAL VALUE HAS BEEN PRESCRIBED,",,"THESE ARE AREAS FOR SCHOOL, HOSPITAL AND CHURCHES. IF NO ZONAL VALUE HAS BEEN PRESCRIBED,",
2332,"THE COMMERCIAL VALUE OF THE PROPERTY NEAREST TO THE INSTITUTION, WITHIN THE SAME BARANGAY",,"THE COMMERCIAL VALUE OF THE PROPERTY NEAREST TO THE INSTITUTION, WITHIN THE SAME BARANGAY",
2333,AND STREET SHALL BE USED,,AND STREET SHALL BE USED,
2334,,,,
2335,8.  ZONAL VALUE OR FMV ESTABLISHED IN THE SCHEDULE OF VALUES OF ASSESSORS.,,8.  ZONAL VALUE OR FMV ESTABLISHED IN THE SCHEDULE OF VALUES OF ASSESSORS.,
2336,,,,
2337,THE ZONAL VALUES ESTABLISHED HEREIN SHALL APPLY IN COMPUTING ALL INTERNAL REVENUE TAXES (i.e.,,THE ZONAL VALUES ESTABLISHED HEREIN SHALL APPLY IN COMPUTING ALL INTERNAL REVENUE TAXES (i.e.,
2338,"CAPITAL GAINS,  CREDITABLE WITHHOLDING,  ESTATE,  DONOR'S AND DOCUEMNTARY STAMP TAXES)  DUE  ON",,"CAPITAL GAINS,  CREDITABLE WITHHOLDING,  ESTATE,  DONOR'S AND DOCUEMNTARY STAMP TAXES)  DUE  ON",
2339,"SALES, EXCHANGES, OR OTHER DISPOSITIONS OF REAL PROPERTY.  PROVIDED ,   THAT  THE  SAME  IS  HIGHER",,"SALES, EXCHANGES, OR OTHER DISPOSITIONS OF REAL PROPERTY.  PROVIDED ,   THAT  THE  SAME  IS  HIGHER",
2340,THAN (1) THE FAIR MARKET VALUES AS SHOWN IN THE SCHEDULE OF VALUES OF  THE  PROVINCIAL  AND  CITY,,THAN (1) THE FAIR MARKET VALUES AS SHOWN IN THE SCHEDULE OF VALUES OF  THE  PROVINCIAL  AND  CITY,1.0
2341,ASSESSORS (i.e. LATEST TAX DECLARATION)  AND  (2)  THE GROSS SELLING  PRICE  AS  SHOWN  IN  THE  DULY,,ASSESSORS (i.e. LATEST TAX DECLARATION)  AND  (2)  THE GROSS SELLING  PRICE  AS  SHOWN  IN  THE  DULY,
2342,NOTARIZED DOCUMENT OF SALE OR EXCHANGE AT THE TIME OF SALE OR EXCHANGE.,,NOTARIZED DOCUMENT OF SALE OR EXCHANGE AT THE TIME OF SALE OR EXCHANGE.,
2343,,,,
2344,"PROVIDED, HOWEVER, THAT THE VALUE OF PROPERTY TO BE USED IN COMPUTING  ESTATE  AND  DONOR'S",,"PROVIDED, HOWEVER, THAT THE VALUE OF PROPERTY TO BE USED IN COMPUTING  ESTATE  AND  DONOR'S",
2345,TAXES SHALL BE (1) THE FAIR MARKET VALUE AS DETERMINED BY THE COMMISSIONER  OF  INTERNAL  REVENUE,,TAXES SHALL BE (1) THE FAIR MARKET VALUE AS DETERMINED BY THE COMMISSIONER  OF  INTERNAL  REVENUE,1.0
2346,(i.e. ZONAL VALUES) OR (2.)  THE FAIR MARKET  VALUE  AS  SHOWN  IN  THE  SCHEDULE  OF   VALUES  OF  THE,,(i.e. ZONAL VALUES) OR (2.)  THE FAIR MARKET  VALUE  AS  SHOWN  IN  THE  SCHEDULE  OF   VALUES  OF  THE,
2347,"PROVINCIAL/CITY/MUNICIPAL ASSESSOR, WHICHEVER IS HIGHER.",,"PROVINCIAL/CITY/MUNICIPAL ASSESSOR, WHICHEVER IS HIGHER.",
2348,,,,
2349,,,,
2350,I-3/apmd/AMS,,I-3/apmd/AMS,-3.0
