hub_id,place_id,name,types,lat,lon,rating,vicinity
cebu_business_park,ChIJa9Ru7kCZqTMRxxXvO_Ddfb0,Ayala Center Cebu,"[""shopping_mall"", ""hair_care"", ""health"", ""point_of_interest"", ""establishment""]",10.318237,123.9052295,4.5,"Cebu Business Park, Cebu City"
cebu_business_park,ChIJb20H_z6ZqTMR_N4lXxxPgw4,REEF,"[""shopping_mall"", ""point_of_interest"", ""establishment""]",10.318208,123.905156,2.0,"Active Zone, Ayala Center Cebu, Archibishop Reyes Ave Cebu Business Park, Cebu City"
cebu_business_park,ChIJZUBc-j6ZqTMRaNO24YEpRM0,Zeel International Store,"[""shopping_mall"", ""point_of_interest"", ""establishment""]",10.3186084,123.904805,5.0,"8W93+CWV, Bohol Avenue, Cebu City"
cebu_business_park,ChIJqR3O4j6ZqTMR2P5zFYlkfPs,Cebu Holdings Incorporated,"[""shopping_mall"", ""point_of_interest"", ""establishment""]",10.318234,123.904578,3.8,"CCD Admin Office, 3rd Level Ayala Center, Bohol Avenue, Cebu Business Park, Cebu City"
cebu_business_park,ChIJu4y9kj6ZqTMR-rlViDlB_3o,Active Zone,"[""shopping_mall"", ""point_of_interest"", ""establishment""]",10.3192922,123.9046183,4.2,"8W93+PR9, Cebu City"
cebu_business_park,ChIJ4zUe6T6ZqTMRBfKPpU9VNLc,Ayala Center Cebu Tower,"[""shopping_mall"", ""point_of_interest"", ""establishment""]",10.3185144,123.9040939,4.3,"Bohol Avenue, Cebu City"
cebu_business_park,ChIJ84pHkjeZqTMRfXL7GtEcQQs,Axis Entertainment Avenue,"[""shopping_mall"", ""park"", ""cafe"", ""store"", ""restaurant"", ""food"", ""point_of_interest"", ""establishment""]",10.318144,123.896111,4.4,"Vibo Place, 40 North Escario Street, Cebu City"
cebu_business_park,ChIJtxeWQkSZqTMR8XajExpUCFg,Plaza Nouvelle,"[""shopping_mall"", ""point_of_interest"", ""establishment""]",10.3096017,123.9011953,4.1,"2 East Benedicto Street, Cebu City"
cebu_business_park,ChIJSTegkCiZqTMRBJ0GHNWjRII,Base Line Center,"[""shopping_mall"", ""real_estate_agency"", ""general_contractor"", ""point_of_interest"", ""establishment""]",10.3129385,123.8943969,4.4,"Juana Osmeña Street, Cebu City"
cebu_business_park,ChIJR6nEAT-ZqTMRrs6rLtOswdk,Ayala Terraces,"[""shopping_mall"", ""point_of_interest"", ""establishment""]",10.3189056,123.9059312,4.5,"8W94+H97, Biliran Road, Cebu City"
cebu_business_park,ChIJL0pzWD6ZqTMRUexKo87ZTlM,Cebu Ayala Center Garden,"[""shopping_mall"", ""point_of_interest"", ""establishment""]",10.3188317,123.9051855,4.2,"Ayala Center, 176 Archbishop Reyes Avenue, Cebu City"
cebu_business_park,ChIJFWQd-z6ZqTMRf8rRnaCUev0,Hapjaps,"[""shopping_mall"", ""point_of_interest"", ""establishment""]",10.3185545,123.9047269,3.0,"Ayala Entertainment Center, Cebu City"
cebu_business_park,ChIJu8XmfL6ZqTMR-QIsQ5RqTtY,Roy&Biv,"[""shopping_mall"", ""point_of_interest"", ""establishment""]",10.3185329,123.9040889,5.0,"Level 2, Ayala Center Cebu, Cebu City"
cebu_business_park,ChIJuUkhLgCZqTMRv9hp8KHnGrk,Ayala Center Cebu,"[""shopping_mall"", ""point_of_interest"", ""establishment""]",10.3186687,123.9069565,,"AppleOne Equicom Tower, Cebu City"
cebu_business_park,ChIJVVUVyD-ZqTMRcXMEs-zsBdo,Paseo Solana,"[""shopping_mall"", ""point_of_interest"", ""establishment""]",10.3173328,123.9067822,,"8W84+WPM, Cebu City"
cebu_business_park,ChIJ0bFnwj-ZqTMRs7PkcvOZ5cE,Xoxo Collection,"[""shopping_mall"", ""point_of_interest"", ""establishment""]",10.3166658,123.9071601,5.0,"8W84+MV7, Cebu City"
cebu_business_park,ChIJn8cJXUCZqTMRSlG0MwDEftM,Cebu Tours Agencies -Provides Travel Mates Girls Companions,"[""shopping_mall"", ""point_of_interest"", ""establishment""]",10.3142553,123.9058286,,"8W74+P84, Ayala Road, Cebu City"
cebu_business_park,ChIJx9t3aQCZqTMRVjstrP5ugHY,Meddy Kids Shopping Mall,"[""shopping_mall"", ""point_of_interest"", ""establishment""]",10.3173775,123.9007572,,"43 Cebu Transcentral Highway, Cebu City"
cebu_business_park,ChIJLY8WcwCZqTMRd2MpkfQO_eY,Meddy Kids Shopping Mall,"[""shopping_mall"", ""point_of_interest"", ""establishment""]",10.3181552,123.899388,5.0,"16 North Escario Street, Cebu City"
cebu_business_park,ChIJm9ahTRaZqTMRiLcrKNcUzKg,Mahogany Place,"[""shopping_mall"", ""point_of_interest"", ""establishment""]",10.3222959,123.9099819,4.1,"8WC5+WX9, Pope John Paul II Avenue, Cebu City"
cebu_business_park,ChIJEzw0UCSZqTMRQCltwXc-zsA,BEZT CHOICE - Buy the Best for You!,"[""shopping_mall"", ""point_of_interest"", ""establishment""]",10.3243746,123.9100476,,"The Meridian Condo, LICERA HQ, 1612 Golam Drive, Cebu City"
cebu_business_park,ChIJSeUtCWuZqTMR4RyOHubLIvM,Techdrive Computers,"[""shopping_mall"", ""point_of_interest"", ""establishment""]",10.3122763,123.9113746,4.3,"The Persimmon Plus Bldg 3, Tudtud Street, M. J. Cuenco Avenue, Mabolo, Cebu City"
cebu_business_park,ChIJq6rqbEaZqTMRv59LxrLRd0o,unit 103 tango plaza building,"[""shopping_mall"", ""point_of_interest"", ""establishment""]",10.3124452,123.8984147,4.4,"Tango, Queen's Road, Cebu City"
cebu_business_park,ChIJ7VM4HMCZqTMR2t0_H01fjRU,GPH CENTRAL,"[""shopping_mall"", ""point_of_interest"", ""establishment""]",10.3232604,123.913662,4.6,"8WF7+8F3, Cebu City"
cebu_business_park,ChIJ1YYVMTaZqTMRg2ZvXRX0PdM,Escario Central Mall,"[""shopping_mall"", ""point_of_interest"", ""establishment""]",10.3175585,123.8941181,4.1,"North Escario Street, Cebu City"
cebu_business_park,ChIJ-dxinn2ZqTMReqD4XR5Ml6U,Cebu Online Shopping,"[""shopping_mall"", ""point_of_interest"", ""establishment""]",10.3151496,123.9153061,2.3,"8W88+343, Cebu City"
cebu_business_park,ChIJR-jLrXOZqTMRT9yKa7yrPA0,Aly's 5Peso Carwash,"[""shopping_mall"", ""point_of_interest"", ""establishment""]",10.3213966,123.895379,,"Purok 8, Cebu City"
cebu_business_park,ChIJLZSw8OuYqTMRhg4hTRvVJGk,88th Avenue,"[""shopping_mall"", ""lodging"", ""restaurant"", ""food"", ""point_of_interest"", ""establishment""]",10.3282614,123.9090486,4.0,"Lot 686 Gov. M. Cuenco Avenue, Cebu City"
cebu_business_park,ChIJneYSYpuZqTMRyWt3UjD8H2w,Joejar cornelio,"[""shopping_mall"", ""point_of_interest"", ""establishment""]",10.3082727,123.908451,,"1153 B General Maxilom Avenue Extension, Cebu City"
cebu_business_park,ChIJwSNfwYGZqTMRNrcuh7SWyK4,Bizduck Shop,"[""shopping_mall"", ""point_of_interest"", ""establishment""]",10.3098913,123.8981037,,"0531 Singson Street, Cebu City"
cebu_business_park,ChIJW2prdiyZqTMRnztoCkvkebk,Astral Emporium,"[""shopping_mall"", ""point_of_interest"", ""establishment""]",10.3175402,123.9167196,5.0,"M. Borgonia Street, Cebu City"
cebu_business_park,ChIJh_QBXvaZqTMRSVgF6SLigzg,Lite Port Center,"[""shopping_mall"", ""point_of_interest"", ""establishment""]",10.3070707,123.906466,4.8,"8W44+RHG, M. J. Cuenco Avenue, Cebu City"
cebu_business_park,ChIJvxhRIiKZqTMRvluZby90fZQ,Garden Row,"[""shopping_mall"", ""point_of_interest"", ""establishment""]",10.3298473,123.9067957,4.7,"Ayala Malls Central Bloc, V. Padriga Street, Apas, Cebu City"
cebu_business_park,ChIJdzpU3zCZqTMRVeBW9WZLzcU,GMall of Cebu - White Gold Center,"[""shopping_mall"", ""point_of_interest"", ""establishment""]",10.3088472,123.9124569,4.1,"8W56+GXP, A. Soriano Avenue, Cebu City"
cebu_business_park,ChIJl3r7ck-ZqTMR2XwQ0XeEbsA,One Mango Avenue,"[""shopping_mall"", ""point_of_interest"", ""establishment""]",10.3101432,123.8965653,4.0,"General Maxilom Avenue, Cebu City"
cebu_business_park,ChIJhcgbZCaZqTMRzUWXPrbi3mQ,TheBoulderGarage,"[""shopping_mall"", ""point_of_interest"", ""establishment""]",10.3131178,123.9165294,,"roofdeck, apm, apm Centrale, Cebu City"
cebu_business_park,ChIJ3cbdvtyZqTMRPd2Yvvlc8Hg,Ayala Central Bloc Cinema,"[""shopping_mall"", ""point_of_interest"", ""establishment""]",10.3303523,123.9075586,3.9,"8WJ5+42V, Cebu City"
cebu_business_park,ChIJGbVDRkuZqTMRn9kwJo_uIp8,Mango Mall,"[""shopping_mall"", ""point_of_interest"", ""establishment""]",10.3107235,123.8956936,2.5,"8V6W+77P, General Maxilom Avenue, Cebu City"
cebu_business_park,ChIJ1Ry-32yZqTMR2sXa-G5uJig,APM Centrale,"[""shopping_mall"", ""point_of_interest"", ""establishment""]",10.3129546,123.9165813,4.2,"8W78+5JP, A. Soriano Avenue, Cebu City"
cebu_business_park,ChIJ1eEahvuZqTMRV7eLdWBr00s,Ayala Malls Central Bloc,"[""shopping_mall"", ""point_of_interest"", ""establishment""]",10.3306811,123.9073198,4.5,"Central Bloc, I. Villa Street, Cebu City"
cebu_business_park,ChIJxXYmYACZqTMROtEwI6ZXXyM,The Blissbox by Melie,"[""shopping_mall"", ""point_of_interest"", ""establishment""]",10.3307927,123.9070437,,"Central Bloc, V. Padriga Street, Cebu City"
cebu_business_park,ChIJf7zN9R6ZqTMRbqBZJfgxaBk,Virtual assistant Philippines agency,"[""shopping_mall"", ""point_of_interest"", ""establishment""]",10.3307927,123.9070437,4.3,"V. Padriga St Central Bloc Mall) - 11th Floor, Lahug, Cebu City"
cebu_business_park,ChIJT3yEfFGZqTMRC9YpshEJfuM,아이티파크 아얄라몰 세부시티,"[""shopping_mall"", ""point_of_interest"", ""establishment""]",10.3307484,123.9075315,3.9,"8WJ5+72V, Cebu City"
cebu_business_park,ChIJV1PnoE-ZqTMRK4MZ8ZJ1IIE,"Dr. Pelita Abrogan - Rain Tree Mall, Cebu","[""shopping_mall"", ""point_of_interest"", ""establishment""]",10.309444,123.895278,,"Room 106 Rain Tree Mall, F. Ramos Street corner General Maxilom Avenue, Cebu City, Cebu"
cebu_business_park,ChIJ0VxoxCWZqTMR-wK_xK3ZOzA,Ja’S Ur F.A.B,"[""shopping_mall"", ""point_of_interest"", ""establishment""]",10.330074,123.898755,4.0,"Ground Floor, JY Square Mall, 1 Salinas Drive, Cebu City"
cebu_business_park,ChIJsSo0UuCbqTMRfb-DRQJk5Wo,Department of Labor and Employment - Region VII Central Visayas,"[""local_government_office"", ""point_of_interest"", ""establishment""]",10.3108055,123.9042661,3.7,"DOLE-RO7 Building, General Maxilom Avenue, cor Gorordo Avenue, Cebu City"
cebu_business_park,ChIJfV3PNzmZqTMRwMIvBLzg3nA,Automobile Association Philippines - Cebu Satellite Office,"[""local_government_office"", ""point_of_interest"", ""establishment""]",10.3196794,123.9019363,4.6,"105, CRM Building Escario, corner Molave Street, Cebu City"
cebu_business_park,ChIJXeC1zzyZqTMRmblreI1yj3s,Philippine Retirement Authority - VISAYAS (CEBU) Satellite Office,"[""local_government_office"", ""point_of_interest"", ""establishment""]",10.3143515,123.9055092,4.6,"Unit C1-12F, 2QUAD Building, Cebu Business Park, Cardinal Rosales Avenue, Cebu City"
cebu_business_park,ChIJ2291tQCZqTMRa-8yC_gvJCA,Ray Manpower Services,"[""local_government_office"", ""point_of_interest"", ""establishment""]",10.3155697,123.9016077,1.7,"10 yrs + in business UNIT 1503 TRINITY PLAZA TOWER, 328h Gonzales Compound, Cebu City"
cebu_business_park,ChIJNbWg2EOZqTMROqYwjOqikwI,National Conciliation and Mediation Board,"[""local_government_office"", ""point_of_interest"", ""establishment""]",10.310913,123.90432,,"Dole VII Building, Gen. Maxilom Avenue Corner Gorordo Avenue, Camputhan, Cebu City"
cebu_business_park,ChIJMRipJDiZqTMRhL-0gv4r9io,Kamputhaw Barangay Hall,"[""city_hall"", ""local_government_office"", ""point_of_interest"", ""establishment""]",10.3181587,123.8975095,3.7,"15 North Escario Street, Cebu City"
cebu_business_park,ChIJD0mbfxiZqTMRA5rc4ukK0Z0,National Irrigation Administration,"[""local_government_office"", ""point_of_interest"", ""establishment""]",10.3272629,123.9081415,5.0,"M. Cuenco Avenue , Banilad , 6000 Cebu City , Cebu"
cebu_business_park,ChIJw6EjnhiZqTMRvtRYB1SBscU,"National Food Authority, Region 7 (NFA R-VII)","[""local_government_office"", ""point_of_interest"", ""establishment""]",10.3279372,123.9083009,3.8,"8WH5+58F, Cebu City"
cebu_business_park,ChIJ46lpHTCZqTMRrVWMCbrFj7k,Department of Budget and Management - Region 7,"[""local_government_office"", ""point_of_interest"", ""establishment""]",10.3262559,123.896099,4.7,"Regional Office, 07 Ecotecard, Cebu City"
cebu_business_park,ChIJBUjjFkWZqTMRCTlPj1QD-Ao,Mother Butler Mission Guides,"[""local_government_office"", ""point_of_interest"", ""establishment""]",10.30814,123.898834,,"8V5X+7G4, Dionisio Jakosalem Street, Cebu City"
cebu_business_park,ChIJ-0z_4EmZqTMRe6fQcail0Ts,Department of Energy - Visayas Field Office,"[""local_government_office"", ""point_of_interest"", ""establishment""]",10.3170287,123.8925739,4.5,"Escario Building, 0735 North Escario Street, Cebu City"
cebu_business_park,ChIJX7o67C-ZqTMRtwIUdgO_fB8,Department of Environment and Natural Resources Regional Office 7,"[""local_government_office"", ""point_of_interest"", ""establishment""]",10.327405,123.895963,4.2,"8VGW+X98, Ecotech Road, Cebu City"
cebu_business_park,ChIJsTl8xyKZqTMRm7ZDSIKL0LY,Technical Education and Skills Development Authority - Regional Office VII,"[""local_government_office"", ""point_of_interest"", ""establishment""]",10.3260923,123.9063969,4.2,"487 Salinas Drive, Cebu City"
cebu_business_park,ChIJuaVc1mmZqTMR-P2JLb-xFmk,Bureau of Quarantine,"[""local_government_office"", ""point_of_interest"", ""establishment""]",10.308392,123.908158,3.5,"8W55+973, General Maxilom Avenue, Cebu City"
cebu_business_park,ChIJFRRDVHeZqTMRLR7xGjjl-Pc,"BLS Poland, Spain & Slovakia Visa Application Center in Cebu","[""local_government_office"", ""point_of_interest"", ""establishment""]",10.3194053,123.9059678,5.0,"Cebu Business Park, Unit 707, Ayala Life FGU Center, Mindanao Avenue, Corner Biliran Road, Cebu City"
cebu_business_park,ChIJhT0Wq7SeqTMRM3a6TUSH4Xo,Securities and Exchange Commission - Cebu Extension Office,"[""local_government_office"", ""point_of_interest"", ""establishment""]",10.3186687,123.9069565,3.4,"AppleOne Equicom Tower, Cebu Business Park, Mindanao Avenue, Cebu City"
cebu_business_park,ChIJ32zt1gKZqTMRiohNNuISXFg,TLScontact - Visa Application Centre Cebu,"[""local_government_office"", ""point_of_interest"", ""establishment""]",10.3205946,123.9050241,4.5,"12th floor, Latitude Corporate Center, Mindanao Avenue, Cebu City"
cebu_business_park,ChIJHzGn0z-ZqTMRk43xsCrukTI,"Pryce Plans, Inc.","[""local_government_office"", ""point_of_interest"", ""establishment""]",10.3175735,123.9076091,,"301, Cebu Holdings Center, Cardinal Rosales Avenue, Cebu City"
cebu_business_park,ChIJCwJTKUWZqTMRCkS8Gvnw7D8,Biometric Appointment,"[""local_government_office"", ""point_of_interest"", ""establishment""]",10.318229,123.9084001,5.0,"Unit 905 9th Floor Keppel Center, Samar Loop, cor Cardinal Rosales Avenue, Cebu City"
cebu_business_park,ChIJc1rr6lCZqTMRzC7PPMjMFhk,Smartway Travel and Tours Services - KepWealth Office ( Visa Assistance),"[""embassy"", ""travel_agency"", ""insurance_agency"", ""local_government_office"", ""point_of_interest"", ""establishment""]",10.3183804,123.9084265,4.8,"5th Floor Unit # 508C KepWealth Building, Cardinal Rosales Avenue, Corner Samar Loop, Cebu City"
cebu_business_park,ChIJDQO3VACZqTMRtsqcI7KTgOY,Ludings Home,"[""local_government_office"", ""point_of_interest"", ""establishment""]",10.3208026,123.9073923,,"8WC4+8XC, Luz, Cebu City"
cebu_business_park,ChIJozcJYkGZqTMRLSeT9Gl-1Qw,Overseas Workers Welfare Administration - Region 7,"[""local_government_office"", ""point_of_interest"", ""establishment""]",10.3130038,123.9026188,4.2,"Machay Building, Machay Building, 30 Gorordo Avenue, Cebu City"
cebu_business_park,ChIJiaDcEFiZqTMRATNYmJ-zuQk,BIGStart Education and Visa Corporation - Cebu Main Office,"[""travel_agency"", ""embassy"", ""local_government_office"", ""point_of_interest"", ""establishment""]",10.325082,123.9067194,4.7,"Unit 10B Avenir Condominium, 21e Archbishop Reyes Avenue, Cebu City"
cebu_business_park,ChIJJc7jpVuZqTMRjUMJ-NjURqk,Cedeño Law Office,"[""lawyer"", ""travel_agency"", ""local_government_office"", ""point_of_interest"", ""establishment""]",10.3246472,123.9065129,,"9E Avenir Condo, Archbishop Reyes Avenue, Cebu City"
cebu_business_park,ChIJx7QgzRaZqTMRkcD0Kqpcah8,Elnar Lape Lastimoso & Associates - Law Firm in Cebu City Philippines | Cebu Lawyers I Cebu Attorneys | Cebu Legal Services,"[""accounting"", ""lawyer"", ""finance"", ""local_government_office"", ""point_of_interest"", ""establishment""]",10.3115817,123.9027995,3.7,"Unit 9, Albulario Building II, General Maxilom Avenue, Cebu City"
cebu_business_park,ChIJLYgKYkGZqTMRM93UeEhXWrg,Regional Tripartite Wages and Productivity Board - Region VII,"[""local_government_office"", ""point_of_interest"", ""establishment""]",10.3108406,123.9042753,5.0,"6th Floor, DOLE VII Building General Maxilom Avenue, Corner Gorordo Avenue, Cebu City"
cebu_business_park,ChIJXeYT30OZqTMRFypnC0SKt0w,Department of Migrant Workers (DMW) - Regional Center for Visayas VII,"[""local_government_office"", ""point_of_interest"", ""establishment""]",10.3107971,123.9042288,4.1,"G/F, DOLE Bldg. (Old Insular Bldg.), Gorordo, cor General Maxilom Avenue, Cebu City"
cebu_business_park,ChIJY9I5gBeZqTMRw9PV2AIv7Lc,Kasambagan Health Center,"[""health"", ""local_government_office"", ""point_of_interest"", ""establishment""]",10.3245011,123.9107985,2.3,"Barangay Hall, Villa Aurora St, Kasambangan, Cebu City"
cebu_business_park,ChIJ75LG9xOZqTMR_GW6vFpFTlc,Russian Visa,"[""local_government_office"", ""point_of_interest"", ""establishment""]",10.3187437,123.9137301,,"Entrinsic Technology, Building, Level 1, 2778 Rufo Colina Street, Cebu City"
cebu_business_park,ChIJf2iF1RmZqTMRcYASZGC9544,Barangay Kasambagan,"[""local_government_office"", ""point_of_interest"", ""establishment""]",10.3246343,123.9111441,,"8WF6+VF2, Cebu City"
cebu_business_park,ChIJd9M61XmZqTMRLCKTeEPaYfY,"silver herstal security agency, inc","[""local_government_office"", ""point_of_interest"", ""establishment""]",10.3199649,123.9150416,1.0,"Centennial Homes, F. Gochan St Unit C-2 3rd Floor, Cebu City"
cebu_business_park,ChIJQT0wY0KZqTMRQGvaltA3Atc,Department of Social Welfare and Development Regional Office 7,"[""local_government_office"", ""point_of_interest"", ""establishment""]",10.3087956,123.9076137,3.9,"8W55+G29, General Maxilom Avenue, Extension, Cebu City"
cebu_business_park,ChIJFUC-y2mZqTMR7hFuft95XeY,Cebu City Health Department,"[""health"", ""local_government_office"", ""point_of_interest"", ""establishment""]",10.3078513,123.9090935,2.8,"8W55+4JW, General Maxilom Avenue, Extension, Cebu City"
cebu_business_park,ChIJ9bJ1vG-ZqTMRf2f6w0w62cA,TASK FORCE - REDI,"[""local_government_office"", ""point_of_interest"", ""establishment""]",10.3081949,123.9044883,,"8W53+7QH, Cebu City"
cebu_business_park,ChIJ7-1NukWZqTMR-oFMbVSPeB8,Society Of The Divine Word,"[""local_government_office"", ""point_of_interest"", ""establishment""]",10.3099402,123.8988404,,"8V5X+XGG, Singson Street, Cebu City"
cebu_business_park,ChIJkVvBsQWZqTMRzpX6Pq42yno,Land Transportation Franchising and Regulatory Board (LTFRB) - Regional Office No. VII,"[""local_government_office"", ""point_of_interest"", ""establishment""]",10.3072967,123.9028407,4.0,"103 General Echavez Street, Cebu City"
cebu_business_park,ChIJQUnQnBiZqTMR-tT2W7rQiV4,Department of Science and Technology (DOST) - Central Visayas Region,"[""local_government_office"", ""point_of_interest"", ""establishment""]",10.3260479,123.8966767,4.1,"S&T Complex, Government Center, Sudlon, Cebu City"
cebu_business_park,ChIJG2y2I4mZqTMRzU4wVMoEjgA,KaLe Inc.,"[""local_government_office"", ""point_of_interest"", ""establishment""]",10.3133532,123.8948114,5.0,"Barangay, 5th Floor, Cityscapes Tower II, Juana Osmeña Street, Cebu City"
cebu_business_park,ChIJa4g0v82eqTMRw9jODpeUTEw,FYI Design Studio,"[""real_estate_agency"", ""local_government_office"", ""point_of_interest"", ""establishment""]",10.3139966,123.8942368,4.7,"Room 302, Sonrisa Suites, Juana Osmeña Street, Cebu City"
cebu_business_park,ChIJY6dPYKCZqTMRhVJXxmNVYEY,Mendel Surveying Solutions Co.,"[""local_government_office"", ""point_of_interest"", ""establishment""]",10.3130483,123.894382,,"Unit 7-I, Base Line HQ, Juana Osmeña Street, Capitol Site, Cebu City"
cebu_business_park,ChIJoaRI9y-ZqTMR1w3A56Zsm_k,Department of the Interior and Local Government - Region 7,"[""local_government_office"", ""point_of_interest"", ""establishment""]",10.3269622,123.8966253,5.0,"8VGW+QMJ, Cebu City"
cebu_business_park,ChIJmSAPTBmZqTMRHRqERcPBo-M,Tayaban Consultancy Services,"[""local_government_office"", ""point_of_interest"", ""establishment""]",10.3115724,123.9162072,,"Crown Building, North 6 rd, J. De Veyra Street, Cebu City"
cebu_business_park,ChIJfWqaCQCZqTMRgE85U5Xd5G4,Capitol,"[""local_government_office"", ""point_of_interest"", ""establishment""]",10.3167646,123.8924366,,"Escario East Capitol Road, Cebu City"
cebu_business_park,ChIJHwnP4S-ZqTMR4jomlStNwuA,Commission on Higher Education Region 7,"[""local_government_office"", ""point_of_interest"", ""establishment""]",10.3271288,123.8957402,4.1,"8VGW+V75, Cebu City"
cebu_business_park,ChIJL9pXcUmZqTMR2C91vi-Gyok,Nationwide Health Systems Inc. Cebu,"[""health"", ""local_government_office"", ""point_of_interest"", ""establishment""]",10.3143699,123.8924125,1.3,"8V7R+PXV, Gov. M. Roa Street, Cebu City"
it_park,ChIJ8SKPwiWZqTMROUMuoWzd95M,JY Square Mall,"[""shopping_mall"", ""point_of_interest"", ""establishment""]",10.3307263,123.8984361,3.9,"1 Salinas Drive, Cebu City"
it_park,ChIJu4y9kj6ZqTMR-rlViDlB_3o,Active Zone,"[""shopping_mall"", ""point_of_interest"", ""establishment""]",10.3192922,123.9046183,4.2,"8W93+PR9, Cebu City"
it_park,ChIJZUBc-j6ZqTMRaNO24YEpRM0,Zeel International Store,"[""shopping_mall"", ""point_of_interest"", ""establishment""]",10.3186084,123.904805,5.0,"8W93+CWV, Bohol Avenue, Cebu City"
it_park,ChIJ4zUe6T6ZqTMRBfKPpU9VNLc,Ayala Center Cebu Tower,"[""shopping_mall"", ""point_of_interest"", ""establishment""]",10.3185144,123.9040939,4.3,"Bohol Avenue, Cebu City"
it_park,ChIJa9Ru7kCZqTMRxxXvO_Ddfb0,Ayala Center Cebu,"[""shopping_mall"", ""hair_care"", ""health"", ""point_of_interest"", ""establishment""]",10.318237,123.9052295,4.5,"Cebu Business Park, Cebu City"
it_park,ChIJqR3O4j6ZqTMR2P5zFYlkfPs,Cebu Holdings Incorporated,"[""shopping_mall"", ""point_of_interest"", ""establishment""]",10.318234,123.904578,3.8,"CCD Admin Office, 3rd Level Ayala Center, Bohol Avenue, Cebu Business Park, Cebu City"
it_park,ChIJb20H_z6ZqTMR_N4lXxxPgw4,REEF,"[""shopping_mall"", ""point_of_interest"", ""establishment""]",10.318208,123.905156,2.0,"Active Zone, Ayala Center Cebu, Archibishop Reyes Ave Cebu Business Park, Cebu City"
it_park,ChIJVVVVKOeYqTMRvdB49Te35vM,Gaisano Country Mall,"[""shopping_mall"", ""point_of_interest"", ""establishment""]",10.3394189,123.910812,3.9,"Banilad Road, Cebu City"
it_park,ChIJJXp9jeaYqTMRs5FmM6zbkWQ,Banilad Town Centre,"[""shopping_mall"", ""point_of_interest"", ""establishment""]",10.3409196,123.9127582,4.2,"Gov. M. Cuenco Avenue, Cebu City"
it_park,ChIJR6nEAT-ZqTMRrs6rLtOswdk,Ayala Terraces,"[""shopping_mall"", ""point_of_interest"", ""establishment""]",10.3189056,123.9059312,4.5,"8W94+H97, Biliran Road, Cebu City"
it_park,ChIJvxhRIiKZqTMRvluZby90fZQ,Garden Row,"[""shopping_mall"", ""point_of_interest"", ""establishment""]",10.3298473,123.9067957,4.7,"Ayala Malls Central Bloc, V. Padriga Street, Apas, Cebu City"
it_park,ChIJxXYmYACZqTMROtEwI6ZXXyM,The Blissbox by Melie,"[""shopping_mall"", ""point_of_interest"", ""establishment""]",10.3307927,123.9070437,,"Central Bloc, V. Padriga Street, Cebu City"
it_park,ChIJf7zN9R6ZqTMRbqBZJfgxaBk,Virtual assistant Philippines agency,"[""shopping_mall"", ""point_of_interest"", ""establishment""]",10.3307927,123.9070437,4.3,"V. Padriga St Central Bloc Mall) - 11th Floor, Lahug, Cebu City"
it_park,ChIJ1eEahvuZqTMRV7eLdWBr00s,Ayala Malls Central Bloc,"[""shopping_mall"", ""point_of_interest"", ""establishment""]",10.3306811,123.9073198,4.5,"Central Bloc, I. Villa Street, Cebu City"
it_park,ChIJT3yEfFGZqTMRC9YpshEJfuM,아이티파크 아얄라몰 세부시티,"[""shopping_mall"", ""point_of_interest"", ""establishment""]",10.3307484,123.9075315,3.9,"8WJ5+72V, Cebu City"
it_park,ChIJ3cbdvtyZqTMRPd2Yvvlc8Hg,Ayala Central Bloc Cinema,"[""shopping_mall"", ""point_of_interest"", ""establishment""]",10.3303523,123.9075586,3.9,"8WJ5+42V, Cebu City"
it_park,ChIJLZSw8OuYqTMRhg4hTRvVJGk,88th Avenue,"[""shopping_mall"", ""lodging"", ""restaurant"", ""food"", ""point_of_interest"", ""establishment""]",10.3282614,123.9090486,4.0,"Lot 686 Gov. M. Cuenco Avenue, Cebu City"
it_park,ChIJ0VxoxCWZqTMR-wK_xK3ZOzA,Ja’S Ur F.A.B,"[""shopping_mall"", ""point_of_interest"", ""establishment""]",10.330074,123.898755,4.0,"Ground Floor, JY Square Mall, 1 Salinas Drive, Cebu City"
it_park,ChIJe7KEX_-ZqTMRawwmWlvCNo8,Trendy Shop,"[""shopping_mall"", ""point_of_interest"", ""establishment""]",10.3331163,123.8990457,,"Lahug, Cebu City"
it_park,ChIJFYTO9hGZqTMR7_FwEqih1hU,Les,"[""shopping_mall"", ""point_of_interest"", ""establishment""]",10.3373313,123.9053005,,"Sitio plaza, Brgy. Apas, Cebu City"
it_park,ChIJJbQMvk-ZqTMRbJufhL86hQE,atomy cebu dream center,"[""shopping_mall"", ""point_of_interest"", ""establishment""]",10.3297447,123.8979504,4.7,"4rd Floor Unit 406 of, at MIT bldg, 117 Gorordo Avenue, Cebu City"
it_park,ChIJEzw0UCSZqTMRQCltwXc-zsA,BEZT CHOICE - Buy the Best for You!,"[""shopping_mall"", ""point_of_interest"", ""establishment""]",10.3243746,123.9100476,,"The Meridian Condo, LICERA HQ, 1612 Golam Drive, Cebu City"
it_park,ChIJkXcVa2GZqTMRjGp9qfI12wU,Sepen/11,"[""shopping_mall"", ""point_of_interest"", ""establishment""]",10.332804,123.8965556,,"1 Sudlon, Cebu City"
it_park,ChIJm9ahTRaZqTMRiLcrKNcUzKg,Mahogany Place,"[""shopping_mall"", ""point_of_interest"", ""establishment""]",10.3222959,123.9099819,4.1,"8WC5+WX9, Pope John Paul II Avenue, Cebu City"
it_park,ChIJnde8POGYqTMR3MPj-qiGUhs,GQS Plaza,"[""shopping_mall"", ""point_of_interest"", ""establishment""]",10.3380569,123.9117034,3.8,"8WQ6+6MG, Old Banilad Road, Cebu City"
it_park,ChIJ7VM4HMCZqTMR2t0_H01fjRU,GPH CENTRAL,"[""shopping_mall"", ""point_of_interest"", ""establishment""]",10.3232604,123.913662,4.6,"8WF7+8F3, Cebu City"
it_park,ChIJSbDQ0uCYqTMRzOQs5-xEM8s,Creamee D-Lite,"[""shopping_mall"", ""point_of_interest"", ""establishment""]",10.3395,123.9115,,Philippines
it_park,ChIJL0pzWD6ZqTMRUexKo87ZTlM,Cebu Ayala Center Garden,"[""shopping_mall"", ""point_of_interest"", ""establishment""]",10.3188317,123.9051855,4.2,"Ayala Center, 176 Archbishop Reyes Avenue, Cebu City"
it_park,ChIJuUkhLgCZqTMRv9hp8KHnGrk,Ayala Center Cebu,"[""shopping_mall"", ""point_of_interest"", ""establishment""]",10.3186687,123.9069565,,"AppleOne Equicom Tower, Cebu City"
it_park,ChIJFWQd-z6ZqTMRf8rRnaCUev0,Hapjaps,"[""shopping_mall"", ""point_of_interest"", ""establishment""]",10.3185545,123.9047269,3.0,"Ayala Entertainment Center, Cebu City"
it_park,ChIJu8XmfL6ZqTMR-QIsQ5RqTtY,Roy&Biv,"[""shopping_mall"", ""point_of_interest"", ""establishment""]",10.3185329,123.9040889,5.0,"Level 2, Ayala Center Cebu, Cebu City"
it_park,ChIJY5mQCeeZqTMRMy1qE3-1i3M,Caniboo Medical Scrubs,"[""shopping_mall"", ""point_of_interest"", ""establishment""]",10.34074,123.9128854,,"Banilad Town Center, Gov. M. Cuenco Avenue, Cebu City"
it_park,ChIJOThT34qZqTMRXZxGV5zH4IY,cebusihyuncorp,"[""shopping_mall"", ""point_of_interest"", ""establishment""]",10.3409031,123.912949,,"8WR7+958, Gov. M. Cuenco Avenue, Cebu City"
it_park,ChIJVVUVyD-ZqTMRcXMEs-zsBdo,Paseo Solana,"[""shopping_mall"", ""point_of_interest"", ""establishment""]",10.3173328,123.9067822,,"8W84+WPM, Cebu City"
it_park,ChIJR-jLrXOZqTMRT9yKa7yrPA0,Aly's 5Peso Carwash,"[""shopping_mall"", ""point_of_interest"", ""establishment""]",10.3213966,123.895379,,"Purok 8, Cebu City"
it_park,ChIJw6EjnhiZqTMRvtRYB1SBscU,"National Food Authority, Region 7 (NFA R-VII)","[""local_government_office"", ""point_of_interest"", ""establishment""]",10.3279372,123.9083009,3.8,"8WH5+58F, Cebu City"
it_park,ChIJD0mbfxiZqTMRA5rc4ukK0Z0,National Irrigation Administration,"[""local_government_office"", ""point_of_interest"", ""establishment""]",10.3272629,123.9081415,5.0,"M. Cuenco Avenue , Banilad , 6000 Cebu City , Cebu"
it_park,ChIJAVM0tx-ZqTMRu_1_JqzOo5Y,Commission on Population and Development - Region VII,"[""local_government_office"", ""point_of_interest"", ""establishment""]",10.3327197,123.9102445,5.0,"6000 Gov. M. Cuenco Avenue, Cebu City"
it_park,ChIJX7o67C-ZqTMRtwIUdgO_fB8,Department of Environment and Natural Resources Regional Office 7,"[""local_government_office"", ""point_of_interest"", ""establishment""]",10.327405,123.895963,4.2,"8VGW+X98, Ecotech Road, Cebu City"
it_park,ChIJ46lpHTCZqTMRrVWMCbrFj7k,Department of Budget and Management - Region 7,"[""local_government_office"", ""point_of_interest"", ""establishment""]",10.3262559,123.896099,4.7,"Regional Office, 07 Ecotecard, Cebu City"
it_park,ChIJfV3PNzmZqTMRwMIvBLzg3nA,Automobile Association Philippines - Cebu Satellite Office,"[""local_government_office"", ""point_of_interest"", ""establishment""]",10.3196794,123.9019363,4.6,"105, CRM Building Escario, corner Molave Street, Cebu City"
it_park,ChIJpVtSL-GYqTMRBGYRqo3mceI,Police Station 4 Outpost,"[""police"", ""local_government_office"", ""point_of_interest"", ""establishment""]",10.3394779,123.9114924,1.0,"8WQ6+QHX, Gaisano Country Mall, Gov. M. Cuenco Avenue, Apas, Cebu City"
it_park,ChIJTVjllS-ZqTMRMgnwSBashS8,Civil Service Commission - Region 7,"[""local_government_office"", ""point_of_interest"", ""establishment""]",10.3281062,123.8956896,4.2,"8VHW+67W, Sudlon, Cebu City"
it_park,ChIJsTl8xyKZqTMRm7ZDSIKL0LY,Technical Education and Skills Development Authority - Regional Office VII,"[""local_government_office"", ""point_of_interest"", ""establishment""]",10.3260923,123.9063969,4.2,"487 Salinas Drive, Cebu City"
it_park,ChIJiaDcEFiZqTMRATNYmJ-zuQk,BIGStart Education and Visa Corporation - Cebu Main Office,"[""travel_agency"", ""embassy"", ""local_government_office"", ""point_of_interest"", ""establishment""]",10.325082,123.9067194,4.7,"Unit 10B Avenir Condominium, 21e Archbishop Reyes Avenue, Cebu City"
it_park,ChIJJc7jpVuZqTMRjUMJ-NjURqk,Cedeño Law Office,"[""lawyer"", ""travel_agency"", ""local_government_office"", ""point_of_interest"", ""establishment""]",10.3246472,123.9065129,,"9E Avenir Condo, Archbishop Reyes Avenue, Cebu City"
it_park,ChIJqd72AwCZqTMRBR3fIYsSZww,JB LAZAN ENGINEERING & SURVEYING CONSULTANCY,"[""local_government_office"", ""point_of_interest"", ""establishment""]",10.3321989,123.8984683,,"964f Cebu Veterans Drive, Apas, Cebu City"
it_park,ChIJY9I5gBeZqTMRw9PV2AIv7Lc,Kasambagan Health Center,"[""health"", ""local_government_office"", ""point_of_interest"", ""establishment""]",10.3245011,123.9107985,2.3,"Barangay Hall, Villa Aurora St, Kasambangan, Cebu City"
it_park,ChIJf2iF1RmZqTMRcYASZGC9544,Barangay Kasambagan,"[""local_government_office"", ""point_of_interest"", ""establishment""]",10.3246343,123.9111441,,"8WF6+VF2, Cebu City"
it_park,ChIJoaRI9y-ZqTMR1w3A56Zsm_k,Department of the Interior and Local Government - Region 7,"[""local_government_office"", ""point_of_interest"", ""establishment""]",10.3269622,123.8966253,5.0,"8VGW+QMJ, Cebu City"
it_park,ChIJQUnQnBiZqTMR-tT2W7rQiV4,Department of Science and Technology (DOST) - Central Visayas Region,"[""local_government_office"", ""point_of_interest"", ""establishment""]",10.3260479,123.8966767,4.1,"S&T Complex, Government Center, Sudlon, Cebu City"
it_park,ChIJ32zt1gKZqTMRiohNNuISXFg,TLScontact - Visa Application Centre Cebu,"[""local_government_office"", ""point_of_interest"", ""establishment""]",10.3205946,123.9050241,4.5,"12th floor, Latitude Corporate Center, Mindanao Avenue, Cebu City"
it_park,ChIJDQO3VACZqTMRtsqcI7KTgOY,Ludings Home,"[""local_government_office"", ""point_of_interest"", ""establishment""]",10.3208026,123.9073923,,"8WC4+8XC, Luz, Cebu City"
it_park,ChIJHwnP4S-ZqTMR4jomlStNwuA,Commission on Higher Education Region 7,"[""local_government_office"", ""point_of_interest"", ""establishment""]",10.3271288,123.8957402,4.1,"8VGW+V75, Cebu City"
it_park,ChIJFRRDVHeZqTMRLR7xGjjl-Pc,"BLS Poland, Spain & Slovakia Visa Application Center in Cebu","[""local_government_office"", ""point_of_interest"", ""establishment""]",10.3194053,123.9059678,5.0,"Cebu Business Park, Unit 707, Ayala Life FGU Center, Mindanao Avenue, Corner Biliran Road, Cebu City"
it_park,ChIJ47COPoCZqTMRPYdlebt6ITA,Noe mondrano povadora,"[""local_government_office"", ""point_of_interest"", ""establishment""]",10.336035,123.9151806,,"8WP8+C37, Banilad, Cebu City"
it_park,ChIJ4UFo6C6ZqTMRfRYxJUzRsqk,PDEA RO VII,"[""local_government_office"", ""point_of_interest"", ""establishment""]",10.3310969,123.8934927,3.6,"8VJV+C9Q, Doña Modesta Gaisano Street, Cebu City"
it_park,ChIJMXl6HAaZqTMRTHtvaAsAhso,National Power Corporation - SPUG Visayas,"[""local_government_office"", ""point_of_interest"", ""establishment""]",10.3313197,123.8933661,4.0,"PJB Bldg, Doña Modesta Gaisano Street, Sudlon, Cebu City"
it_park,ChIJhT0Wq7SeqTMRM3a6TUSH4Xo,Securities and Exchange Commission - Cebu Extension Office,"[""local_government_office"", ""point_of_interest"", ""establishment""]",10.3186687,123.9069565,3.4,"AppleOne Equicom Tower, Cebu Business Park, Mindanao Avenue, Cebu City"
it_park,ChIJc1rr6lCZqTMRzC7PPMjMFhk,Smartway Travel and Tours Services - KepWealth Office ( Visa Assistance),"[""embassy"", ""travel_agency"", ""insurance_agency"", ""local_government_office"", ""point_of_interest"", ""establishment""]",10.3183804,123.9084265,4.8,"5th Floor Unit # 508C KepWealth Building, Cardinal Rosales Avenue, Corner Samar Loop, Cebu City"
it_park,ChIJCwJTKUWZqTMRCkS8Gvnw7D8,Biometric Appointment,"[""local_government_office"", ""point_of_interest"", ""establishment""]",10.318229,123.9084001,5.0,"Unit 905 9th Floor Keppel Center, Samar Loop, cor Cardinal Rosales Avenue, Cebu City"
it_park,ChIJL4Q__HSZqTMRYlGk__hazzQ,"VFS Global Australian Biometric Collection Centre, Canada, Italy, UK, Schengen Visa Application Centre in Cebu","[""local_government_office"", ""point_of_interest"", ""establishment""]",10.3269719,123.9179316,3.7,"Unit 1-4, 7th Floor, Faustina Center, Bonifacio District, F. Cabahug Street, Cebu City"
it_park,ChIJ86sIUgCZqTMRsH_EoyB9th4,Japan Visa Application Centre (JVAC) / VFS Japan,"[""local_government_office"", ""point_of_interest"", ""establishment""]",10.3260635,123.9176481,2.2,"Faustina Center, Level 6 F. Cabahug Street, Cebu City"
it_park,ChIJHzGn0z-ZqTMRk43xsCrukTI,"Pryce Plans, Inc.","[""local_government_office"", ""point_of_interest"", ""establishment""]",10.3175735,123.9076091,,"301, Cebu Holdings Center, Cardinal Rosales Avenue, Cebu City"
it_park,ChIJTYfDVgCZqTMRIg7UrpQA5-Y,VFS Global Joint Visa Application Centre,"[""local_government_office"", ""point_of_interest"", ""establishment""]",10.3272174,123.918138,3.4,"Unit 1-4, 7th Floor, Faustina Center, Bonifacio District, F. Cabahug Street, Cebu City"
mandaue_cbd,ChIJLahHtvqYqTMRAGoKNmzdAH0,Design Center of Cebu,"[""shopping_mall"", ""home_goods_store"", ""store"", ""point_of_interest"", ""establishment""]",10.3417828,123.9196236,4.3,"356-A A.S. Fortuna Corner P Remedio Streets,, Banilad, Mandaue"
mandaue_cbd,ChIJd5yal1iYqTMRIaqdjeg7oLs,Gaisano Capital Casuntingan,"[""shopping_mall"", ""point_of_interest"", ""establishment""]",10.3452742,123.9307642,3.9,"M. L. Quezon Avenue, Mandaue"
mandaue_cbd,ChIJsxaqyPqYqTMRyUSMLjT2UwE,The Space,"[""shopping_mall"", ""point_of_interest"", ""establishment""]",10.3413201,123.920074,4.3,"6014, 869 A. S. Fortuna Street, Mandaue"
mandaue_cbd,ChIJJXp9jeaYqTMRs5FmM6zbkWQ,Banilad Town Centre,"[""shopping_mall"", ""point_of_interest"", ""establishment""]",10.3409196,123.9127582,4.2,"Gov. M. Cuenco Avenue, Cebu City"
mandaue_cbd,ChIJO2BUNlSYqTMRF13v0d-PrPU,SM J Mall,"[""shopping_mall"", ""point_of_interest"", ""establishment""]",10.3351722,123.9339875,4.2,"165 A. S. Fortuna Street, Mandaue"
mandaue_cbd,ChIJVVVVKOeYqTMRvdB49Te35vM,Gaisano Country Mall,"[""shopping_mall"", ""point_of_interest"", ""establishment""]",10.3394189,123.910812,3.9,"Banilad Road, Cebu City"
mandaue_cbd,ChIJaxo_tvqYqTMRt8ttEUAECmw,SMEG Cebu Experience Center,"[""shopping_mall"", ""home_goods_store"", ""store"", ""point_of_interest"", ""establishment""]",10.3419383,123.9197594,3.8,"Unit 1-I, Design Center Of Cebu, A. S. Fortuna Street, Mandaue"
mandaue_cbd,ChIJcd9i0fuYqTMRkWtkK3FNGOc,Norkis Commercial Complex,"[""shopping_mall"", ""point_of_interest"", ""establishment""]",10.3395837,123.9243476,,"A. S. Fortuna Street, Mandaue"
mandaue_cbd,ChIJ1VJlNP6ZqTMRWHzJI0Yqckc,Chatswood Drive,"[""shopping_mall"", ""point_of_interest"", ""establishment""]",10.3400447,123.9252163,4.7,"Chatswood Center, A. S. Fortuna Street, Mandaue"
mandaue_cbd,ChIJPSPE1_uYqTMRr7O3bpAFS2Y,Chatswood Center,"[""shopping_mall"", ""point_of_interest"", ""establishment""]",10.3397657,123.9250355,4.4,"828 A. S. Fortuna Street, Mandaue"
mandaue_cbd,ChIJzRTp2_eZqTMR96H2RbNA_Ac,Lightsite Parc,"[""shopping_mall"", ""point_of_interest"", ""establishment""]",10.3417944,123.9192601,,"LIGHTSITE PARC, A. S. Fortuna Street, Mandaue"
mandaue_cbd,ChIJ9Zc2QPqZqTMRGTaB1s-eLj0,Asiaworld Neon City,"[""shopping_mall"", ""point_of_interest"", ""establishment""]",10.3395114,123.9251926,5.0,"Chatswood Center, 828 A. S. Fortuna Street, Mandaue"
mandaue_cbd,ChIJUc5_tIyYqTMRg3Y6_4IrsrQ,Avenue Foundry Shop Incorporated,"[""shopping_mall"", ""point_of_interest"", ""establishment""]",10.3521774,123.9237675,1.0,"36 M L Quezon Street, Mandaue"
mandaue_cbd,ChIJOThT34qZqTMRXZxGV5zH4IY,cebusihyuncorp,"[""shopping_mall"", ""point_of_interest"", ""establishment""]",10.3409031,123.912949,,"8WR7+958, Gov. M. Cuenco Avenue, Cebu City"
mandaue_cbd,ChIJY5mQCeeZqTMRMy1qE3-1i3M,Caniboo Medical Scrubs,"[""shopping_mall"", ""point_of_interest"", ""establishment""]",10.34074,123.9128854,,"Banilad Town Center, Gov. M. Cuenco Avenue, Cebu City"
mandaue_cbd,ChIJvUTIP1yZqTMRktvWIY8NxkY,マツエク,"[""shopping_mall"", ""point_of_interest"", ""establishment""]",10.341788,123.93443,,"8WRM+PQ7, Sacris Road, A. S. Fortuna Street, Bakilad, Mandaue"
mandaue_cbd,ChIJ200ZL-aYqTMRYiJfaZDDV78,Hendy Mitchels,"[""shopping_mall"", ""point_of_interest"", ""establishment""]",10.3432588,123.9112487,4.5,"Number 1 Paseo Saturnino, Cebu City"
mandaue_cbd,ChIJSbDQ0uCYqTMRzOQs5-xEM8s,Creamee D-Lite,"[""shopping_mall"", ""point_of_interest"", ""establishment""]",10.3395,123.9115,,Philippines
mandaue_cbd,ChIJnde8POGYqTMR3MPj-qiGUhs,GQS Plaza,"[""shopping_mall"", ""point_of_interest"", ""establishment""]",10.3380569,123.9117034,3.8,"8WQ6+6MG, Old Banilad Road, Cebu City"
mandaue_cbd,ChIJtx9VOVSYqTMRlz0zKV1Ak0U,Accessorize,"[""shopping_mall"", ""point_of_interest"", ""establishment""]",10.335396,123.934227,3.0,"165, J Centre Mall, AS Fortuna Street, Mandaue"
mandaue_cbd,ChIJE8aE3eWYqTMRyhMXZ9ncEEk,Department Of Environment And Natural Resources,"[""local_government_office"", ""point_of_interest"", ""establishment""]",10.3422749,123.914162,4.0,"Eldorado Subdivision, Region 7 Mahogany Street, Mandaue"
mandaue_cbd,ChIJpVtSL-GYqTMRBGYRqo3mceI,Police Station 4 Outpost,"[""police"", ""local_government_office"", ""point_of_interest"", ""establishment""]",10.3394779,123.9114924,1.0,"8WQ6+QHX, Gaisano Country Mall, Gov. M. Cuenco Avenue, Apas, Cebu City"
mandaue_cbd,ChIJW196r_uYqTMRnxaLFKs0vG0,BPSO Headquaters,"[""local_government_office"", ""point_of_interest"", ""establishment""]",10.33954,123.922524,,"869 A. S. Fortuna Street, Mandaue"
mandaue_cbd,ChIJDfhhr_uYqTMRmHfi2-mj_8A,Office Of The Barangay Secretary And Barangay Treasurer,"[""local_government_office"", ""point_of_interest"", ""establishment""]",10.339514,123.922491,,"869 A. S. Fortuna Street, Banilad, Mandaue"
mandaue_cbd,ChIJWS2XLxyZqTMRq6g07boku5M,Banilad Multi-purpose Hall,"[""local_government_office"", ""point_of_interest"", ""establishment""]",10.3393855,123.9224999,,"8WQC+QX5, Mandaue"
mandaue_cbd,ChIJaUlbDZeZqTMR_4BVTFaA-Qs,Office of the Presidential Assistant for the Visayas,"[""local_government_office"", ""point_of_interest"", ""establishment""]",10.3435826,123.918543,3.8,"Oakridge IT Center 3, 880 A. S. Fortuna Street, Mandaue"
mandaue_cbd,ChIJaQ_xZSKZqTMRO8CE6g63rkI,FLORIDA LOTTERY Cebu Office,"[""local_government_office"", ""point_of_interest"", ""establishment""]",10.3481883,123.9268297,,"A Geson Building, 728 M. L. Quezon Avenue, Mandaue"
mandaue_cbd,ChIJ6QPmuCCZqTMRWgGy0unUtcA,RHL Survey,"[""local_government_office"", ""point_of_interest"", ""establishment""]",10.3364243,123.9209543,,"8WPC+H98, Hernan Cortes Street, Mandaue"
mandaue_cbd,ChIJe41KesKZqTMRcQFsOYFGrjE,Purok Tindok,"[""local_government_office"", ""point_of_interest"", ""establishment""]",10.3503592,123.9270964,4.8,"Cabancalan Mandaue City, Purok Tindok Loran Road, Mandaue"
mandaue_cbd,ChIJ47COPoCZqTMRPYdlebt6ITA,Noe mondrano povadora,"[""local_government_office"", ""point_of_interest"", ""establishment""]",10.336035,123.9151806,,"8WP8+C37, Banilad, Cebu City"
mandaue_cbd,ChIJSYf0yLyZqTMRX2o8iY9t9So,dgventures,"[""local_government_office"", ""point_of_interest"", ""establishment""]",10.3537275,123.9261788,,"Agro, Macro Phase 2, 70th Street, Mandaue"
mactan_cbd,ChIJ70v0wL-ZqTMRoUX8yrpvC4M,Unitop,"[""department_store"", ""shopping_mall"", ""supermarket"", ""grocery_or_supermarket"", ""home_goods_store"", ""food"", ""point_of_interest"", ""store"", ""establishment""]",10.3111409,123.9514125,3.9,"G. Mangubat Street, Lapu-Lapu"
mactan_cbd,ChIJCT6xpr-ZqTMRpxreFmOCoMY,Polyprism Game Station,"[""shopping_mall"", ""point_of_interest"", ""establishment""]",10.3122854,123.9505563,4.3,"8X62+W67, Lopez - Jaena Street, Lapu-Lapu"
mactan_cbd,ChIJGZA5RSSZqTMR7qXbV5YICE8,JONAX USED CLOTHING WHOLESALING OR JONAX SURPLUS,"[""shopping_mall"", ""point_of_interest"", ""establishment""]",10.3114559,123.9508823,,"G. Mangubat Street, Poblacion, Lapu-Lapu"
mactan_cbd,ChIJyyDTdr-ZqTMRdMY1GJ5iXvE,Shayne's Store,"[""shopping_mall"", ""point_of_interest"", ""establishment""]",10.312783,123.9517295,4.0,"8X72+4M9, Lapu-Lapu"
mactan_cbd,ChIJWdZKwL-ZqTMRSPITa0VSJ0w,WTC,"[""shopping_mall"", ""point_of_interest"", ""establishment""]",10.3112407,123.9512119,5.0,"8X62+FFW, Lapulapu City Hall Access Road, Lapu-Lapu"
mactan_cbd,ChIJTYgRFf6ZqTMR1nx3Q3hiB8A,Longwin OPON Lapulapu,"[""shopping_mall"", ""point_of_interest"", ""establishment""]",10.311395,123.9521928,4.5,"8X62+JR5, Ompad Street, Poblacion, Lapu-Lapu"
mactan_cbd,ChIJo8H-N1iZqTMRlJIKouYFhaI,NOVO Pants and Shirts,"[""shopping_mall"", ""point_of_interest"", ""establishment""]",10.3095652,123.9503718,3.7,"8X52+R4H, Lapu-Lapu"
mactan_cbd,ChIJixTlZguZqTMRdl4jP4lrGuk,SHESU BEAUTY STUDIO,"[""shopping_mall"", ""point_of_interest"", ""establishment""]",10.3113443,123.952475,,"8X62+GXQ, Second Floor, CB Igot Building, G.Y. Dela Serna Street, Lapu-Lapu"
mactan_cbd,ChIJE99UoMmZqTMRPiB6TmIE6HY,SHESU HOUSEHOLD WHOLESALING,"[""shopping_mall"", ""point_of_interest"", ""establishment""]",10.3113924,123.9527053,3.9,"8X63+H34, G.Y. Dela Serna Street, Lapu-Lapu"
mactan_cbd,ChIJrU7WHvaZqTMRpfqkasO6qQs,MsMe Arcade,"[""shopping_mall"", ""point_of_interest"", ""establishment""]",10.3077473,123.9517689,4.3,"South Osmeña Street, Gun-ob, Lapu-Lapu"
mactan_cbd,ChIJMUMNdbOZqTMRouGcWzYMpDs,Dynamique Solutions OPC,"[""shopping_mall"", ""point_of_interest"", ""establishment""]",10.3066799,123.9522723,,"124 South Osmeña Street, Lapu-Lapu"
mactan_cbd,ChIJ2wHUucGZqTMREATsuLyy2DA,Gold Mountain Center,"[""shopping_mall"", ""point_of_interest"", ""establishment""]",10.3109698,123.9562321,3.5,"Gold Mountain Center, 1007 Opon-Airport-Sangi Road, Lapu-Lapu"
mactan_cbd,ChIJ7-M8XXOZqTMR1pXOjJDGvPI,Purple Star Online Shop,"[""shopping_mall"", ""point_of_interest"", ""establishment""]",10.3063629,123.9546111,5.0,"8X43+GRX, Lapu-Lapu"
mactan_cbd,ChIJQQ2wj8GZqTMRJfVmy-tBGC0,Diamond Store,"[""shopping_mall"", ""point_of_interest"", ""establishment""]",10.3111069,123.957696,3.0,"8X65+C3W, Airport - Sangri Road, Lapu-Lapu"
mactan_cbd,ChIJDbNISgCZqTMRJFqV_TcruYQ,Cordova,"[""shopping_mall"", ""point_of_interest"", ""establishment""]",10.3086852,123.9573724,,"8X54+FWH, Humay-Humay Road, Lapu-Lapu"
mactan_cbd,ChIJg89MRACZqTMRBsm6_MeD4TI,Gun ob Lapu-LapuCity,"[""shopping_mall"", ""point_of_interest"", ""establishment""]",10.3041517,123.9530297,,"8X33+M66, Lapu-Lapu"
mactan_cbd,ChIJBfp399yZqTMRS2kO3U-U2s0,BF Mactan Strip,"[""shopping_mall"", ""point_of_interest"", ""establishment""]",10.3148407,123.9592639,4.1,"M.L. Quezon National Highway, Pajo, Lapu-Lapu"
mactan_cbd,ChIJPXRTDMqZqTMROOtgoxUEU3Y,Kitty Olshop,"[""shopping_mall"", ""point_of_interest"", ""establishment""]",10.3254633,123.9531238,,"8XG3+56Q, A. C. Cortes Avenue, Mandaue"
mactan_cbd,ChIJ0T5inMSZqTMRHc-HiutSvO8,Amvjak Sari Sari Store,"[""shopping_mall"", ""point_of_interest"", ""establishment""]",10.3139812,123.9619435,5.0,Lapu-Lapu
mactan_cbd,ChIJ405t-L6ZqTMRBasjTABc7q8,TORING SURVEYING,"[""local_government_office"", ""point_of_interest"", ""establishment""]",10.312868,123.949322,5.0,"8W7X+4PW, F. Martir Street, Lapu-Lapu"
mactan_cbd,ChIJB5H9npWZqTMRSL0RwrJevdQ,Stimulation Therapeutic Activity Center Lapu-lapu,"[""local_government_office"", ""point_of_interest"", ""establishment""]",10.3092194,123.9497525,4.0,"8W5X+MWJ, Lapu-Lapu"
mactan_cbd,ChIJ3U5cOACZqTMR0pGTZ8Gq2E0,"mantawe, Poblacion Lapu-Lapu city Cebu Philippines","[""local_government_office"", ""point_of_interest"", ""establishment""]",10.31367,123.9534582,,"8X73+F93, Cebu City"
mactan_cbd,ChIJ21hOEQCZqTMRUfOeovQf1fg,Looc Barangay Hall,"[""local_government_office"", ""point_of_interest"", ""establishment""]",10.3057985,123.9464397,3.8,"8W4W+8H7, Lapu-Lapu"
mactan_cbd,ChIJgf7pQgCZqTMR6aD5Q9dX-cM,Kimberly,"[""local_government_office"", ""point_of_interest"", ""establishment""]",10.3113123,123.9577528,,"8X65+G4C, Barili"
mactan_cbd,ChIJW7T20MOZqTMRaf44wRQh22g,BPSO Office,"[""local_government_office"", ""point_of_interest"", ""establishment""]",10.312522,123.9590671,,"8X75+2J4, Ybanez, Lapu-Lapu"
mactan_cbd,ChIJIRtw5CqZqTMRarCosHudw9Q,Traffic Enforcement Agency Of Mandaue,"[""local_government_office"", ""point_of_interest"", ""establishment""]",10.3229073,123.9414951,1.3,"8WFR+5H9, Mandaue"
mactan_cbd,ChIJf7_Dl7GZqTMR6S_KdbZICUg,Office Of The City Engineer,"[""local_government_office"", ""point_of_interest"", ""establishment""]",10.3242351,123.9435394,4.0,"8WFV+MCV, Plaridel Street, Mandaue"
mactan_cbd,ChIJQ14JwLGZqTMRyMpCqYZlp4U,PWD Shelter Workshop and Livelihood Center,"[""local_government_office"", ""point_of_interest"", ""establishment""]",10.32437,123.942929,,"8WFV+P5V, P.J.Burgos, Mandaue"
mactan_cbd,ChIJI7IawLGZqTMRx03DGI6x5e0,Social Development Center,"[""local_government_office"", ""point_of_interest"", ""establishment""]",10.324394,123.942901,1.0,"8WFV+Q52, Burgos St, Mandaue"
mactan_cbd,ChIJP22V1siZqTMR-NXx8e0sL9k,City of Mandaue City Social Services (CSWS),"[""local_government_office"", ""point_of_interest"", ""establishment""]",10.3245639,123.9430015,4.5,"8WFV+R6C, P.J.Burgos, Mandaue"
mactan_cbd,ChIJo5B54bGZqTMReL-1HHYEqKM,City Population Office,"[""local_government_office"", ""point_of_interest"", ""establishment""]",10.3248369,123.941744,,"8WFR+WMQ, S.B. Cabahug, Mandaue"
srp,ChIJmXpQCACdqTMRHyKeirRgTuw,PARDO SQUARE,"[""shopping_mall"", ""point_of_interest"", ""establishment""]",10.2783792,123.8557743,4.3,"7VH4+982, Cebu City"
srp,ChIJ0Qqz8SOdqTMRuje8zvt-omg,Phatboyz Goldfish Heaven,"[""shopping_mall"", ""point_of_interest"", ""establishment""]",10.2811223,123.8594031,,"7VJ5+CQR, Rodil Compound, Rainbow Village, Cebu City"
srp,ChIJ2bRxRdydqTMRuXhyDe5zRok,Aling Neneng 24/7 Store,"[""shopping_mall"", ""point_of_interest"", ""establishment""]",10.2818836,123.8553521,4.7,"7VJ4+Q45, Antuwanga, Cebu City"
srp,ChIJUXNWyWudqTMR9_13vaOv8pQ,Loremas Store,"[""shopping_mall"", ""point_of_interest"", ""establishment""]",10.2838742,123.855895,,"East Sabellano Street, Cebu City"
srp,ChIJa2AQkE-cqTMR99_4wUNDTXs,Bulacao Barangay Hall,"[""local_government_office"", ""point_of_interest"", ""establishment""]",10.2754128,123.851352,3.7,"7VG2+5G9, Cebu South Road, Cebu City"
srp,ChIJB-GD6lCcqTMRaC-3MW6a7sI,"Pintor Surveying, Realty & Development","[""local_government_office"", ""point_of_interest"", ""establishment""]",10.2697405,123.8507618,4.7,"Gumamela Street, Saint Jude Acres Road, Bualacao, Cebu City"
srp,ChIJ4bS11amw-gERg4HJs2e_4B0,Albarico Guinipa-an Land Surveying Services-Cebu City,"[""local_government_office"", ""point_of_interest"", ""establishment""]",10.2729524,123.8528426,4.8,"Phase 4 Violeta Street, Cebu City"
srp,ChIJYbMrxmWcqTMRFPNpGU4BjDA,City Hall Block,"[""city_hall"", ""local_government_office"", ""point_of_interest"", ""establishment""]",10.2697414,123.8702408,,"7V9C+V3X, Unnamed Rd, Cebu City"
srp,ChIJQysKaBadqTMRe4jBtvVnAgU,CABANAO Surveying Services,"[""local_government_office"", ""point_of_interest"", ""establishment""]",10.2675733,123.8504357,5.0,"7V92+25, Talisay"
srp,ChIJD6iRS2KcqTMRsjKWRXlgLAM,DPWH RO VII - QAHD Office,"[""local_government_office"", ""point_of_interest"", ""establishment""]",10.2640505,123.8707246,4.0,"7V7C+J7H, Antuwanga, Cebu City"
srp,ChIJz9XyTI2dqTMRwSeS1T4O3us,"Finance Division, DPWH RO 7","[""local_government_office"", ""point_of_interest"", ""establishment""]",10.2628879,123.8706735,,"7V7C+79H, Cebu City"
srp,ChIJAyG5aWKcqTMRb1lQ3KHgJ5Y,Department of Public Works and Highway - Region 7,"[""local_government_office"", ""point_of_interest"", ""establishment""]",10.2631934,123.8709794,3.9,"7V7C+79H, Cebu City"
srp,ChIJKzGwf_KdqTMRN1RjwQO3DUQ,Enriquez Land Surveying Services,"[""local_government_office"", ""point_of_interest"", ""establishment""]",10.2634267,123.85109,5.0,"2628 Purok Acacia Dawis Road, San Roque, Talisay"
talisay_tabunok,ChIJMRXdKrudqTMRZI4K6OZgFjA,Nourskin Cebu - Talisay Service Center,"[""shopping_mall"", ""store"", ""point_of_interest"", ""establishment""]",10.244417,123.8464782,5.0,"468 Jose Rizal Street, Poblacion, Talisay"
talisay_tabunok,ChIJFzXN4hWdqTMR9TLRqDZ3UyU,3rd RD Business Hub,"[""shopping_mall"", ""point_of_interest"", ""establishment""]",10.2485338,123.8401994,5.0,"Zone 3 - 894, Talisay"
talisay_tabunok,ChIJcTE4XrudqTMRcd9-orfwgfc,Jessy's Property,"[""local_government_office"", ""point_of_interest"", ""establishment""]",10.2381765,123.8373319,,"Deca Homes Phase 3, Dumlog Talisay B1 Lot 24 C4, Talisay"
talisay_tabunok,ChIJtS7otT2dqTMRH11APX9iRo4,Labrador's Compound,"[""local_government_office"", ""point_of_interest"", ""establishment""]",10.2444398,123.8431888,,"6RVV+Q7G, Talisay"
talisay_tabunok,ChIJ53fg39icqTMRzI_bne6vi4k,Nene Baculpo's Store,"[""supermarket"", ""grocery_or_supermarket"", ""store"", ""point_of_interest"", ""food"", ""establishment""]",10.2397256,123.8439095,5.0,"6RQV+VHV, Letmon, Talisay"
talisay_tabunok,ChIJrWyh3yadqTMRcfu3XkQuk1U,Nimfa Molo,"[""supermarket"", ""grocery_or_supermarket"", ""store"", ""point_of_interest"", ""food"", ""establishment""]",10.2402697,123.8382148,4.7,"Block 7 Lot 7 Phase 3 Baywalk Deca Homes Dumlog 6045, Talisay"
talisay_tabunok,ChIJP_uX4TudqTMR0T6BaDiWtE4,Japan Goods,"[""supermarket"", ""grocery_or_supermarket"", ""store"", ""point_of_interest"", ""food"", ""establishment""]",10.2401422,123.8377337,,"Baywalk Deca Phase 3, Colorado Street, Talisay"
talisay_tabunok,ChIJpW7dcgCdqTMRuSVqTxwm6Fg,Metro Value Mart Poblacion,"[""supermarket"", ""grocery_or_supermarket"", ""store"", ""point_of_interest"", ""food"", ""establishment""]",10.2447287,123.849427,4.4,"6RVX+VQW, V.H.Garces Street, Poblacion, Talisay"
talisay_tabunok,ChIJCes0cQCdqTMR339l7w8NMiE,Metro Value Mart Dumlog Talisay,"[""supermarket"", ""grocery_or_supermarket"", ""store"", ""point_of_interest"", ""food"", ""establishment""]",10.248732,123.8393622,3.9,"769 Jose Rizal Street, Talisay"
talisay_tabunok,ChIJ8ZYHagCdqTMR-FkrasNkhG0,Generamí Distribution (Micro),"[""supermarket"", ""grocery_or_supermarket"", ""store"", ""point_of_interest"", ""food"", ""establishment""]",10.2380387,123.8306885,,"L10 B12, Villa Donna Biasong, Talisay"
talisay_tabunok,ChIJa9NdVQCdqTMRhQgqfdcrEBE,Vsd store Biasong,"[""supermarket"", ""grocery_or_supermarket"", ""store"", ""point_of_interest"", ""food"", ""establishment""]",10.2477944,123.8350334,,6RXP+427
talisay_tabunok,ChIJI8D1fxGdqTMRutjLfWPYgs4,Thelma's store,"[""supermarket"", ""grocery_or_supermarket"", ""store"", ""point_of_interest"", ""food"", ""establishment""]",10.2498332,123.8364383,3.0,"6RXP+WHP, Talisay"
talisay_tabunok,ChIJdz-nBqmdqTMR1rX_ZQcO84E,Dumlog Food Park,"[""park"", ""point_of_interest"", ""establishment""]",10.2415428,123.8394961,4.4,"6RRQ+MVV, Talisay"
talisay_tabunok,ChIJG2H7AQCdqTMR7h9zw3UitTE,Talisay City Liberation Park,"[""park"", ""point_of_interest"", ""establishment""]",10.242142,123.8486423,5.0,"Poblacion, Talisay"
talisay_tabunok,ChIJ2fq8nRidqTMRt671KgbUT8A,Crocolandia,"[""zoo"", ""tourist_attraction"", ""park"", ""point_of_interest"", ""establishment""]",10.2464979,123.833955,4.3,"Burgos Street, Talisay"
talisay_tabunok,ChIJE50DIgCdqTMRPFjsLVYx0KI,Malibu Residences Clubhouse & Pool,"[""park"", ""point_of_interest"", ""establishment""]",10.2405887,123.830312,,"6RRJ+64R, Cebu South Road, Talisay"
talisay_tabunok,ChIJU2TrYgCdqTMRR0IlhWMY9dg,Malibu Residences Rotonda,"[""park"", ""point_of_interest"", ""establishment""]",10.2401812,123.829212,,"Phase 1 BLK-3 ; LOT-18, Malibu Residences, ZONE-5, Talisay"
talisay_tabunok,ChIJm0KTdWqdqTMR7pmJfY0ke5I,Tabunok Public Market,"[""establishment"", ""health"", ""pharmacy"", ""point_of_interest"", ""store""]",10.2632001,123.8385513,3.8,
consolacion,ChIJIyrzr7CiqTMRGBfZFBAgTjg,SM City Consolacion,"[""shopping_mall"", ""point_of_interest"", ""establishment""]",10.3791759,123.9643102,4.3,"Brgy, Lamac, Consolacion"
consolacion,ChIJWWn946SiqTMRJ7cPpHVWXJw,Consolacion Public Market,"[""shopping_mall"", ""point_of_interest"", ""establishment""]",10.3752778,123.9608333,4.0,"V & G st, Consolacion"
consolacion,ChIJo73vcXmjqTMROpPXuqkRmR8,Enjoy Shopping Center,"[""shopping_mall"", ""point_of_interest"", ""establishment""]",10.3781009,123.9634325,4.2,"9XH7+69V, Cebu North Road, Consolacion"
consolacion,ChIJZZI80lyjqTMR1nlAEbuXH6o,Creatures of sonaria,"[""shopping_mall"", ""point_of_interest"", ""establishment""]",10.378725,123.9640306,5.0,Consolacion
consolacion,ChIJkyY3yzKjqTMR0K5TknTInOI,REBECCA,"[""shopping_mall"", ""point_of_interest"", ""establishment""]",10.378725,123.9640306,,"CONSOLACION PUBLIC MARKET, CANSAGA, Consolacion"
consolacion,ChIJ_bA9nrejqTMRaKDdWOHcDlY,Pretty in Prelove by Zelly,"[""shopping_mall"", ""point_of_interest"", ""establishment""]",10.3769616,123.9617992,,"9XG6+QPV, Cansaga Bridge, Consolacion"
consolacion,ChIJI5G9VwCjqTMRoBe1CKpOF7o,Grandiz Department Store,"[""shopping_mall"", ""point_of_interest"", ""establishment""]",10.3793721,123.9656925,5.0,"9XH8+R75, Central Nautical Highway, Consolacion"
consolacion,ChIJFdDQ0LqiqTMRujrCHQWhnhA,Jastine Rice And Corn,"[""shopping_mall"", ""point_of_interest"", ""establishment""]",10.3770219,123.9614103,,"9XG6+RH3, Cebu North Road, Consolacion"
consolacion,ChIJQxFh2LqiqTMR4-LWh1LoXXY,Yohandre Korean Surplus,"[""shopping_mall"", ""point_of_interest"", ""establishment""]",10.3770751,123.9612951,4.5,"District 5 Cansaga Consolacion Beside Honda Motor Parts, Consolacion"
consolacion,ChIJsXTr8qSiqTMR6oWIeVHVldg,CityMall Consolacion,"[""shopping_mall"", ""point_of_interest"", ""establishment""]",10.3749199,123.9600793,4.1,"Sta. Lucia Town Square, V&G Drive, Consolacion"
consolacion,ChIJx3auorCiqTMRsKmiz7fmvnQ,Save and Earn,"[""shopping_mall"", ""point_of_interest"", ""establishment""]",10.379765,123.964527,3.8,"2nd Floor, SM Consolacion, National Highway, Consolacion"
consolacion,ChIJBzknelKjqTMRzhuAAPkvuLM,"MINISO, SM Consolacion","[""shopping_mall"", ""point_of_interest"", ""establishment""]",10.3804146,123.9637821,4.8,"SM, Consolacion"
consolacion,ChIJnf4dcQCjqTMRjrUAMIJdd_o,CPG Arcade,"[""shopping_mall"", ""point_of_interest"", ""establishment""]",10.380806,123.9692421,,"9XJ9+8MH, Cebu North Road, Pitogo, Consolacion"
consolacion,ChIJsyZGoRqjqTMRsxdJh8xZ3Ls,Sukiya Houseware Trading,"[""shopping_mall"", ""point_of_interest"", ""establishment""]",10.3765347,123.9595881,4.0,"9XG5+JR8, Central Nautical Highway, Consolacion"
consolacion,ChIJoXzb-TyjqTMRfs0BkmMQHUQ,Mar Llvshoppe,"[""shopping_mall"", ""point_of_interest"", ""establishment""]",10.3793014,123.9593897,,"9XH5+PQC, Consolacion"
consolacion,ChIJMToRWACjqTMRe7u44VOteG0,WJV Town Square,"[""shopping_mall"", ""point_of_interest"", ""establishment""]",10.3702855,123.9537771,,"9XC3+4G6, Central Nautical Highway, Consolacion"
consolacion,ChIJcRVAuKaiqTMRHc3yvT0mfAo,Nangka Barangay Hall,"[""city_hall"", ""local_government_office"", ""point_of_interest"", ""establishment""]",10.3708949,123.958914,2.9,"9XC5+9H3, Nangka Purok 2 Road, Consolacion"
consolacion,ChIJ2TQCXAaYqTMRMdPMWZxxEiQ,Tugbongan Barangay Hall,"[""city_hall"", ""local_government_office"", ""point_of_interest"", ""establishment""]",10.3652594,123.9617406,4.1,"9X86+4M5, Tomas P. Go Road, Consolacion"
consolacion,ChIJHwrDUKOiqTMR9GfpgMWcKa8,Dra. Alivio Lying-In Clinic,"[""health"", ""local_government_office"", ""point_of_interest"", ""establishment""]",10.3763261,123.9577346,5.0,"9XG5+G3Q, Cebu North Road, Consolacion"
consolacion,ChIJgzpDztujqTMRqkAS4OZSa5U,Surveying,"[""local_government_office"", ""point_of_interest"", ""establishment""]",10.3699993,123.9652468,,"Nangka, Consolacion, Cebu, Larena"
consolacion,ChIJLwn_JS2jqTMROTlU6ODUESE,Aqua Manpower Services,"[""local_government_office"", ""point_of_interest"", ""establishment""]",10.3733965,123.9617053,,"V&G Subdivision, Consolacion"
consolacion,ChIJYSd-cQCjqTMRiC_XwIPhQTo,RAYS SURVEYING SERVICES,"[""local_government_office"", ""point_of_interest"", ""establishment""]",10.3725612,123.9740929,,"Lawis, Jugan, Consolacion"
consolacion,ChIJKeJS3V2jqTMRKfPR2Og_p7Q,Ybañez Surveying Services,"[""local_government_office"", ""point_of_interest"", ""establishment""]",10.3768182,123.959564,,"9XG5+PR, Consolacion"
consolacion,ChIJaUWNUKOiqTMRoJqa9Kz7eCU,Consolacion Municipal Health Center,"[""health"", ""local_government_office"", ""point_of_interest"", ""establishment""]",10.376369,123.957821,3.3,"9XG5+G4W, Central Nautical Highway, Consolacion"
consolacion,ChIJx-E3s7WiqTMRCl3Pogx7e1U,Tanod Station,"[""local_government_office"", ""point_of_interest"", ""establishment""]",10.3819253,123.9707598,,"9XJC+Q8C, National Highway, Consolacion"
consolacion,ChIJjxEBQ6OiqTMRYWw3UC_n8DI,Local Ombudsman,"[""local_government_office"", ""point_of_interest"", ""establishment""]",10.3759199,123.957422,,"9XG4+9X7, Central Nautical Highway, Consolacion"
consolacion,ChIJIaYAtbyiqTMR9sCWJzj7IXA,Consolacion Municipal Hall,"[""post_office"", ""city_hall"", ""finance"", ""local_government_office"", ""point_of_interest"", ""establishment""]",10.3758077,123.9572218,4.2,"Cebu North Road, Consolacion"
consolacion,ChIJX_MgKQGjqTMRSoubk7YvDog,CCA Club and Events,"[""cafe"", ""food"", ""local_government_office"", ""point_of_interest"", ""establishment""]",10.384922,123.9658618,,"Lamac Rd Sitio San Roque Brgy, Consolacion"
consolacion,ChIJl8BP27eiqTMRyOH-0Q8qw7M,Lamac Health Center,"[""health"", ""local_government_office"", ""point_of_interest"", ""establishment""]",10.3850574,123.9657361,5.0,"9XP8+27H, PPK3 , Sitio Sampaguita, Lamac, Consolacion"
consolacion,ChIJpaH0X1W9qTMRNvAsio-rvRg,Tanod Outpost,"[""local_government_office"", ""point_of_interest"", ""establishment""]",10.365076,123.9763184,,"Sun-Ok, Consolacion"
consolacion,ChIJQ1-bvrCiqTMR-fNw1tb7kGk,SM Supermarket - SM City Consolacion,"[""supermarket"", ""grocery_or_supermarket"", ""store"", ""food"", ""point_of_interest"", ""establishment""]",10.3799582,123.9651376,4.2,"National Road Brgy, Consolacion"
consolacion,ChIJGcn4XACjqTMRxGHTfVo9va8,Personal Collection Consolacion,"[""supermarket"", ""grocery_or_supermarket"", ""store"", ""food"", ""point_of_interest"", ""establishment""]",10.3765404,123.9587412,,"2nd floor, Poblacion Occidental, Cebu North Road, Consolacion"
consolacion,ChIJh2w2HwCjqTMRUkk7EWccKbQ,Johanna's olshoppe,"[""supermarket"", ""grocery_or_supermarket"", ""store"", ""food"", ""point_of_interest"", ""establishment""]",10.3713281,123.9562,,"riverside 1consolacion, Poblacion Oriental, Consolacion"
consolacion,ChIJqcFms5u9qTMRNh0KtD2VAiI,AllUneedshop,"[""supermarket"", ""grocery_or_supermarket"", ""store"", ""food"", ""point_of_interest"", ""establishment""]",10.3659364,123.9757338,,"Block 11, Lot 28, Redwood Subdivision, Tayud, Consolacion"
consolacion,ChIJK-ez9qGiqTMRpyx6CJ8IILg,Padeena Sari-Sari Store,"[""supermarket"", ""grocery_or_supermarket"", ""store"", ""food"", ""point_of_interest"", ""establishment""]",10.3716025,123.9537427,1.0,"9XC3+JFX, Central Nautical Highway, Poblacion Occidental, Consolacion"
consolacion,ChIJaZ61DQCjqTMRQkz2YP8ukEI,sm consolacion,"[""park"", ""point_of_interest"", ""establishment""]",10.3795485,123.9644785,,"Sitio Batung, Consolacion"
consolacion,ChIJcUQ5LACjqTMRoniMYrD_C3U,ANKOL DAPS TAMBAYAN AUTO CARE,"[""park"", ""point_of_interest"", ""establishment""]",10.3815367,123.9680627,,"9XJ9+J68, Consolacion"
consolacion,ChIJU6RMXgCZqTMRfRu5Y_QRRws,Libo Tambayan,"[""park"", ""point_of_interest"", ""establishment""]",10.364321,123.974592,4.3,"9X7F+HW9, Libo Street, Consolacion"
consolacion,ChIJM2bxXwC9qTMRjQr12GATXFw,"Purok Mangga 3, Jugan,Consolacion, Cebu","[""park"", ""point_of_interest"", ""establishment""]",10.3790206,123.9780407,,"9XHH+J63, Liloan"
consolacion,ChIJnXsMcgCjqTMR18GumKpBM_g,Septer's Woods,"[""park"", ""point_of_interest"", ""establishment""]",10.3859431,123.9707492,5.0,"9XPC+F8P, Consolacion"
consolacion,ChIJLdggtrCiqTMR4kU0PSQpksE,SM Store - Consolacion,"[""department_store"", ""establishment"", ""point_of_interest"", ""store""]",10.380356,123.964477,4.3,
consolacion,ChIJjRhp9DejqTMRVDCtHUyJKwU,CityMall Cinema Consolacion,"[""establishment"", ""movie_theater"", ""point_of_interest""]",10.3743843,123.9594245,4.6,
consolacion,ChIJKz_D-7miqTMRjjWhU8vUlZs,SM Cinema Consolacion,"[""establishment"", ""movie_theater"", ""point_of_interest""]",10.3808803,123.963536,4.2,
consolacion,ChIJB9n_m7CiqTMRTZX-tCEHKvg,SM City Consolacion Parking,"[""establishment"", ""parking"", ""point_of_interest""]",10.379601,123.9651058,4.4,
consolacion,ChIJaZKgk7CiqTMRShYZiS55GD4,Sm City Consolacion,"[""establishment"", ""point_of_interest"", ""transit_station""]",10.37928,123.965068,3.9,
naga_city,ChIJhZIFOkl4qTMR9OWSYVF-Dxg,Asia Pacific Safety,"[""shopping_mall"", ""point_of_interest"", ""establishment""]",10.2063816,123.7563622,4.8,"N, Natalio B. Bacalso South National Highway, Naga"
naga_city,ChIJySEk2uifqTMR36TOo1NZ7y8,Leah Mall,"[""shopping_mall"", ""point_of_interest"", ""establishment""]",10.2081064,123.7582579,3.5,"6Q55+68R, Cebu South Road, Naga"
naga_city,ChIJxRr-YD15qTMRE5HkWsJg2UM,POBLA CENTRAL,"[""shopping_mall"", ""point_of_interest"", ""establishment""]",10.2071325,123.758913,,"central poblacion, Naga"
naga_city,ChIJIfZU2lF4qTMRh6ZuQg5UIj0,NBI Clearance Online,"[""local_government_office"", ""point_of_interest"", ""establishment""]",10.206944,123.759291,2.2,"6Q45+QPF, Naga"
naga_city,ChIJc7p9JU54qTMRxJGlgxTuq10,"City Hall of Naga, Cebu","[""city_hall"", ""local_government_office"", ""point_of_interest"", ""establishment""]",10.2071363,123.7598809,4.6,"6Q45+VX2, Naga"
naga_city,ChIJ5Tvfr054qTMRQk-KHuV3ujo,Barangay Food Terminal @ Uling Multi Purpose Cooperative,"[""local_government_office"", ""point_of_interest"", ""establishment""]",10.211839,123.758051,5.0,"Barangay Uling, Naga, 6037, Cebu"
naga_city,ChIJB7VBWkx4qTMR6A7ak-QLwS8,Division Of City Schools,"[""local_government_office"", ""point_of_interest"", ""establishment""]",10.210977,123.755014,4.3,"6Q64+92R, Cebu South Road, West Poblacion, Naga"
naga_city,ChIJn-WH6E14qTMRBVe9Ybgv4vI,Central Poblacion Barangay Hall,"[""local_government_office"", ""point_of_interest"", ""establishment""]",10.2087469,123.75662,3.0,"6Q54+FJX, Cebu South Road, Naga"
naga_city,ChIJZ6wZcFJ4qTMRa-rvSu2sXHQ,West Poblacion Barangay Hall,"[""local_government_office"", ""point_of_interest"", ""establishment""]",10.2072709,123.75534,4.0,"6Q44+W44, Cebu South Road, Naga"
naga_city,ChIJt0ZUyVF4qTMRBYn7N-ucsnw,NBI Satellite Office,"[""local_government_office"", ""point_of_interest"", ""establishment""]",10.2067705,123.7596283,3.7,"Enan Chiong Activity Center, East Poblacion, Naga"
naga_city,ChIJKfVQzlF4qTMRecdYVQrK998,City Disaster Risk Reduction And Management Office,"[""local_government_office"", ""point_of_interest"", ""establishment""]",10.2065903,123.7596589,,"6Q45+JVM, Naga"
naga_city,ChIJt0ZUyVF4qTMRnoCXdpjS_xw,Public - Private Mix,"[""local_government_office"", ""health"", ""point_of_interest"", ""establishment""]",10.206408,123.759789,,"Enan Chiong Activity Center, East Poblacion, Naga"
naga_city,ChIJKW3N7Ep4qTMR_ejDhbdkIiE,Tangke Barangay Hall,"[""local_government_office"", ""point_of_interest"", ""establishment""]",10.2164723,123.7536444,4.3,"6Q83+HFJ, Aliganga St, Naga"
naga_city,ChIJeUeN2lF4qTMRDJcFHmC0rUM,Philippine Coast Guard Coast Guard District Central Visayas Coast Guard Station Cebu Coast Guard Sub - Station Naga,"[""local_government_office"", ""point_of_interest"", ""establishment""]",10.2046554,123.7608594,,"Enan Chiong Activity Center, East Poblacion, Naga"
naga_city,ChIJn1xf6pB5qTMRjdTX4AowXwk,Coast Guard Watch Tower,"[""local_government_office"", ""point_of_interest"", ""establishment""]",10.2046406,123.7608642,5.0,"6Q36+V85, Naga"
naga_city,ChIJU73lD054qTMRsrJ8-DQv1D8,SM Savemore City of Naga,"[""grocery_or_supermarket"", ""liquor_store"", ""supermarket"", ""store"", ""food"", ""point_of_interest"", ""establishment""]",10.2080129,123.7583113,4.2,"6Q55+888, Leah's Square East Poblacion, Naga"
naga_city,ChIJO6nZBvh5qTMRJVD1CGeo0T8,DM Naga Terminal,"[""supermarket"", ""grocery_or_supermarket"", ""store"", ""food"", ""point_of_interest"", ""establishment""]",10.2084413,123.7572528,,"6Q54+9WC, Naga"
naga_city,ChIJherAPE54qTMR2ArAff-7BRU,SuperMetro Market,"[""supermarket"", ""grocery_or_supermarket"", ""store"", ""food"", ""point_of_interest"", ""establishment""]",10.2076742,123.7588525,4.0,"6Q55+3G9, Natalio B. Bacalso South National Highway, Naga"
naga_city,ChIJ0R00GgB5qTMReG71VHakFyc,Skating Rink Naga,"[""park"", ""point_of_interest"", ""establishment""]",10.210285,123.7603506,,"6Q56+R37, Naga"
naga_city,ChIJRRZHOU54qTMR8iGzce0-tLY,City of Naga Plaza,"[""park"", ""point_of_interest"", ""establishment""]",10.2084398,123.7592801,4.6,"6Q55+9PC, Natalio B. Bacalso South National Highway, Naga"
naga_city,ChIJoQ8FAQB5qTMRI7p2nAuySlA,Naga,"[""park"", ""point_of_interest"", ""establishment""]",10.2076378,123.7582115,,"6Q55+374, Naga"
naga_city,ChIJq7CXGgB5qTMRBR42PRvO9og,RUSS G,"[""park"", ""point_of_interest"", ""establishment""]",10.2048834,123.7549286,,"6Q33+XX3, Naga"
naga_city,ChIJX8lM3U14qTMR8LuM5JtT1Fc,Naga City People's Market,"[""establishment"", ""point_of_interest""]",10.2057625,123.7599453,4.1,
minglanilla_poblacion,ChIJkapHD-N3qTMRIzGmGsRhCb0,Gaisano Grand Mall Minglanilla,"[""shopping_mall"", ""point_of_interest"", ""establishment""]",10.2441355,123.7929127,3.9,"Cebu South Road, Minglanilla"
minglanilla_poblacion,ChIJJdK4dPl3qTMRZJLhJyE1V1I,Abad Centre Bloc,"[""shopping_mall"", ""point_of_interest"", ""establishment""]",10.2455832,123.7972766,3.7,"1st Floor, Abad Centre Bloc, 4717 Natalio B. Bacalso South National Highway, Minglanilla"
minglanilla_poblacion,ChIJ2Uq_SgCdqTMRK2QGLoUz2po,Coleen,"[""shopping_mall"", ""point_of_interest"", ""establishment""]",10.246098,123.797694,,"6QWX+C3Q, Minglanilla"
minglanilla_poblacion,ChIJG-lscAB3qTMR_um9fDlGR_k,Inside Out Minglanilla,"[""shopping_mall"", ""point_of_interest"", ""establishment""]",10.2447178,123.7939654,,"6QVV+WJ3, Natalio B. Bacalso South National Highway, Minglanilla"
minglanilla_poblacion,ChIJs7dhDc2dqTMRtbRu75TuSOQ,Belmont One,"[""shopping_mall"", ""point_of_interest"", ""establishment""]",10.2472563,123.8000975,4.4,"6RW2+W25, Minglanilla"
minglanilla_poblacion,ChIJ3TbThnqdqTMRa3yaYYnN1uM,Mingla Lifestyle Square,"[""shopping_mall"", ""point_of_interest"", ""establishment""]",10.2420292,123.7994013,,"6QRX+RQ6, Ward 1, Minglanilla"
minglanilla_poblacion,ChIJn4PKNACdqTMR8jSoevP5OPk,Nobela Commercial Building,"[""shopping_mall"", ""point_of_interest"", ""establishment""]",10.2404693,123.7973476,5.0,"6QRW+5V5, 6046 18 de Julio Street, Minglanilla"
minglanilla_poblacion,ChIJqbrSBuJ3qTMRJyZOEhyIHRM,Minglanilla Women's Center,"[""local_government_office"", ""point_of_interest"", ""establishment""]",10.246169,123.796246,,"6QWW+FF9, Poblacion, Ward 3, Minglanilla"
minglanilla_poblacion,ChIJ6QsAQ0p3qTMRQypcqMxBaXQ,MITCOM Office,"[""local_government_office"", ""point_of_interest"", ""establishment""]",10.2461843,123.7962792,1.0,"3 Gimenez Street, Minglanilla"
minglanilla_poblacion,ChIJG3pjcQB3qTMRpZPQIeZA5q8,Apartment Puwa,"[""local_government_office"", ""point_of_interest"", ""establishment""]",10.2431553,123.7962334,,"6QVW+7F9, Minglanilla"
minglanilla_poblacion,ChIJ2UqXeuJ3qTMRI3lH-SoG4c4,Prince Hypermart - Minglanilla,"[""supermarket"", ""grocery_or_supermarket"", ""food"", ""store"", ""point_of_interest"", ""establishment""]",10.2411403,123.798266,3.9,"18 de Julio Street, Minglanilla"
minglanilla_poblacion,ChIJ39gZFeJ3qTMRC-19rWiFqBI,Anrose Food Industries,"[""supermarket"", ""grocery_or_supermarket"", ""food"", ""store"", ""point_of_interest"", ""establishment""]",10.245478,123.7951966,5.0,"4472 L Caña St. Ward 4, Minglanilla"
minglanilla_poblacion,ChIJaf3AaeJ3qTMRTxnI4KrWwnA,La Nueva Supermart Minglanilla Center,"[""supermarket"", ""grocery_or_supermarket"", ""food"", ""store"", ""point_of_interest"", ""establishment""]",10.244922,123.795214,3.9,"6QVW+X38, Minglanilla"
minglanilla_poblacion,ChIJDQ_Anl2dqTMR2KMsoMI5f4Q,Robinsons Supermarket Belmont One Minglanilla,"[""supermarket"", ""grocery_or_supermarket"", ""food"", ""store"", ""point_of_interest"", ""establishment""]",10.2474522,123.8002514,4.6,"Upper, Belmont One, Cebu South Road, Minglanilla"
minglanilla_poblacion,ChIJ_yQhbACdqTMRQ0_zBTt4Omk,"O!Save Calajoan, Minglanilla","[""supermarket"", ""grocery_or_supermarket"", ""food"", ""store"", ""point_of_interest"", ""establishment""]",10.241482,123.7992578,5.0,"6QRX+QQ4, Market Road, Minglanilla"
minglanilla_poblacion,ChIJ0Xii7eGdqTMREVpuN5QkFwQ,Professional Cleaning Solution Ventures Corp,"[""supermarket"", ""grocery_or_supermarket"", ""food"", ""store"", ""point_of_interest"", ""establishment""]",10.2484743,123.8027468,,"MH Selma Street Lower Calajoan, Minglanilla"
minglanilla_poblacion,ChIJO3sSajWdqTMRLypK3TiHCII,Finisterre Gardenz,"[""park"", ""point_of_interest"", ""establishment""]",10.2480772,123.7974774,4.9,"Unabia Street, Poblacion Ward 3, Minglanilla"
minglanilla_poblacion,ChIJDYW9seN3qTMReVuPdSBYFwI,MGD Gamefarm,"[""park"", ""point_of_interest"", ""establishment""]",10.2451189,123.7932303,5.0,"455, Natalio B. Bacalso South National Highway, Minglanilla, Cebu City"
minglanilla_poblacion,ChIJq6qqK-B3qTMRqDzkvLOwJGM,Celestial Meadows Memorial Garden,"[""park"", ""point_of_interest"", ""establishment""]",10.2490307,123.7962867,4.5,"6QXW+JG7, Minglanilla"
minglanilla_poblacion,ChIJDTso6V-dqTMR21533NFoWKk,Buen Camino Memorial Garden,"[""park"", ""point_of_interest"", ""establishment""]",10.2503878,123.7975448,3.5,"7Q2X+523, Minglanilla"
minglanilla_poblacion,ChIJ_y9nBv6dqTMRNSihzGB6L8k,Anjo World Theme Park,"[""amusement_park"", ""park"", ""point_of_interest"", ""establishment""]",10.2490092,123.7998492,4.4,"Upper, Belmont One, South Road, Minglanilla"
minglanilla_poblacion,ChIJVcpbjgidqTMRHI-48VL-9tM,Snow World Cebu,"[""amusement_park"", ""park"", ""point_of_interest"", ""establishment""]",10.2498139,123.8000125,3.9,"6RX2+W2C, Minglanilla"
minglanilla_poblacion,ChIJgfhJmcedqTMRiPlS4SHfbTs,Sanctuary Memorial Park,"[""park"", ""point_of_interest"", ""establishment""]",10.2513239,123.7976724,4.6,"7Q2X+G3F, Unnamed Road, Minglanilla"
minglanilla_poblacion,ChIJY-gNzOB3qTMRvfgBcI5Q7Go,San Josemaria Village,"[""park"", ""point_of_interest"", ""establishment""]",10.250352,123.791157,4.4,"7Q2R+4FV, Tres De Mayo, Minglanilla"
minglanilla_lipata,ChIJkcSB4NKdqTMRMf7dSkcjOfY,Anpedroso Building,"[""shopping_mall"", ""point_of_interest"", ""establishment""]",10.2539923,123.8095058,5.0,"Petra Oberes St, Sandayong, Linao, Minglanilla"
minglanilla_lipata,ChIJ9ZQd1PqdqTMRZ2uz_945BvE,Mikaela's Pet Supplies,"[""shopping_mall"", ""point_of_interest"", ""establishment""]",10.257125,123.815655,4.0,"7R48+V72, Highway, Unao, Minglanilla"
minglanilla_lipata,ChIJMyANxqadqTMRyv6WgiUnFrU,LANDPOINT SURVEYING SERVICES,"[""local_government_office"", ""point_of_interest"", ""establishment""]",10.2548827,123.8110896,5.0,"Sandayong, Minglanilla"
minglanilla_lipata,ChIJvW7HYoidqTMRjZNu-2kahcE,Purok Orchids Center,"[""local_government_office"", ""point_of_interest"", ""establishment""]",10.2519507,123.8055654,,"Purok Orchids Proper, Sandayong, Minglanilla"
minglanilla_lipata,ChIJQ8TZKWydqTMR3iPKnNK7UFc,Noy Tilano Market,"[""supermarket"", ""grocery_or_supermarket"", ""food"", ""store"", ""point_of_interest"", ""establishment""]",10.2558363,123.8122816,3.8,"7R46+8WM, Minglanilla"
minglanilla_lipata,ChIJ6VKLBx2dqTMRGRxo1q-OBEg,Vel-Pal I Homeowners' Night Parking,"[""park"", ""point_of_interest"", ""establishment""]",10.2536218,123.8067904,3.0,"Between Block 1 & 4, Vel-Pal Estates, Phase 1 Sandayong, Minglanilla"
minglanilla_lipata,ChIJgxJ2DF-dqTMRCsByw5_JtYQ,Daruhan sa Upper Linao,"[""park"", ""point_of_interest"", ""establishment""]",10.2608879,123.8144162,5.0,"Upper, Talisay"
minglanilla_lipata,ChIJ8cRZXJ2dqTMR-ftXEsyvTHc,San Roque de Montpellier Parish - Lipata,"[""church"", ""establishment"", ""place_of_worship"", ""point_of_interest""]",10.2553783,123.8106193,4.5,
