source,property_name,address,city,property_type,lot_area_sqm,floor_area_sqm,bedrooms,bathrooms,price_php,listing_url,market_segment
carousell,Furnished 3 Bedroom House for Sale in Mactan Island,"Basak, Lapu-Lapu City Bedroom: 3 Bathroom: 3 Floor Area: 80 SqM Lot Area: 122 SqM Car Garage: 2 Car Furnishing: Semi-Furnished Location & nearby places Basak, Lapu-lapu City, Cebu,",Lapu-Lapu City,House and Lot,122.0,80.0,3.0,3.0,6000000.0,https://www.carousell.ph/p/furnished-3-bedroom-house-for-sale-in-mactan-island-1435922293/?amp%3Bt-referrer_request_id=bB1s8SP6pTvw5eHk&amp%3Bt-tap_index=0,open_market
carousell,Cebu City Luxury Pool Villa for Sale 721 sqm Bi-Level Home with Private Outdoor Space & City Views,"Cebu City Luxury Pool Villa for Sale 721 sqm Bi-Level Home with Private Outdoor Space & City Views A thoughtfully designed home that offers your family space, comfort, and a better everyday living experience. This bi-level pool villa at The Rise Cebu is created for those who value privacy, fresh air, and meaningful time at home. Inspired by the natural beauty of the Rice Terraces, the development blends greenery and architecture, giving you a living environment that feels calm, open, and elevated. From quiet mornings in your private outdoor areas to evenings spent enjoying city views with your family, this home supports a lifestyle centered on connection and ease. Located in Cebu City, you're close to everything your family needs, top schools like the University of San Carlos, leading hospitals such as Cebu Doctors University Hospital, and lifestyle destinations including One Pavilion Mall. This allows you to enjoy both accessibility and quality of life, with less time on the road and more time spent at home. With its expansive indoor and outdoor living spaces, refined finishes, and future-ready features, this property offers long-term value for families looking to invest in a home they can truly grow into. Property Details: Bi-Level Pool Villa Indoor Area: 322.50 sqm Outdoor Area: 399 sqm Total Space: 721.50 sqm Total Contract Price: ₱146,160,000 Add: Other Charges Key Features & Advantages: Private indoor-outdoor living ideal for family time and entertaining Expansive outdoor space with open city views Main kitchen by Poliform Low-density, design-focused residential community Lobby lounge with concierge services 100% backup power 24/7 security with CCTV Proximity card access Driver’s lounge with overnight quarters Amenities: Adult & kiddie swimming pool with pool bar lounge Fully equipped gym and sauna Function hall Sustainability & Future-Ready Living: Solar-supplemented amenities Rainwater irrigation and catchment system EV charging provision for each parking slot Private viewings are available by appointment. Secure your preferred time and take the next step toward a home your family will truly enjoy for years to come. 📞 0933-875-3851 Rowena Almario Isubol Licensed Real Estate Broker PRC ID No. 34425 | DHSUD ID No. 9648 #CebuCityPropertyForSale #LuxuryPoolVillaCebu #HighEndRealEstatePH #CebuLuxuryLiving #HouseForSaleCebu",Cebu City,House and Lot,,721.5,3.0,4.0,146160000.0,https://www.carousell.ph/p/cebu-city-luxury-pool-villa-for-sale-721-sqm-bi-level-home-with-private-outdoor-space-city-views-1435656861/?amp%3Bt-referrer_request_id=bB1s8SP6pTvw5eHk&amp%3Bt-tap_index=1,open_market
carousell,"Rent to own mad Easy move in no hassle for requirements,Foreigner can own 1 bedroom 36sqm ,2 bedroom 58 SQm talisay near in SRP very accessible all unit with parking. Low rise building 3 storey apartment,condo this Rent to own","1 bedroom with parking. near in SRP talisay city of Cebu . 24 /7security with pool ,gym,play ground. no flooding area installment. spot 8 percent. you can used the unit .very near market and mall",Cebu City,Condominium,36.0,36.0,1.0,1.0,3400000.0,https://www.carousell.ph/p/rent-to-own-mad-easy-move-in-no-hassle-for-requirements-foreigner-can-own-1-bedroom-36sqm-2-bedroom-58-sqm-talisay-near-in-srp-very-accessible-all-unit-with-parking-low-rise-building-3-storey-apartment-condo-this-rent-to-own-1414826172/?amp%3Bt-referrer_request_id=bB1s8SP6pTvw5eHk&amp%3Bt-tap_index=5,open_market
carousell,"Brand New 4BR House and Lot for sale in Arcenas Highland, Cebu City","ARCENAS HIGHLAND RESIDENCES At Casa Rositas Banawa Cebu City Discover a prestigious home within Arcenas Estate, offering luxury, privacy, and breathtaking city views. PRIME LOCATION & AMENITIES: Secure, low-density community Lush greenery & serene surroundings Easy access to city conveniences Park Playground Swimming pool Wading pool for Kids Activity lawn Concrete activity pad Where elegance meets elevated living Step into a life of comfort, privacy, and prestige at The Highland Residences, located within the exclusive Arcenas Estate in Banawa. ACCESSIBILITY: 5 minutes to the nearest departments stores, groceries and supermarkets Walking distance to restaurants and recreational facilities 15-20 minutes travel to Ayala Center Cebu, Cebu IT Park 25 minutes travel to SM City Cebu 10 minutes travel to down town and nearest schools and universities SINGLE DETACHED UNIT HOUSE DETAILS Block 5 lot 3 Lot Area: 182 sqm Floor Area: 202 sqm bedroom: 4 Toilet and Bath: 3 ===== SECOND FLOOR: Master’s Bedroom with own toilet and bath Masters Bedroom with balcony Bedroom 1 & 2 Common toilet and bath ===== GROUND FLOOR: Maid’s Quarter with toilet and bath Living, Dining and Kitchen Powder Room Service Area 2- Car Garage ===== Total Contract Price: 38,635,860.00 ===== 10% Lumpsum Down payment: 3,863,586.00 Less Reservation Fee: 500,000.00 NET Down payment: 3,363,586.00 payments will be made 15 days after the reservation date. ===== Remaining 20% Down payment: 7,727,172.00 ===== Monthly down payment/Equity: 214,643.00 payable in 36 mos. ===== Remaining 70% thru Bank Financing OR cash upon turn over Loanable Amount: 27,045,102.00 Please feel free to reach out if you have any questions or need further assistance. JEAN AMANCIA CONTACT no. +63 9171290370 Real Estate Broker and Appraiser PRC lic. # 0036428",Cebu City,Single Detached,182.0,202.0,4.0,3.0,38635860.0,https://www.carousell.ph/p/brand-new-4br-house-and-lot-for-sale-in-arcenas-highland-cebu-city-1419877159/?amp%3Bt-referrer_request_id=bB1s8SP6pTvw5eHk&amp%3Bt-tap_index=6,open_market
carousell,"Modern Luxury Home in Arcenas Highlands, Banawa, Cebu City","Banawa, Guadalupe, Cebu City, Philippines Lot Area: 308 sqm (≈ 3,315 sq ft) Floor Area: 325 sqm (≈ 3,498 sq ft) Bedrooms: 3 + Maid’s Room Bathrooms: 3 Full + 1 Powder Room Parking:",Cebu City,House and Lot,308.0,325.0,4.0,4.0,64518819.0,https://www.carousell.ph/p/modern-luxury-home-in-arcenas-highlands-banawa-cebu-city-1435606338/?amp%3Bt-referrer_request_id=bB1s8SP6pTvw5eHk&amp%3Bt-tap_index=7,open_market
carousell,"Own this Single-Attached House and Lot inside a high-end exclusive subdivision in Metropolis 1, Talamban, Cebu City","Freebies!!! 💰💰💰 Gas burner with range hood Concrete fence and gate Title Transfer Move-in Fees Lot Area: 121 sqm Building only Area - 102.7 sqm Parking Area and others - 74.8 sqm Total Floor Area - 177.5 sqm Facing east and morning sun for a cooler home 3 Bedrooms 3 Toilet and Bath Spacious 2 Carport Living Area Dining Area Porch Walk-in closet for Master’s Bathroom with free shower enclosure Elegant kitchen cabinets and countertop Low-density Subdivision TCP: 11.8M ALL-IN including Transfer Taxes, Move-in Fees.",Cebu City,Townhouse,121.0,177.5,3.0,3.0,11800000.0,https://www.carousell.ph/p/own-this-single-attached-house-and-lot-inside-a-high-end-exclusive-subdivision-in-metropolis-1-talamban-cebu-city-1424393279/?amp%3Bt-referrer_request_id=bB1s8SP6pTvw5eHk&amp%3Bt-tap_index=8,open_market
carousell,"Own this Single-Attached House and Lot inside a high-end exclusive subdivision of Corona del Mar, Talisay City Cebu",Freebies!!! 💰💰💰 Air condition unit (main bedrooms) Walk-in Cabinet (Master’s Bedroom) Gas burner with range hood Concrete fence and gate Lot Area: 150 sqm Building only Area - 109 sqm Parking Area and others - 98.4 sqm Total Floor Area - 207.4 sqm 3 Main Bedrooms + Optional 1 Maid's Room (free of charge) 3 Toilet and Bath Spacious 2 Carport Living Area Dining Area Walk-in closet for Master’s Bedroom Elegant kitchen cabinets Low-density Subdivision Wide Subdivision roads Subdivision Amenities: Pocket Parks Clubhouse with Swimming Pool with Shower Rooms Tennis Court Basketball Court Playground 24-hour Security Team Nearby Establishments 5min to Star Mall 6min to Schools 10min to Il Corso Lifemalls 12min to SM Seaside 10min to Nustar Hotel and Casino 14min to CCLEX TCP: 15.8M - ALL-IN inclu,Talisay City,Townhouse,150.0,207.4,3.0,3.0,15800000.0,https://www.carousell.ph/p/own-this-single-attached-house-and-lot-inside-a-high-end-exclusive-subdivision-of-corona-del-mar-talisay-city-cebu-1424392285/?amp%3Bt-referrer_request_id=bB1s8SP6pTvw5eHk&amp%3Bt-tap_index=9,open_market
carousell,"4-Bedroom House and Lot for Sale in Minglanilla, Cebu - well-maintained","Situated in a secure, gated community Security: Equipped with high-quality HiK CCTV system and DVR for peace of mind Bedrooms: 3 spacious bedrooms located upstairs, each with air c",Minglanilla,House and Lot,,90.0,4.0,2.0,7000000.0,https://www.carousell.ph/p/4-bedroom-house-and-lot-for-sale-in-minglanilla-cebu-well-maintained-1328226860/?amp%3Bt-referrer_request_id=bB1s8SP6pTvw5eHk&amp%3Bt-tap_index=10,open_market
carousell,"Own this Brand New Multi-Level House w/ Swimmingpool in Vista Grande, Talisay City Cebu","Vista Grande, Talisay City Cebu with the view of Cebu City, Mountainscape around the community and Panorama View of Alta Vista Golf Club. DETAILS: Furnished Lot Area: 407 sqm Gross Floor Area: 769 sqm gross (approx.) • 5 Bedrooms with own Toilet & Bath • 1 Theater Room / Gym Room with own Toilet • Family Room • 1 Helper’s Room • 1 Driver’s Room • Common Toilet & Bath for Driver & Helper • 5-6 Car Garage • Swimming Pool with water features • PWD Friendly (ramp) • Powder Room • Service Area • Storage Room • Sunken outdoor seating area • Roof Deck FEATURES: • Cathedral Ceiling on Master Bedroom • Well Landscape Garden • All Toilet with Hot & Cold • Bathtub on Master Toilet • All Room has Balcony • All Room has Cabinet and Walk-in Closets • LED Lights • Landscape Gardens • CCTV Provision • Ant Treatment imbedded facility",Cebu City,House and Lot,407.0,769.0,5.0,4.0,48000000.0,https://www.carousell.ph/p/own-this-brand-new-multi-level-house-w-swimmingpool-in-vista-grande-talisay-city-cebu-1424379867/?amp%3Bt-referrer_request_id=bB1s8SP6pTvw5eHk&amp%3Bt-tap_index=13,open_market
carousell,"Relaxed Beachside Living – 5BR House and Lot For Sale in Corona del Mar, Talisay City","MR. SUADE TAN HOUSE In Corona del Mar Pooc Talisay City, Cebu Corona Del Mar is a residential seaside community and house-and-lot subdivision developed by Filinvest Land (through Aspire by Filinvest) located in Barangay Pooc, Talisay City, Cebu, Philippines — about 15 minutes south of Cebu City via the Cebu South Coastal Road (SRP). CLOSER ESTABLISHMENTS 10 min to Ill Corso Lifemalls 12 min to Sm Seaside 10 min to Nustar Hotel and Casino 10 min Pedro Calungsod Church 6 min to Schools 6 min to Hospitals About 13-15mins to CCLEX BUYER’S BONUS: 2- Double door refrigerator 5- Burner gas stove with oven Range Hood Ventilation Water Heater in each bathroom 2- STOREY SINGLE DETACHED HOUSE HOUSE DETAILS: Preselling Phase 2 Blk 1 Lot 7 and 9 Lot Area: 313 sqm. Floor Area: 338 sqm. 5- bedrooms 3-Toilet and Bath ===== SECOND FLOOR: Master’s Bedroom with own toilet and bath Master’s Bedroom with walk in closet and balcony Bedroom 3 & 4 1- Common Toilet and Bath with water heater ===== GROUND FLOOR: Guest Room Maid’s Room Living Area and Kitchen Area Dining Area with Breakfast nook Island Counter Top with Granite Dirty Kitchen Common Toilet and Bath with water heater Laundry Area 6- Carports Porch ===== Granite Indoor & Outdoor Kitchen Recessed Lights/LED Outdoor Light Fixture Complete Kitchen Cabinets Big Garden + Outdoor Living Space Pool & Jacuzzi Option Play Area 3- Balcony in Upper Floor ===== Price: 21,880,000.00 ===== 30% Down payment/Equity: 6,554,000.00 Less, Reservation Fee: 200,000.00 Net Down payment/Equity: 6,264,000.00 ===== Monthly Down payment/Equity: 783,000.00 in 8 months ===== 70% Remaining Balance thru Bank Financing OR Cash Loanable Amount: 15,316,000.00 ===== NOTE: Buyers Pays All Other Fees. Good Only For 30 Days & Not Refundable. Spot cash of the total price discount of 5% The monthly amortization depends on the Bank Rates per individual’s credit. Borrower can add more down payment if they want to lower the monthly amortization. Please feel free to reach out if you have any questions or need further assistance. JEAN AMANCIA CONTACT no. +63 9171290370 Real Estate Broker and Appraiser PRC lic. # 0036428",Cebu City,Single Detached,313.0,338.0,5.0,3.0,21880000.0,https://www.carousell.ph/p/relaxed-beachside-living-–-5br-house-and-lot-for-sale-in-corona-del-mar-talisay-city-1424348548/?amp%3Bt-referrer_request_id=bB1s8SP6pTvw5eHk&amp%3Bt-tap_index=17,open_market
carousell,Steps from the Beach: 5BR Single-Detached House and Lot For Sale in Corona del Mar Talisay Cebu,"POWDER BLUE HOUSE In Corona del Mar Pooc Talisay City, Cebu Corona Del Mar is a residential seaside community and house-and-lot subdivision developed by Filinvest Land (through Aspire by Filinvest) located in Barangay Pooc, Talisay City, Cebu, Philippines — about 15 minutes south of Cebu City via the Cebu South Coastal Road (SRP). CLOSER ESTABLISHMENTS 10 min to Ill Corso Lifemalls 12 min to Sm Seaside 10 min to Nustar Hotel and Casino 10 min Pedro Calungsod Church 6 min to Schools 6 min to Hospitals About 13-15mins to CCLEX BUYER’S BONUS: 2- Double door refrigerator 5- Burner gas stove with oven Range Hood Ventilation Water Heater in each bathroom 2- STOREY SINGLE DETACHED HOUSE HOUSE DETAILS: Preselling Phase 2 Blk 1 Lot 7 Lot Area: 167 sqm. Floor Area: 212 sqm. 5- bedrooms 3- Toilet and Bath ===== SECOND FLOOR: Master’s Bedroom with own toilet and bath Master’s Bedroom with walk in closet and balcony Bedroom 3 & 4 1- Common Toilet and Bath with water heater balcony and fire exit ===== GROUND FLOOR: Bedroom 1 & 2 Living Area and Kitchen Area Dining Area with Breakfast nook Auxiliary Kitchen with Granite Countertop Dirty Kitchen Common Toilet and Bath with water heater 2- car garage Porch Laundry Area ===== Price: 16,800,000.00 ===== 25% Down payment/Equity: 4,150,000.00 Security Deposit: 200,000.00 Net Down payment/Equity: 3,950,000.00 ===== Monthly Down payment/Equity: 493,750.00 in 8 months ===== 75% Remaining Balance thru Bank Financing OR Cash Loanable Amount: 14,450,000.00 Prices includes the Capital Gains Tax and Documentary Stamp Tax only ===== NOTE: Buyers Pays All Other Fees. Good Only For 30 Days & Not Refundable. Please feel free to reach out if you have any questions or need further assistance. JEAN AMANCIA CONTACT no. +63 9171290370 Real Estate Broker and Appraiser PRC lic. # 0036428",Cebu City,Single Detached,167.0,212.0,5.0,3.0,16800000.0,https://www.carousell.ph/p/steps-from-the-beach-5br-single-detached-house-and-lot-for-sale-in-corona-del-mar-talisay-cebu-1424347904/?amp%3Bt-referrer_request_id=bB1s8SP6pTvw5eHk&amp%3Bt-tap_index=18,open_market
carousell,Modern and Elegant Residence with Stunning Mountain Scenery,"Banawa, Cebu City Bedroom: 4 Bathroom: 4 Floor Area: 350 SqM Lot Area: 100 SqM Car Garage: 2 Cars Furnishing: Unfurnished Location & nearby places Guadalupe, Cebu City, Cebu, Regio",Cebu City,Townhouse,100.0,350.0,4.0,4.0,17500000.0,https://www.carousell.ph/p/modern-and-elegant-residence-with-stunning-mountain-scenery-1424178611/?amp%3Bt-referrer_request_id=bB1s8SP6pTvw5eHk&amp%3Bt-tap_index=20,open_market
carousell,"Beachside 5-Bedroom Single-Detached House and Lot For Sale in Corona del Mar, Cebu","GREEN JADE HOUSE In Corona del Mar Pooc Talisay City, Cebu Corona Del Mar is a residential seaside community and house-and-lot subdivision developed by Filinvest Land (through Aspire by Filinvest) located in Barangay Pooc, Talisay City, Cebu, Philippines — about 15 minutes south of Cebu City via the Cebu South Coastal Road (SRP). CLOSER ESTABLISHMENTS 10 min to Ill Corso Lifemalls 12 min to Sm Seaside 10 min to Nustar Hotel and Casino 10 min Pedro Calungsod Church 6 min to Schools 6 min to Hospitals About 13-15mins to CCLEX BUYER’S BONUS: 2- Double door refrigerator 5- Burner gas stove with oven Range Hood Ventilation Water Heater in each bathroom 2- STOREY SINGLE DETACHED HOUSE HOUSE DETAILS: Preselling Phase 2 Blk 1 Lot 9, Abra Street, Lot Area: 145 sqm. Floor Area: 208 sqm. 5- bedrooms 3- Toilet and Bath ===== SECOND FLOOR: Master’s Bedroom with own toilet and bath Master’s Bedroom with walk in closet and balcony Bedroom 3 & 4 Common Toilet and Bath with water heater balcony and fire exit ===== GROUND FLOOR: Bedroom 1 & 2 Living Area and Kitchen Area Dining Area with Breakfast nook Auxiliary Kitchen with Granite Countertop Dirty Kitchen Common Toilet and Bath with water heater 2- car garage ===== Price: 15,000,000.00 ===== 30% Down payment/Equity: 4,500,000.00 Security Deposit: 200,000.00 Net Down payment/Equity: 4,300,000.00 ===== Monthly Down payment/Equity: 537,500.00 in 8 months ===== 70% Remaining Balance thru Bank Financing OR Cash Loanable Amount: 10,500,000.00 Prices includes the Capital Gains Tax and Documentary Stamp Tax only ===== NOTE: Buyers Pays All Other Fees. Good Only For 30 Days & Not Refundable. Please feel free to reach out if you have any questions or need further assistance. JEAN AMANCIA CONTACT no. +63 9171290370 Real Estate Broker and Appraiser PRC lic. # 0036428",Cebu City,Single Detached,145.0,208.0,5.0,3.0,15000000.0,https://www.carousell.ph/p/beachside-5-bedroom-single-detached-house-and-lot-for-sale-in-corona-del-mar-cebu-1424346877/?amp%3Bt-referrer_request_id=bB1s8SP6pTvw5eHk&amp%3Bt-tap_index=21,open_market
carousell,"4BR Modern Home For Sale in Banawa, Cebu City | Prime Hillside Living","Arcenas Highlands Residences, Banawa, Cebu City Lot Area: 225 sqm (≈ 2,422 sq ft) Floor Area: 202 sqm (≈ 2,174 sq ft) Bedrooms: 3 Bedrooms + Maid’s Room (all with en-suite bathroom",Cebu City,House and Lot,225.0,202.0,3.0,4.0,46498185.0,https://www.carousell.ph/p/4br-modern-home-for-sale-in-banawa-cebu-city-prime-hillside-living-1435211110/?amp%3Bt-referrer_request_id=bB1s8SP6pTvw5eHk&amp%3Bt-tap_index=24,open_market
carousell,3- bedroom single attached house and lot For Sale in Breeza Scapes Lapulapu City Cebu,"BREEZA SCAPES MACTAN PHASE 2 Part of the series of Breeza communities in Mactan, Breeza Scapes is one of the second projects under this umbrella. Upholding its brand of offering a low-density community, the residential community is on a 1.05 hectare – the most exclusive Breeza project to-date LOCATION AND ACCESSIBILITY: Market: 5 mins drive School: 3 mins walk Airport: 13 mins drive Highway: 2 mins drive Hospital: 3 mins drive ATM Machine: 5 mins drive Bank: 5 mins drive Barangay Hall: 5 mins drive Mall: 5 mins drive SINGLE ATTACHED C HOUSE DETAILS: Preselling 2-Storey Single Attached Lot Area: 84 sqm. Floor Area: 104.31 sqm. 3- Bedrooms 2- Toilet & Bath ===== SECOND FLOOR: Master Bedroom with Toilet & Bath Master Bedroom with Balcony Bedroom 2 & 3 Common Toilet & Bath ===== GROUND FLOOR: Living, Dining, and Kitchen Powder Room Service Area Porch Service Area Parking ===== Price: 9,563,900.00 ===== 10% Equity/Down payment: 956,390.00 Less, Reservation Fee: 50,000.00 Net Equity/Down payment: 906,390.00 ===== Monthly Equity/Down payment: 18,883.00 in 48 months ===== 90% Remaining Balance thru Bank Financing Loanable Amount: 8,607,510.00 Prices includes transfer and Miscellaneous Fee Please feel free to reach out if you have any questions or need further assistance. JEAN AMANCIA CONTACT no. +63 9171290370 Real Estate Broker and Appraiser PRC lic. # 0036428",Lapu-Lapu City,Townhouse,84.0,104.31,3.0,2.0,9563900.0,https://www.carousell.ph/p/3-bedroom-single-attached-house-and-lot-for-sale-in-breeza-scapes-lapulapu-city-cebu-1434260332/?amp%3Bt-referrer_request_id=bB1s8SP6pTvw5eHk&amp%3Bt-tap_index=26,open_market
carousell,Luxurious Modern House with Ocean View in Alta Vista Residences,"Alta Vista Residential Estates, Golf and Country Club, Pardo, Cebu City Bedroom: 6 Bathroom: 6 Floor Area: 700 SqM Lot Area: 523 SqM Floors: 2 Car Parking: 2 Cars Furnishing: Furni",Cebu City,House and Lot,523.0,700.0,6.0,6.0,60000000.0,https://www.carousell.ph/p/luxurious-modern-house-with-ocean-view-in-alta-vista-residences-1435169384/?amp%3Bt-referrer_request_id=bB1s8SP6pTvw5eHk&amp%3Bt-tap_index=29,open_market
carousell,"12BR Mansion for Sale in Maria Luisa Estate Park, Banilad Cebu | 4-Storey | Prime Estate Investment","🏡 Ultra-Luxury 12BR Mansion for Sale in Maria Luisa Estate Park, Banilad Cebu | 4-Storey | Prime Estate Investment Own a landmark residence in Maria Luisa Estate Park—Cebu’s most prestigious gated community. This grand 4-storey estate offers expansive living spaces, resort-style amenities, and unmatched exclusivity, ideal for multi-generational living or a high-value investment. 💎 Property Details Price: ₱200,000,000 (≈ $3,500,000 USD*) Lot Area: 1,018 sqm (≈ 10,958 sq ft) Floor Area: 2,480 sqm (≈ 26,686 sq ft) 12 Bedrooms (all with en-suite T&B, closets & balconies) 12 Full Bathrooms + Powder Room 7–8 Car Garage Capacity ✨ Estate Features & Highlights Expansive 4-storey layout with multiple living, dining, and kitchen areas Grand foyer entrance with elegant flow throughout Designed for large families, executive housing, or private luxury use Multiple balconies with open views and natural ventilation High-end construction with premium finishes 🌴 Resort-Style Amenities Private swimming pool Landscaped gardens and outdoor entertaining areas Lanai for gatherings and events 🛠 Functional & Complete Facilities Dedicated maid’s quarters with T&B Separate driver’s quarters with T&B Spacious garage for 7–8 vehicles Fully equipped for large-scale, comfortable living 📍 Prime Location – Banilad, Cebu City 10–15 minutes to Cebu IT Park & Cebu Business Park Near Ayala Center Cebu, top schools, hospitals, and dining hubs Elevated, secure, and low-density environment 🌿 Exclusive Community Benefits 24/7 gated security with controlled access Landscaped parks, playgrounds, and open spaces Clubhouse and recreational facilities Home to Cebu’s elite residents and expat community 💼 Why Invest in This Cebu Luxury Estate One of the largest residential properties available in Maria Luisa Ideal for luxury residence, corporate housing, or premium rental Strong capital appreciation in a prime Cebu location Extremely limited supply of large-scale luxury estates 🌟 Ideal For Ultra-high-net-worth families Corporate executives and expats Investors seeking trophy properties Buyers looking for long-term value and prestige 📞 Inquire Now / Private Viewing Serious inquiries only. Schedule a private viewing today. PH Pro Realty 🌐 www.phprorealty.com 📱🟢💬 +63 992-524-9969 ⚠️ Disclaimer Prices, availability, and details are subject to change without prior notice. Measurements are approximate and should be independently verified. USD conversion is estimated and may vary based on exchange rates. Maria Luisa mansion for sale Cebu, luxury house Banilad Cebu, 12 bedroom house Cebu Philippines, estate home Cebu City, mansion with pool Cebu, luxury real estate Cebu Philippines",Cebu City,House and Lot,1018.0,2480.0,12.0,,200000000.0,https://www.carousell.ph/p/12br-mansion-for-sale-in-maria-luisa-estate-park-banilad-cebu-4-storey-prime-estate-investment-1433919547/?amp%3Bt-referrer_request_id=bB1s8SP6pTvw5eHk&amp%3Bt-tap_index=30,open_market
carousell,"House & Lot with Private Pool for Sale in Vista Grande, Talisay City, Cebu","Vista Grande, Talisay City, Cebu Lot Area: 407 sqm (≈ 4,380 sq ft) Floor Area: 769 sqm (≈ 8,276 sq ft) Bedrooms: 5 (all with ensuite T&B) Parking: 5–6 Car Garage Price: ₱49,800,000",Talisay City,House and Lot,407.0,769.0,5.0,5.0,49800000.0,https://www.carousell.ph/p/house-lot-with-private-pool-for-sale-in-vista-grande-talisay-city-cebu-1435033210/?amp%3Bt-referrer_request_id=bB1s8SP6pTvw5eHk&amp%3Bt-tap_index=31,open_market
carousell,Spacious Luxury Home with Open Living Spaces in Maria Luisa Estate Park,"Banilad, Maria Luisa Park Bedrooms: 5 Bathrooms: 5 Floor Area: 900 SqM Lot Area: 1,003 SqM Floors: 4 Garage: 4 Cars Furnishing: Furnished Location & nearby places Banilad, Cebu Cit",Cebu City,House and Lot,1003.0,900.0,5.0,5.0,150000000.0,https://www.carousell.ph/p/spacious-luxury-home-with-open-living-spaces-in-maria-luisa-estate-park-1435001128/?amp%3Bt-referrer_request_id=bB1s8SP6pTvw5eHk&amp%3Bt-tap_index=32,open_market
carousell,"Overlooking House with Private Pool for Sale in Vista Grande, Talisay City, Cebu","Vista Grande Subdivision, Talisay City, Cebu Lot Area: 320 sqm (≈ 3,444 sq ft) Floor Area: 280 sqm (≈ 3,014 sq ft) Bedrooms: 4 Bathrooms: 4 Parking: 2-Car Garage Swimming Pool: Pri",Cebu City,House and Lot,320.0,280.0,4.0,4.0,30000000.0,https://www.carousell.ph/p/overlooking-house-with-private-pool-for-sale-in-vista-grande-talisay-city-cebu-1435032683/?amp%3Bt-referrer_request_id=bB1s8SP6pTvw5eHk&amp%3Bt-tap_index=34,open_market
carousell,5 Bedrooms House for Sale in Minglanilla,"Minglanilla, Cebu Bedroom: 5 Bathroom: 5 Floor Area: 300 SqM Lot Area: 326 SqM Car Garage: 2 Cars Furnishing: Furnished Location & nearby places Calajo-an, Cebu, Region VII - Centr",Minglanilla,House and Lot,326.0,300.0,5.0,5.0,14000000.0,https://www.carousell.ph/p/5-bedrooms-house-for-sale-in-minglanilla-1434807276/?amp%3Bt-referrer_request_id=bB1s8SP6pTvw5eHk&amp%3Bt-tap_index=36,open_market
carousell,"House for Sale in Consolacion, Cebu | 4BR + Guest Room | Royale Cebu Estate","Royale Cebu Estate, Consolacion, Cebu, Philippines Property Type: House and Lot Cebu for Sale Price: ₱28,000,000 ≈ USD $495,000 (approx., FX-dependent) Lot Area: 331 sqm (≈ 3,562 s",Cebu City,House and Lot,331.0,354.0,4.0,4.0,28000000.0,https://www.carousell.ph/p/house-for-sale-in-consolacion-cebu-4br-guest-room-royale-cebu-estate-1435023356/?amp%3Bt-referrer_request_id=bB1s8SP6pTvw5eHk&amp%3Bt-tap_index=39,open_market
carousell,Ready For Occupancy 4-bedroom single detached house and lot For Sale in Lapu0lapu City Cebu,"PACIFIC GRAND VILLAS An exclusive subdivision in Mactan, Cebu having its perfect place to live with your family. In a matter of fact, a high expectation of life prosperity just within your reach at Pacific Grand Villa. It is blending of superfluity and affordability to give the happy and bountiful life you truly deserve. AMENITIES: Fountain Gazebos Landscaped gardens in all open areas Landscaping in all open spaces Mani Avenue/The Promenade prelude to the Clubhouse Landscaped Grand Rotunda Landscaped Grand Multifunction Clubhouse Multi-purpose court Manicured lawns and promenade Parks and Playgrounds. PATRICIA HOUSE DETAILS: Ready For Occupancy/ 1-unit left 2 – Storey, Single Detached Floor Area: 125 sqm. Lot Area: 320 sqm. 4- Bedrooms 3 -Toilet and Bath ===== SECOND FLOOR: Master’s Bedroom with own Toilet and Bath Master’s Bedroom with balcony Bedroom 2 & 3 Family Area Common Toilet and Bath ===== GROUND FLOOR: Porch Living, Dining, and Kitchen Area Lanai Maid’s Room Common Toilet and Bath Service Area 2- Carports Ready Provisions for Water & Electric ===== Price: 12,916,400.00 ===== 30% Down payment: 3,874,920.00 Less, Reservation Fee: 20,000.00 NET Down payment: 3,854,920.00 ===== Monthly Down payment: 321,243.00 in 12 months ===== 70% Balance thru Bank and Pag-ibig Financing Loanable Amount: 9,041,480.00 Prices does not include transfer charges Please feel free to reach out if you have any questions or need further assistance. JEAN AMANCIA CONTACT no. +63 9171290370 Real Estate Broker and Appraiser PRC lic. # 0036428",Lapu-Lapu City,Single Detached,320.0,125.0,4.0,3.0,12916400.0,https://www.carousell.ph/p/ready-for-occupancy-4-bedroom-single-detached-house-and-lot-for-sale-in-lapu0lapu-city-cebu-1434668240/?amp%3Bt-referrer_request_id=bB1s8SP6pTvw5eHk&amp%3Bt-tap_index=40,open_market
carousell,3-Bedroom Single-Attached House and Lot for Sale Near the Beach in Talisay City Cebu,"TWINBEAVER Corona del Mar Phase 1, Talisay City, Cebu PROXIMITY: 5min to Star Mall 6min to Schools 10min to Il Corso Lifemalls 12min to SM Seaside 10min to Nustar Hotel and Casino 14min to CCLEX AVA- SINGLE ATTACHED HOUSE DETAILS: 2- storey Single Attached Lot Area: 150 sqm Building only Area – 109 sqm Parking Area and others – 98.4 sqm Total Floor Area: 207.4 sqm 3- Bedrooms + Optional 1 Maid’s Room (free of charge) 3- Toilet and Bath ===== SECOND FLOOR: Master’s Bedroom with Toilet and Bath Master’s Bedroom with balcony and walk-in-closet Bedroom 1 & 2 Common Toilet and bath ===== GROUND FLOOR: Living, Dining Area Elegant kitchen cabinets Porch Storage Foyer Patio 2- Carports ===== Total Contract Price: 15,800,000.00 ===== 20% Down payment/Equity: 3,160,000.000 Less, Reservation Fee: 100,000.00 NET, Down payment/Equity: 3,060,000.00 ===== Monthly Down payment/Equity: 255,000.00 in 12 months ===== Remaining 80% Balance thru Bank Financing OR Cash Loanable Amount: 12,640,000.00 ALL-IN including Transfer Taxes, Move-in Fee!!! Clean documents ===== Spot Total Contract Price: 5% Discount Spot Equity: 3% Discount on the Equity Amount Please feel free to reach out if you have any questions or need further assistance. JEAN AMANCIA CONTACT no. +63 9171290370 Real Estate Broker and Appraiser PRC lic. # 0036428",Talisay City,Townhouse,150.0,207.4,3.0,3.0,15800000.0,https://www.carousell.ph/p/3-bedroom-single-attached-house-and-lot-for-sale-near-the-beach-in-talisay-city-cebu-1428486336/?amp%3Bt-referrer_request_id=bB1s8SP6pTvw5eHk&amp%3Bt-tap_index=41,open_market
carousell,"HOUSE & LOT FOR SALE IN MOLAVE HIGHLANDS, CONSOLACION, CEBU","Molave Highlands Subdivision, Consolacion, Cebu, Philippines 💰 Price: ₱19,500,000 (Net of Taxes) ≈ USD $348,000 📐 Lot Area: 202 sqm (≈ 2,174 sq ft) 🏠 Floor Area: 260 sqm (≈ 2,799 s",Consolacion,House and Lot,202.0,260.0,3.0,3.0,19500000.0,https://www.carousell.ph/p/house-lot-for-sale-in-molave-highlands-consolacion-cebu-1434867176/?amp%3Bt-referrer_request_id=bB1s8SP6pTvw5eHk&amp%3Bt-tap_index=42,open_market
carousell,Spacious Residence with Contemporary Design in Molave Highlands,"Molave Highlands Subdivision, Consolacion Cebu Bedroom: 4 Bathroom: 4 Floor Area: 250 SqM Lot Area: 202 SqM Car Parking: 2 Cars Furnishing: Fully-Furnished Location & nearby places",Consolacion,House and Lot,202.0,250.0,4.0,4.0,17500000.0,https://www.carousell.ph/p/spacious-residence-with-contemporary-design-in-molave-highlands-1434600662/?amp%3Bt-referrer_request_id=bB1s8SP6pTvw5eHk&amp%3Bt-tap_index=44,open_market
carousell,Sophisticated Home with High Ceilings and Natural Light,"Greenwoods Subdivision, Pulangbato, Cebu City Bedroom: 4 Bathroom: 3 Floor Area: 200 SqM Lot Area: 175 SqM Car Garage: 2 Cars Furnishing: Furnished Location & nearby places Talamba",Cebu City,House and Lot,175.0,200.0,4.0,3.0,16500000.0,https://www.carousell.ph/p/sophisticated-home-with-high-ceilings-and-natural-light-1428619889/?amp%3Bt-referrer_request_id=bB1s8SP6pTvw5eHk&amp%3Bt-tap_index=45,open_market
carousell,"12 Bedrooms House For Sale in Maria Luisa Estate Park, Cebu City","Maria Luisa Estate Park, Banilad, Cebu City Lot Area: 1,018 sqm (≈ 10,958 sq ft) Floor Area: 2,480 sqm (≈ 26,686 sq ft) Structure: 4 Storeys Bedrooms: 12 (all with en-suite bathroo",Cebu City,House and Lot,1018.0,2480.0,12.0,12.0,199990000.0,https://www.carousell.ph/p/12-bedrooms-house-for-sale-in-maria-luisa-estate-park-cebu-city-1434827350/?amp%3Bt-referrer_request_id=bB1s8SP6pTvw5eHk&amp%3Bt-tap_index=46,open_market
carousell,"House for Sale in Maria Luisa Estate Park, Cebu City","Maria Luisa Estate Park, Cebu City Lot Area: 1,200 sqm (≈ 12,916 sq ft) Structure: 3 Storeys + Basement Bedrooms: 5 Spacious Bedrooms Bathrooms: 5 Maid’s Rooms: 2 Parking: Up to 5",Cebu City,House and Lot,1200.0,1500.0,5.0,5.0,119990000.0,https://www.carousell.ph/p/house-for-sale-in-maria-luisa-estate-park-cebu-city-1434825911/?amp%3Bt-referrer_request_id=bB1s8SP6pTvw5eHk&amp%3Bt-tap_index=47,open_market
carousell,4- Bedroom Duplex House and Lot For Sale in Breeza Scapes 2 Lapu-lapu City Cebu,"BREEZA SCAPES MACTAN PHASE 2 Part of the series of Breeza communities in Mactan, Breeza Scapes is one of the second projects under this umbrella. Upholding its brand of offering a low-density community, the residential community is on a 1.05 hectare – the most exclusive Breeza project to-date LOCATION AND ACCESSIBILITY: Market: 5 mins drive School: 3 mins walk Airport: 13 mins drive Highway: 2 mins drive Hospital: 3 mins drive ATM Machine: 5 mins drive Bank: 5 mins drive Barangay Hall: 5 mins drive Mall: 5 mins drive DUPLEX C HOUSE DETAILS Preselling 2-Storey Duplex Lot Area: 84 sqm. Floor Area: 104 sqm. 4- Bedrooms 3- Toilet & Bath ===== SECOND FLOOR: Master Bedroom with Toilet & Bath Master Bedroom with Balcony Bedroom 2 & 3 Common Toilet & Bath ===== GROUND FLOOR: Guest Room Living, Dining, and Kitchen Powder Room Service Area Porch Service Area Parking ===== Price: 9,541,400.00 ===== 10% Equity/Down payment: 954,140.00 Less, Reservation Fee: 50,000.00 Net Equity/Down payment: 904,140.00 ===== Monthly Equity/Down payment: 18,587.00 in 48 months ===== 90% Remaining Balance thru Bank Financing Loanable Amount: 8,587,260.00 Prices includes transfer and Miscellaneous Fee Please feel free to reach out if you have any questions or need further assistance. JEAN AMANCIA CONTACT no. +63 9171290370 Real Estate Broker and Appraiser PRC lic. # 0036428",Lapu-Lapu City,Townhouse,84.0,104.0,4.0,3.0,9541400.0,https://www.carousell.ph/p/4-bedroom-duplex-house-and-lot-for-sale-in-breeza-scapes-2-lapu-lapu-city-cebu-1434264310/?amp%3Bt-referrer_request_id=bB1s8SP6pTvw5eHk&amp%3Bt-tap_index=49,open_market
carousell,Limited Offer! Rent-to-Own 4BR Single Detach house and lot For Sale in Lapulapu Cebu,"ASTELE SUBDIVISION Located in Brgy. Buyong Maribago, Lapu-lapu City Astele is a sanctuary where the therapeutic breeze of the nearby ocean calms your being. LANDMARK and ACCESSIBILITY: walking distance going to Tambuli Beach Resort 4 minutes going to Science & Technology Education Center 4 minutes going to MEPZ-2 6 minutes going to Mactan Doctors Hospital 10 minutes going to Sto. Niño Church 10 minutes going to Mactan Cebu International Airport 10 minutes going to Marina Mall Transportation Details: Motorcycle and Tricycle from the subdivision going to National Hi-way PUJ (Public Utility Jeep) going to Malls, Hospitals, and Schools MOHOGANY HOUSE- Single Detached HOUSE DETAILS: Ready For Occupancy 2- Storey Single Detached House 4- Bedrooms 3- Toilet and Bath Lot Area: 133 sqm Floor Area: 150 sqm ===== SECOND FLOOR: Master’s Bedroom with own Toilet and Bath Master’s bedroom with balcony Bedroom 2 & 3 Common Toilet and bath ===== GROUND FLOOR Porch Living, Dining and Kitchen Area Bedroom 1 Lanai Storage Area 1 Maid’s Room Toilet and bath 2- Carports ===== 📅 Promo Period: March 18 – May 31, 2026 ===== Price: 11,322,704.00 ===== Down payment/Equity: 1,250,026.00 Less, Reservation Fee: 50,000.00 Net Down payment: 1,200,026.00 ===== Monthly Down payment/Equity: 39,858.00 in 36 months ===== Remaining Balance thru Bank Financing Loanable Amount: 9,166,861.00 Estimated Monthly Amortization: 85,885.00 thru Bank Financing at 15 years term ===== Estimated Required Monthly Income: 238,571.00 Prices included transfer charges ===== 💼 BUYER’S PROMO DETAILS: 🚪 EARLY MOVE-IN BENEFIT: ✔ Move in after just 3 months equity ✔ OR pay 3 months equity in advance (NO need LOG or loan takeout) ===== 💳 MOVE-IN FEES? NO WORRIES! 👉 Payable in INSTALLMENTS up to 3 MONTHS Please feel free to reach out if you have any questions or need further assistance. JEAN AMANCIA CONTACT no. +63 9171290370 Real Estate Broker and Appraiser PRC lic. # 0036428",Lapu-Lapu City,Single Detached,133.0,150.0,4.0,3.0,11322704.0,https://www.carousell.ph/p/limited-offer-rent-to-own-4br-single-detach-house-and-lot-for-sale-in-lapulapu-cebu-1432664203/?amp%3Bt-referrer_request_id=1c0J9QG8_O3lU77d&amp%3Bt-tap_index=0,open_market
