City,Auction_Category,Property_Name,Property_Type,Lot_Area_sqm,Floor_Area_sqm,Price_PHP,Occupancy_Status,Auction_Date,Source
BOGO CITY,Second Auction,VILLA CASITA - BOGO,Row House,36,24.05,,Row House,,Pag-IBIG OPA
BOGO CITY,Negotiated Sale,FATEHILLS SUBDIVISION,Lot Only,156,0,,Lot Only,,Pag-IBIG OPA
BOGO CITY,Negotiated Sale,FATEHILLS SUBDIVISION,Lot Only,156,0,,Lot Only,,Pag-IBIG OPA
BOGO CITY,Negotiated Sale,FATEHILLS SUBDIVISION,Lot Only,156,0,,Lot Only,,Pag-IBIG OPA
BOGO CITY,Negotiated Sale,FATEHILLS SUBDIVISION,Lot Only,156,0,,Lot Only,,Pag-IBIG OPA
BOGO CITY,Negotiated Sale,FATEHILLS SUBDIVISION,Lot Only,156,0,,Lot Only,,Pag-IBIG OPA
BOGO CITY,Negotiated Sale,FATEHILLS SUBDIVISION,Lot Only,156,0,,Lot Only,,Pag-IBIG OPA
BOGO CITY,Negotiated Sale,FATEHILLS SUBDIVISION,Lot Only,156,0,,Lot Only,,Pag-IBIG OPA
BOGO CITY,Negotiated Sale,FATEHILLS SUBDIVISION,Lot Only,156,0,,Lot Only,,Pag-IBIG OPA
BOGO CITY,Negotiated Sale,FATEHILLS SUBDIVISION,Lot Only,156,0,,Lot Only,,Pag-IBIG OPA
BOGO CITY,Negotiated Sale,FATEHILLS SUBDIVISION,Lot Only,156,0,,Lot Only,,Pag-IBIG OPA
BOGO CITY,Negotiated Sale,FATEHILLS SUBDIVISION,Lot Only,156,0,,Lot Only,,Pag-IBIG OPA
BOGO CITY,Negotiated Sale,FATEHILLS SUBDIVISION,Lot Only,156,0,,Lot Only,,Pag-IBIG OPA
BOGO CITY,Negotiated Sale,FATEHILLS SUBDIVISION,Lot Only,156,0,,Lot Only,,Pag-IBIG OPA
BOGO CITY,Negotiated Sale,FATEHILLS SUBDIVISION,Lot Only,156,0,,Lot Only,,Pag-IBIG OPA
BOGO CITY,Negotiated Sale,FATEHILLS SUBDIVISION,Lot Only,156,0,,Lot Only,,Pag-IBIG OPA
BOGO CITY,Negotiated Sale,FATEHILLS SUBDIVISION,Lot Only,156,0,,Lot Only,,Pag-IBIG OPA
BOGO CITY,Negotiated Sale,FATEHILLS SUBDIVISION,Lot Only,156,0,,Lot Only,,Pag-IBIG OPA
BOGO CITY,Negotiated Sale,FATEHILLS SUBDIVISION,Lot Only,156,0,,Lot Only,,Pag-IBIG OPA
BOGO CITY,Negotiated Sale,FATEHILLS SUBDIVISION,Lot Only,156,0,,Lot Only,,Pag-IBIG OPA
BOGO CITY,Negotiated Sale,FATEHILLS SUBDIVISION,Lot Only,156,0,,Lot Only,,Pag-IBIG OPA
BOGO CITY,Negotiated Sale,FATEHILLS SUBDIVISION,Lot Only,156,0,,Lot Only,,Pag-IBIG OPA
BOGO CITY,Negotiated Sale,FATEHILLS SUBDIVISION,Single Detached,156,38.4,,Single Detached,,Pag-IBIG OPA
BOGO CITY,Negotiated Sale,FATEHILLS SUBDIVISION,Single Detached,156,98.71,,Single Detached,,Pag-IBIG OPA
BOGO CITY,Negotiated Sale,NON SUBDIVISION,Single Attached,1525,45,,Single Attached,,Pag-IBIG OPA
CARCAR CITY,First Auction,TIERRA NAVA SUBDIVISION,Town House,42,36,,Town House,,Pag-IBIG OPA
CARCAR CITY,Second Auction,ESPERANZA HOMES,Row House,34,20.2,,Row House,,Pag-IBIG OPA
CARCAR CITY,Negotiated Sale,LUMINA CARCAR,Row House - End with Firewall,54,22,,Row House - End with Firewall,,Pag-IBIG OPA
CEBU CITY,First Auction,NHA HOUSING PROJECT,Lot Only,80,0,,Lot Only,,Pag-IBIG OPA
CEBU CITY,First Auction,URBAN DECA HOMES TISA 2,Condominium,0,26.8,,Condominium,,Pag-IBIG OPA
CEBU CITY,First Auction,BAYANIHAN FLATS - ORCHARD DRIVE,Condominium,0,18.87,,Condominium,,Pag-IBIG OPA
CEBU CITY,First Auction,BAYANIHAN FLATS - ORCHARD DRIVE,Condominium,0,18.87,,Condominium,,Pag-IBIG OPA
CEBU CITY,First Auction,BAYANIHAN FLATS - ORCHARD DRIVE,Condominium,0,18.87,,Condominium,,Pag-IBIG OPA
CEBU CITY,First Auction,BAYANIHAN FLATS - ORCHARD DRIVE,Condominium,0,18.87,,Condominium,,Pag-IBIG OPA
CEBU CITY,First Auction,BAYANIHAN FLATS - ORCHARD DRIVE,Condominium,0,18.87,,Condominium,,Pag-IBIG OPA
CEBU CITY,First Auction,BAYANIHAN FLATS - ORCHARD DRIVE,Condominium,0,18.87,,Condominium,,Pag-IBIG OPA
CEBU CITY,First Auction,URBAN DECA HOMES TISA 2,Condominium,0,36.5,,Condominium,,Pag-IBIG OPA
CEBU CITY,First Auction,URBAN DECA HOMES TISA 2,Condominium,0,36.5,,Condominium,,Pag-IBIG OPA
CEBU CITY,First Auction,URBAN DECA HOMES TISA 2,Condominium,0,36.5,,Condominium,,Pag-IBIG OPA
CEBU CITY,Second Auction,URBAN DECA HOMES TISA,Condominium,0,25,,Condominium,,Pag-IBIG OPA
CEBU CITY,Negotiated Sale,URBAN DECA HOMES TISA,Condominium,0,25,,Condominium,,Pag-IBIG OPA
CEBU CITY,Negotiated Sale,URBAN DECA HOMES TISA,Condominium,0,25,,Condominium,,Pag-IBIG OPA
CEBU CITY,Negotiated Sale,BAYANIHAN FLATS - ORCHARD DRIVE,Condominium,0,18.87,,Condominium,,Pag-IBIG OPA
CEBU CITY,Negotiated Sale,BAYANIHAN FLATS - ORCHARD DRIVE,Condominium,0,18.87,,Condominium,,Pag-IBIG OPA
CEBU CITY,Negotiated Sale,BAYANIHAN FLATS - ORCHARD DRIVE,Condominium,0,18.87,,Condominium,,Pag-IBIG OPA
CEBU CITY,Negotiated Sale,BAYANIHAN FLATS - ORCHARD DRIVE,Condominium,0,18.87,,Condominium,,Pag-IBIG OPA
CEBU CITY,Negotiated Sale,BAYANIHAN FLATS - ORCHARD DRIVE,Condominium,0,18.87,,Condominium,,Pag-IBIG OPA
CEBU CITY,Negotiated Sale,BAYANIHAN FLATS - ORCHARD DRIVE,Condominium,0,18.87,,Condominium,,Pag-IBIG OPA
CEBU CITY,Negotiated Sale,BAYANIHAN FLATS - ORCHARD DRIVE,Condominium,0,18.87,,Condominium,,Pag-IBIG OPA
CEBU CITY,Negotiated Sale,BAYANIHAN FLATS - ORCHARD DRIVE,Condominium,0,18.87,,Condominium,,Pag-IBIG OPA
CEBU CITY,Negotiated Sale,BAYANIHAN FLATS - ORCHARD DRIVE,Condominium,0,18.87,,Condominium,,Pag-IBIG OPA
CEBU CITY,Negotiated Sale,BAYANIHAN FLATS - ORCHARD DRIVE,Condominium,0,18.87,,Condominium,,Pag-IBIG OPA
CEBU CITY,Negotiated Sale,BAYANIHAN FLATS - ORCHARD DRIVE,Condominium,0,18.87,,Condominium,,Pag-IBIG OPA
CEBU CITY,Negotiated Sale,BAYANIHAN FLATS - ORCHARD DRIVE,Condominium,0,18.87,,Condominium,,Pag-IBIG OPA
CEBU CITY,Negotiated Sale,BAYANIHAN FLATS - ORCHARD DRIVE,Condominium,0,18.87,,Condominium,,Pag-IBIG OPA
CEBU CITY,Negotiated Sale,BAYANIHAN FLATS - ORCHARD DRIVE,Condominium,0,18.87,,Condominium,,Pag-IBIG OPA
CEBU CITY,Negotiated Sale,URBAN DECA HOMES TISA,Condominium,0,36.5,,Condominium,,Pag-IBIG OPA
CEBU CITY,Negotiated Sale,URBAN DECA HOMES TISA 2,Condominium,0,36.5,,Condominium,,Pag-IBIG OPA
CEBU CITY,Negotiated Sale,URBAN DECA HOMES TISA 2,Condominium,0,36.5,,Condominium,,Pag-IBIG OPA
CEBU CITY,Negotiated Sale,URBAN DECA HOMES TISA,Condominium,0,36.5,,Condominium,,Pag-IBIG OPA
CEBU CITY,Negotiated Sale,URBAN DECA HOMES TISA 2,Condominium,0,36.5,,Condominium,,Pag-IBIG OPA
CEBU CITY,Negotiated Sale,URBAN DECA HOMES TISA 2,Condominium,0,36.5,,Condominium,,Pag-IBIG OPA
CEBU CITY,Negotiated Sale,UNIPLACE @ SWU VILLAGE,Condominium,0,24,,Condominium,,Pag-IBIG OPA
CEBU CITY,Negotiated Sale,BAYANIHAN FLATS - ORCHARD DRIVE,Condominium,0,37.74,,Condominium,,Pag-IBIG OPA
CEBU CITY,Negotiated Sale,BAYANIHAN FLATS - ORCHARD DRIVE,Condominium,0,37.74,,Condominium,,Pag-IBIG OPA
CEBU CITY,Negotiated Sale,BAYANIHAN FLATS - ORCHARD DRIVE,Condominium,0,37.74,,Condominium,,Pag-IBIG OPA
CONSOLACION,Second Auction,DEO RESIDENCES,Town House,44,78.92,,Town House,,Pag-IBIG OPA
CONSOLACION,Negotiated Sale,D` PEARL CONDOMINIUM BLDG. 1,Condominium,0,31.39,,Condominium,,Pag-IBIG OPA
CONSOLACION,Negotiated Sale,D` PEARL CONDOMINIUM BLDG. 1,Condominium,0,33.55,,Condominium,,Pag-IBIG OPA
CONSOLACION,Negotiated Sale,DEO CITY CONDOMINIUM BLDG 1,Condominium,0,32,,Condominium,,Pag-IBIG OPA
CONSOLACION,Negotiated Sale,DEO CITY CONDOMINIUM BLDG 1,Condominium,0,32,,Condominium,,Pag-IBIG OPA
DANAO CITY,Second Auction,VILLA YSABEL SUBDIVISION,Town House,40,56,,Town House,,Pag-IBIG OPA
LAPU-LAPU CITY (OPON),First Auction,LA ALDEA DEL MAR,Town House,40,44.5,,Town House,,Pag-IBIG OPA
LAPU-LAPU CITY (OPON),First Auction,ASTANA SUBDIVISION,Town House,42,52,,Town House,,Pag-IBIG OPA
LAPU-LAPU CITY (OPON),First Auction,ASTANA SUBDIVISION,Townhouse - End with Firewall,49,52,,Townhouse - End with Firewall,,Pag-IBIG OPA
LAPU-LAPU CITY (OPON),First Auction,SAEKYUNG VILLAGE ONE PHASE III,Condominium,0,22,,Condominium,,Pag-IBIG OPA
LAPU-LAPU CITY (OPON),First Auction,SAEKYUNG VILLAGE ONE PHASE III,Condominium,0,22,,Condominium,,Pag-IBIG OPA
LAPU-LAPU CITY (OPON),First Auction,BAYANIHAN FLATS - MACTAN 2,Condominium,0,18.62,,Condominium,,Pag-IBIG OPA
LAPU-LAPU CITY (OPON),First Auction,BAYANIHAN FLATS MACTAN,Condominium,0,18.62,,Condominium,,Pag-IBIG OPA
LAPU-LAPU CITY (OPON),First Auction,BAYANIHAN FLATS MACTAN,Condominium,0,18.62,,Condominium,,Pag-IBIG OPA
LAPU-LAPU CITY (OPON),First Auction,BAYANIHAN FLATS MACTAN,Condominium,0,18.62,,Condominium,,Pag-IBIG OPA
LAPU-LAPU CITY (OPON),First Auction,BAYANIHAN FLATS - MACTAN 2,Condominium,0,18.62,,Condominium,,Pag-IBIG OPA
LAPU-LAPU CITY (OPON),First Auction,BAYANIHAN FLATS - MACTAN 2,Condominium,0,37.24,,Condominium,,Pag-IBIG OPA
LAPU-LAPU CITY (OPON),Second Auction,SAEKYUNG VILLAGE I,Condominium,0,22,,Condominium,,Pag-IBIG OPA
LAPU-LAPU CITY (OPON),Second Auction,SAEKYUNG VILLAGE I,Condominium,0,22,,Condominium,,Pag-IBIG OPA
LAPU-LAPU CITY (OPON),Negotiated Sale,LA ALDEA BUENA MACTAN,Lot Only,40,0,,Lot Only,,Pag-IBIG OPA
LAPU-LAPU CITY (OPON),Negotiated Sale,LA ALDEA BUENA MACTAN,Town House,40,44,,Town House,,Pag-IBIG OPA
LAPU-LAPU CITY (OPON),Negotiated Sale,HAPPY HOMES SUBDIVISION,Town House,40,63.56,,Town House,,Pag-IBIG OPA
LAPU-LAPU CITY (OPON),Negotiated Sale,LA ALDEA BUENA MACTAN,Town House,40,47.2,,Town House,,Pag-IBIG OPA
LAPU-LAPU CITY (OPON),Negotiated Sale,SAEKYUNG VILLAGE I,Condominium,0,24,,Condominium,,Pag-IBIG OPA
LAPU-LAPU CITY (OPON),Negotiated Sale,ASTANA SUBDIVISION,Town House,42,52,,Town House,,Pag-IBIG OPA
LAPU-LAPU CITY (OPON),Negotiated Sale,ASTANA SUBDIVISION,Town House,48,52,,Town House,,Pag-IBIG OPA
LAPU-LAPU CITY (OPON),Negotiated Sale,SAEKYUNG VILLAGE I,Condominium,0,24,,Condominium,,Pag-IBIG OPA
LAPU-LAPU CITY (OPON),Negotiated Sale,SAEKYUNG VILLAGE I,Condominium,0,24,,Condominium,,Pag-IBIG OPA
LAPU-LAPU CITY (OPON),Negotiated Sale,SAEKYUNG VILLAGE I,Condominium,0,24,,Condominium,,Pag-IBIG OPA
LAPU-LAPU CITY (OPON),Negotiated Sale,SAEKYUNG VILLAGE I,Condominium,0,24,,Condominium,,Pag-IBIG OPA
LAPU-LAPU CITY (OPON),Negotiated Sale,SAEKYUNG VILLAGE I,Condominium,0,22,,Condominium,,Pag-IBIG OPA
LAPU-LAPU CITY (OPON),Negotiated Sale,SAEKYUNG VILLAGE I,Condominium,0,22,,Condominium,,Pag-IBIG OPA
LAPU-LAPU CITY (OPON),Negotiated Sale,SAEKYUNG VILLAGE I,Condominium,0,24,,Condominium,,Pag-IBIG OPA
LAPU-LAPU CITY (OPON),Negotiated Sale,SAEKYUNG VILLAGE I,Condominium,0,24,,Condominium,,Pag-IBIG OPA
LAPU-LAPU CITY (OPON),Negotiated Sale,SAEKYUNG 956,Condominium,0,27,,Condominium,,Pag-IBIG OPA
LAPU-LAPU CITY (OPON),Negotiated Sale,SAEKYUNG 956,Condominium,0,27,,Condominium,,Pag-IBIG OPA
LAPU-LAPU CITY (OPON),Negotiated Sale,SAEKYUNG VILLAGE I,Condominium,0,24,,Condominium,,Pag-IBIG OPA
LAPU-LAPU CITY (OPON),Negotiated Sale,SAEKYUNG VILLAGE I,Condominium,0,22,,Condominium,,Pag-IBIG OPA
LAPU-LAPU CITY (OPON),Negotiated Sale,BAYANIHAN FLATS MACTAN,Condominium,0,18.62,,Condominium,,Pag-IBIG OPA
LAPU-LAPU CITY (OPON),Negotiated Sale,BAYANIHAN FLATS MACTAN,Condominium,0,18.62,,Condominium,,Pag-IBIG OPA
LAPU-LAPU CITY (OPON),Negotiated Sale,BAYANIHAN FLATS MACTAN,Condominium,0,18.62,,Condominium,,Pag-IBIG OPA
LAPU-LAPU CITY (OPON),Negotiated Sale,BAYANIHAN FLATS MACTAN,Condominium,0,18.62,,Condominium,,Pag-IBIG OPA
LAPU-LAPU CITY (OPON),Negotiated Sale,BAYANIHAN FLATS MACTAN,Condominium,0,18.62,,Condominium,,Pag-IBIG OPA
LAPU-LAPU CITY (OPON),Negotiated Sale,BAYANIHAN FLATS MACTAN,Condominium,0,18.62,,Condominium,,Pag-IBIG OPA
LAPU-LAPU CITY (OPON),Negotiated Sale,BAYANIHAN FLATS MACTAN,Condominium,0,18.62,,Condominium,,Pag-IBIG OPA
LAPU-LAPU CITY (OPON),Negotiated Sale,BAYANIHAN FLATS MACTAN,Condominium,0,18.62,,Condominium,,Pag-IBIG OPA
LAPU-LAPU CITY (OPON),Negotiated Sale,BAYANIHAN FLATS MACTAN,Condominium,0,18.62,,Condominium,,Pag-IBIG OPA
LAPU-LAPU CITY (OPON),Negotiated Sale,BAYANIHAN FLATS MACTAN,Condominium,0,18.62,,Condominium,,Pag-IBIG OPA
LAPU-LAPU CITY (OPON),Negotiated Sale,BAYANIHAN FLATS MACTAN,Condominium,0,18.62,,Condominium,,Pag-IBIG OPA
LAPU-LAPU CITY (OPON),Negotiated Sale,SAEKYUNG 956,Condominium,0,27,,Condominium,,Pag-IBIG OPA
LAPU-LAPU CITY (OPON),Negotiated Sale,SAEKYUNG VILLAGE I,Condominium,0,22,,Condominium,,Pag-IBIG OPA
LAPU-LAPU CITY (OPON),Negotiated Sale,SAEKYUNG VILLAGE I,Condominium,0,22,,Condominium,,Pag-IBIG OPA
LAPU-LAPU CITY (OPON),Negotiated Sale,SAEKYUNG VILLAGE I,Condominium,0,22,,Condominium,,Pag-IBIG OPA
LAPU-LAPU CITY (OPON),Negotiated Sale,SAEKYUNG 956,Condominium,0,27,,Condominium,,Pag-IBIG OPA
LAPU-LAPU CITY (OPON),Negotiated Sale,SAEKYUNG VILLAGE I,Condominium,0,24,,Condominium,,Pag-IBIG OPA
LAPU-LAPU CITY (OPON),Negotiated Sale,SAEKYUNG VILLAGE I,Condominium,0,60.5,,Condominium,,Pag-IBIG OPA
LAPU-LAPU CITY (OPON),Negotiated Sale,SAEKYUNG VILLAGE I,Condominium,0,63,,Condominium,,Pag-IBIG OPA
LAPU-LAPU CITY (OPON),Negotiated Sale,SAEKYUNG VILLAGE I,Condominium,0,60.5,,Condominium,,Pag-IBIG OPA
LAPU-LAPU CITY (OPON),Negotiated Sale,BAYANIHAN FLATS MACTAN,Condominium,0,37.24,,Condominium,,Pag-IBIG OPA
LAPU-LAPU CITY (OPON),Negotiated Sale,BAYANIHAN FLATS MACTAN,Condominium,0,37.24,,Condominium,,Pag-IBIG OPA
LAPU-LAPU CITY (OPON),Negotiated Sale,BAYANIHAN FLATS MACTAN,Condominium,0,37.24,,Condominium,,Pag-IBIG OPA
LAPU-LAPU CITY (OPON),Negotiated Sale,BAYANIHAN FLATS MACTAN,Condominium,0,37.24,,Condominium,,Pag-IBIG OPA
LAPU-LAPU CITY (OPON),Negotiated Sale,BAYANIHAN FLATS MACTAN,Condominium,0,37.24,,Condominium,,Pag-IBIG OPA
LAPU-LAPU CITY (OPON),Negotiated Sale,BAYANIHAN FLATS MACTAN,Condominium,0,37.24,,Condominium,,Pag-IBIG OPA
LAPU-LAPU CITY (OPON),Negotiated Sale,SAEKYUNG VILLAGE I,Condominium,0,60.5,,Condominium,,Pag-IBIG OPA
LAPU-LAPU CITY (OPON),Negotiated Sale,SAEKYUNG VILLAGE I,Condominium,0,60.5,,Condominium,,Pag-IBIG OPA
LAPU-LAPU CITY (OPON),Negotiated Sale,SAEKYUNG VILLAGE I,Condominium,0,60.5,,Condominium,,Pag-IBIG OPA
LILOAN,Negotiated Sale,AMADA CONDOMINIUM,Condominium,0,18.14,,Condominium,,Pag-IBIG OPA
LILOAN,Negotiated Sale,VILLA AZALEA SUBDIVISION,Townhouse - End with Firewall,46,46.4,,Townhouse - End with Firewall,,Pag-IBIG OPA
LILOAN,Negotiated Sale,VILLA AZALEA SUBDIVISION PHASE 2C,Town House,46,46.4,,Town House,,Pag-IBIG OPA
MANDAUE CITY,First Auction,URBAN DECA HOMES - TIPOLO CONDO,Condominium,0,25,,Condominium,,Pag-IBIG OPA
MANDAUE CITY,First Auction,URBAN DECA HOMES BANILAD,Condominium,0,30.6,,Condominium,,Pag-IBIG OPA
MANDAUE CITY,First Auction,THE MIDPOINT RESIDENCES,Condominium,0,25,,Condominium,,Pag-IBIG OPA
MANDAUE CITY,First Auction,URBAN DECA HOMES BANILAD,Condominium,0,30.6,,Condominium,,Pag-IBIG OPA
MANDAUE CITY,First Auction,URBAN DECA HOMES BANILAD,Condominium,0,30.6,,Condominium,,Pag-IBIG OPA
MANDAUE CITY,First Auction,URBAN DECA HOMES BANILAD,Condominium,0,30.6,,Condominium,,Pag-IBIG OPA
MANDAUE CITY,First Auction,URBAN DECA HOMES BANILAD,Condominium,0,30.6,,Condominium,,Pag-IBIG OPA
MANDAUE CITY,First Auction,URBAN DECA HOMES BANILAD,Condominium,0,30.6,,Condominium,,Pag-IBIG OPA
MANDAUE CITY,First Auction,URBAN DECA HOMES BANILAD,Condominium,0,30.6,,Condominium,,Pag-IBIG OPA
MANDAUE CITY,First Auction,URBAN DECA HOMES BANILAD,Condominium,0,35.06,,Condominium,,Pag-IBIG OPA
MANDAUE CITY,First Auction,URBAN DECA HOMES BANILAD,Condominium,0,35.57,,Condominium,,Pag-IBIG OPA
MANDAUE CITY,First Auction,URBAN DECA HOMES BANILAD,Condominium,0,35.57,,Condominium,,Pag-IBIG OPA
MANDAUE CITY,Second Auction,THE MIDPOINT RESIDENCES,Condominium,0,21.63,,Condominium,,Pag-IBIG OPA
MANDAUE CITY,Second Auction,URBAN DECA HOMES BANILAD,Condominium,0,30.6,,Condominium,,Pag-IBIG OPA
MANDAUE CITY,Negotiated Sale,URBAN DECA HOMES BANILAD,Condominium,0,30.6,,Condominium,,Pag-IBIG OPA
MANDAUE CITY,Negotiated Sale,THE MIDPOINT RESIDENCES,Condominium,0,24.35,,Condominium,,Pag-IBIG OPA
MANDAUE CITY,Negotiated Sale,THE MIDPOINT RESIDENCES,Condominium,0,24.4,,Condominium,,Pag-IBIG OPA
MANDAUE CITY,Negotiated Sale,URBAN DECA HOMES BANILAD,Condominium,0,30.6,,Condominium,,Pag-IBIG OPA
MANDAUE CITY,Negotiated Sale,URBAN DECA HOMES BANILAD,Condominium,0,30.6,,Condominium,,Pag-IBIG OPA
MANDAUE CITY,Negotiated Sale,URBAN DECA HOMES BANILAD,Condominium,0,30.6,,Condominium,,Pag-IBIG OPA
MANDAUE CITY,Negotiated Sale,URBAN DECA HOMES BANILAD,Condominium,0,30.6,,Condominium,,Pag-IBIG OPA
MANDAUE CITY,Negotiated Sale,URBAN DECA HOMES BANILAD,Condominium,0,30.6,,Condominium,,Pag-IBIG OPA
MANDAUE CITY,Negotiated Sale,THE MIDPOINT RESIDENCES,Condominium,0,24.8,,Condominium,,Pag-IBIG OPA
MANDAUE CITY,Negotiated Sale,URBAN DECA HOMES BANILAD,Condominium,0,30.6,,Condominium,,Pag-IBIG OPA
MANDAUE CITY,Negotiated Sale,URBAN DECA HOMES BANILAD,Condominium,0,30.6,,Condominium,,Pag-IBIG OPA
MANDAUE CITY,Negotiated Sale,URBAN DECA HOMES BANILAD,Condominium,0,30.6,,Condominium,,Pag-IBIG OPA
MANDAUE CITY,Negotiated Sale,THE MIDPOINT RESIDENCES,Condominium,0,25,,Condominium,,Pag-IBIG OPA
MANDAUE CITY,Negotiated Sale,THE MIDPOINT RESIDENCES,Condominium,0,25,,Condominium,,Pag-IBIG OPA
MANDAUE CITY,Negotiated Sale,URBAN DECA HOMES BANILAD,Condominium,0,30.6,,Condominium,,Pag-IBIG OPA
MANDAUE CITY,Negotiated Sale,URBAN DECA HOMES BANILAD,Condominium,0,30.6,,Condominium,,Pag-IBIG OPA
MANDAUE CITY,Negotiated Sale,URBAN DECA HOMES BANILAD,Condominium,0,30.6,,Condominium,,Pag-IBIG OPA
MANDAUE CITY,Negotiated Sale,URBAN DECA HOMES BANILAD,Condominium,0,30.6,,Condominium,,Pag-IBIG OPA
MANDAUE CITY,Negotiated Sale,URBAN DECA HOMES BANILAD,Condominium,0,30.6,,Condominium,,Pag-IBIG OPA
MANDAUE CITY,Negotiated Sale,THE MIDPOINT RESIDENCES,Condominium,0,25.73,,Condominium,,Pag-IBIG OPA
MANDAUE CITY,Negotiated Sale,THE MIDPOINT RESIDENCES,Condominium,0,25.73,,Condominium,,Pag-IBIG OPA
MANDAUE CITY,Negotiated Sale,THE MIDPOINT RESIDENCES,Condominium,0,25.77,,Condominium,,Pag-IBIG OPA
MANDAUE CITY,Negotiated Sale,URBAN DECA HOMES BANILAD,Condominium,0,30.6,,Condominium,,Pag-IBIG OPA
MANDAUE CITY,Negotiated Sale,URBAN DECA HOMES BANILAD,Condominium,0,35.06,,Condominium,,Pag-IBIG OPA
MANDAUE CITY,Negotiated Sale,URBAN DECA HOMES BANILAD,Condominium,0,35.06,,Condominium,,Pag-IBIG OPA
MANDAUE CITY,Negotiated Sale,URBAN DECA HOMES BANILAD,Condominium,0,35.06,,Condominium,,Pag-IBIG OPA
MANDAUE CITY,Negotiated Sale,URBAN DECA HOMES BANILAD,Condominium,0,35.06,,Condominium,,Pag-IBIG OPA
MANDAUE CITY,Negotiated Sale,URBAN DECA HOMES BANILAD,Condominium,0,35.06,,Condominium,,Pag-IBIG OPA
MANDAUE CITY,Negotiated Sale,URBAN DECA HOMES BANILAD,Condominium,0,35.06,,Condominium,,Pag-IBIG OPA
MANDAUE CITY,Negotiated Sale,URBAN DECA HOMES BANILAD,Condominium,0,35.06,,Condominium,,Pag-IBIG OPA
MANDAUE CITY,Negotiated Sale,URBAN DECA HOMES BANILAD,Condominium,0,35.06,,Condominium,,Pag-IBIG OPA
MANDAUE CITY,Negotiated Sale,URBAN DECA HOMES BANILAD,Condominium,0,35.06,,Condominium,,Pag-IBIG OPA
MANDAUE CITY,Negotiated Sale,URBAN DECA HOMES BANILAD,Condominium,0,35.57,,Condominium,,Pag-IBIG OPA
MANDAUE CITY,Negotiated Sale,URBAN DECA HOMES BANILAD,Condominium,0,35.57,,Condominium,,Pag-IBIG OPA
MANDAUE CITY,Negotiated Sale,URBAN DECA HOMES BANILAD,Condominium,0,42.07,,Condominium,,Pag-IBIG OPA
MANDAUE CITY,Negotiated Sale,URBAN DECA HOMES BANILAD,Condominium,0,42.07,,Condominium,,Pag-IBIG OPA
MANDAUE CITY,Negotiated Sale,URBAN DECA HOMES BANILAD,Condominium,0,42.07,,Condominium,,Pag-IBIG OPA
MANDAUE CITY,Negotiated Sale,URBAN DECA HOMES BANILAD,Condominium,0,42.07,,Condominium,,Pag-IBIG OPA
MANDAUE CITY,Negotiated Sale,URBAN DECA HOMES BANILAD,Condominium,0,42.07,,Condominium,,Pag-IBIG OPA
MINGLANILLA,First Auction,DECA HOMES SUBDIVISION,Town House,38,46.4,,Town House,,Pag-IBIG OPA
MINGLANILLA,Second Auction,VILLA PURITA HILLS SUBDIVISION,Single Attached,100,38.76,,Single Attached,,Pag-IBIG OPA
MINGLANILLA,Second Auction,VILLA PURITA HILLS SUBDIVISION,Town House,66,80.6,,Town House,,Pag-IBIG OPA
MINGLANILLA,Negotiated Sale,DECA HOMES - TUNGKIL,Town House,38,46.4,,Town House,,Pag-IBIG OPA
MINGLANILLA,Negotiated Sale,VILLA PURITA HILLS SUBDIVISION,Row House,146,125,,Row House,,Pag-IBIG OPA
TALISAY CITY,Negotiated Sale,RUSTYVILLE SUBDIVISION,Lot Only,150,0,,Lot Only,,Pag-IBIG OPA
