title,price,location,description,link
"1BR CONDOMINIUM FOR SALE IN SEA RESIDENCES, PASAY","PHP 5,415,000","Pearl Drive Cor Sunrise Drive, Pasay, 1300 Metro Manila",1BR with balcony,
"1BR CONDOMINIUM FOR SALE IN JAZZ RESIDENCES, MAKATI","PHP 4,825,800","Jupiter St., cor. N. Garcia St., Bel-Air Village, Makati City","43rd Floor, 1BR with balcony",
LOT FOR SALE IN BOGO CITY CEBU,"PHP 5,000,000,000","Bogo City Hall Road, Bogo, Cebu","Bogo City, Cebu",
"2BR CONDOMINIUM FOR SALE IN DISCOVERY PRIMEA, MAKATI","PHP 220,000,000",Makati,"A furnished 2 bedroom condominium unit with 2 parking spaces for sale in Discovery Primea, Makati with a floor area of 382 SQM, priced at Php 220,000,000. This unit has a private lift, Master's bedroom with master walk-in closet & toilet & bath, bedroom with own toilet & bath, Ante room leading to the Master's Bedroom, 10-seater dining table, powder room, home office, family room, service entrance, and appurtenant parking.",
LIIP - RRI,PHP NAN,"LIIP, Mamplasan, Binan, Laguna",LIIP lot for lease,
"BRGY. TEJEROS, MAKATI FOR SALE","PHP 718,080,000","A.P Reyes, Brgy. Tejeros, Makati",Property across Circuit Makati,
"1BR CONDOMINIUM FOR SALE IN GARDEN TOWERS, MAKATI","PHP 25,070,000","Ayala Center, East St, Makati",1 Bedroom with Parking,
"2BR CONDOMINIUM FOR SALE IN THREE CENTRAL, MAKATI","PHP 19,000,000",Makati,"A 2 bedroom condominium unit with one parking space for sale in Three Central, Makati with a floor area of 80 SQM. This unit is priced at Php 19,000,000.",
"P. BURGOS BUILDING FOR SALE - POBLACION, MAKATI","PHP 243,739,906","P. Burgos Street, Brgy. Poblacion, Makati","2,751 Sqm Building for Sale - Poblacion, Makati",
"1BR CONDOMINIUM FOR SALE IN GRACE RESIDENCES, TAGUIG","PHP 3,200,000",Taguig,"A furnished 1 bedroom condominium with 1 toilet and bath for sale in Grace Residences, Taguig, with a floor area of 23.26, priced at Php 3,200,000.",
"7.7 HA BEACHFRONT PROPERTY FOR SALE IN SAN VICENTE, PALAWAN","PHP 773,340,000","Teed, Brgy. New Canipo, San Vicente, Palawan","7.7-hectare beachfront property located in Brgy. New Canipo, San Vicente, Palawan. This offering features a 201-meter beachfront with a 327-meter road frontage.",
"1BR CONDOMINIUM FOR SALE IN TUSCANY PRIVATE ESTATE, TAGUIG","PHP 11,760,000","Upper McKinley Road, McKinley Hill, Fort Bonifacio, Taguig City","2nd Floor, Tower 4. 1-Bedroom loft type unit with 1 Toilet & Bath.",
"1BR CONDOMINIUM FOR SALE IN THE EXCHANGE REGENCY, PASIG","PHP 3,480,000","Jade Dr, Ortigas Center, Pasig, 1605 Metro Manila",1BR,
"1BR CONDOMINIUM FOR SALE IN THE GRAMERCY RESIDENCES, MAKATI","PHP 8,300,000",Makati,"An unfurnished 1 bedroom condominium unit for sale in The Gramercy Residences, Makati with a floor area of 46.06 SQM priced at Php 8,300,000 plus VAT.",
"3BR CONDOMINIUM FOR SALE IN AURELIA RESIDENCES, TAGUIG","PHP 210,000,000",Taguig,"- 3 Bedrooms - 2 Car garage - Semi furnished - Views of Manila Golf and Manila Polo Club - Located below the penthouse floors - With private lift lobby, - With balcony - Floor area: 280 SQM - Price: Php 210,000,000",
"9.7 HECTARES - STO. TOMAS, BATANGAS","PHP 581,196,000","President Laurel Highway, Sto. Tomas, Batangas",Raw land,
"1BR CONDOMINIUM FOR SALE IN SHANG SALCEDO PLACE, MAKATI","PHP 18,700,000",Makati,"A furnished 1 bedroom condominium for Sale in Shang Salcedo Place, Makati with a floor area of 52.32 SQM, priced at Php 18,700,000. This unit has a balcony with 180 degree unobstructed view, 1 toilet and bath, and 1 parking space.",
"1BR CONDOMINIUM FOR SALE IN OAK HARBOR RESIDENCES, PARANAQUE","PHP 15,902,368","Marina Bay, Jackson Avenue, Paranaque",1 Bedroom,
"2BR CONDOMINIUM FOR SALE IN TUSCANY PRIVATE ESTATE, TAGUIG","PHP 17,632,000","Upper McKinley Road, McKinley Hill, Fort Bonifacio, Taguig City","2nd Floor, Tower 4 (Divo) 2 Bedrooms with balcony and 1 parking slot.",
1.2 HAS LOT FOR SALE IN DAVAO CITY,"PHP 1,215,700,000","Maryknoll Drive, Brgy. Pampanga, Davao City","12,157 sqm. Maryknoll Drive",
310 SANTOLAN,"PHP 45,370,000","310 Bonny Serrano Ave., Little Baguio, San Juan",Santolan Road (Bonny Serrano Avenue),
CENTRO SALCEDO ST. MAKATI,"PHP 1,527,600,000","180 Salcedo Street, Legaspi Village, Makati",Vacant Lot on Salcedo St. Makati,
"2 BEDROOMS COMBINED UNITS FOR SALE IN VICEROY CONDOMINIUM, MCKINLEY","PHP 11,420,000","Mckinley Hill, Fort Bonifacio",2BR Combined Unit with parking,
"1BR CONDOMINIUM FOR SALE IN TIME SQUARE WEST, TAGUIG","PHP 10,170,000",Taguig,"A furnished 1 bedroom condominium unit with 1 parking space for sale in Time Square West, Taguig. This property has a floor area of 39 SQM, priced at Php 10,170,000.",
"3BR CONDOMINIUM FOR SALE IN ROSEWOOD POINTE, ACACIA ESTATES, TAGUIG","PHP 6,080,000","Acacia Estate, Ivory Tower, Rosewood Pointe Levi B. Mariano Ave, Taguig, Metro Manila",3BR with drying cage,
"LOT FOR SALE - 627 SQM - BRGY. CARMONA, MAKATI",125000,"H. Santos Street, Carmona, Makati",Vacant Lot,
UNIT 14A - RUFINO PACIFIC TOWER - OFFICE UNIT FOR SALE (214 SQM),"PHP 42,000,000","Rufino Pacific Tower, Ayala Avenue corner V.A. Rufino, Makati City",Unit 14F - Rufino Pacific Tower - Office Unit for Sale (214 sqm),
"LOT FOR SALE IN MAHOGANY PLACE 1, TAGUIG","PHP 21,300,000",Taguig,Lot Area: 142 SQM,
6.4 HA LUMBIA PROPERTY FOR SALE IN CDO,"PHP 24,876,005","Lumbia, Cagayan De Oro",,
NBS QUEZON AVENUE,"PHP 2,299,999,730","Quezon Avenue, Quezon City",Commercial Property,
"STUDIO FOR SALE IN THE LERATO TOWER 2, MAKATI","PHP 5,900,000","7232 Malugay, Brgy, Makati, Kalakhang Maynila",Studio,
"3BR CONDOMINIUM FOR SALE IN HORIZON HOMES, BGC, TAGUIG CITY","PHP 310,000,000","3rd Ave. cor. 30th St. Bonifacio Global City, Taguig City",3 Bedroom with Family Room,
PRIME 1.4 HECTARE COMMERCIAL LOT IN LEGAZPI CITY,"PHP 1,022,000,000","Imedla Roces Avenue (Tahao Road), Legazpi City, Albay",Vacant Lot,
BANILAD CEBU PROPERTY FOR SALE,"PHP 2,400,000,000","Governor M. Cuenco Avenue, Barangay Kasambagan, Cebu City.",Aboitiz Land Corporate Center in Cebu,
"2BR CONDOMINIUM FOR SALE IN MARICIELO VILLAS MADRID BLDG, LAS PIÑAS","PHP 4,480,000","Quirino Avenue, Casimiro Ave, Las Piñas, 1740 Metro Manila",2 Bedroom with balcony,
1687 SQM LOT FOR SALE IN QUEZON CITY,296558400,"Sto. Tomas St., Quezon City","1,600 sqm. commercial land",
314-SQM OFFICE UNIT IN SALCEDO VILLAGE,"P145,000","The Peak Tower, L.P. Leviste St., Salcedo Village, Makati",Units 2101 and 2102,
"1 BEDROOM WITH BALCONY FOR SALE ELIZABETH PLACE, MAKATI","PHP 15,200,000","332 Sen. Gil J. Puyat Ave, Makati, Metro Manila",1BR with balcony,
1330 ROXASBOULEVARD,"PHP 1,772,655,000",1330 Roxas Boulevard,Vacant Lot,
PRIME COMMERCIAL PROPERTY FOR SALE IN NOVALICHES QC,89500,"Quirino Highway corner Sarmiento St., Novaliches Quezon City",Prime Corner Lot Ideal for Commercial and Residential Development,
"STUDIO FOR SALE IN THE LERATO TOWER 1, MAKATI","PHP 5,900,000","7232 Malugay, Brgy, Makati, Kalakhang Maynila",Studio,
"2 HECTARE CBD LOT , NAGA CITY","PHP 711,165,000","CBD 2 Barrio Triangulo, Naga City, Camarines Sur",Vacant Lot,
"5BR HOUSE AND LOT FOR SALE IN AYALA ALABANG VILLAGE, MUNTINLUPA","PHP 120,000,000","Ayala Alabang Village, Muntinlupa",2 storey house with attic,
HOUSE AND LOT FOR SALE INSIDE AYALA ALABANG,"PHP 250,000,000","Country Club Drive, Ayala Alabang",House and Lot for sale inside Ayala Alabang,
"9.4 HA BEACHFRONT PROPERTY FOR SALE IN SAN VICENTE, PALAWAN","PHP 942,650,000","Teed, Brgy. New Canipo, San Vicente, Palawan","9.4-hectare beachfront property located in Brgy. New Canipo, San Vicente, Palawan. This offering features a 283-meter beachfront with a 260-meter road frontage.",
"2BR CONDOMINIUM FOR SALE IN CBY TOWER, BINONDO, MANILA","PHP 9,636,000","Binondo, Manila",2 Bedrooms with balcony,
FELINA CORPORATE PLAZA EASTWOOD,"PHP 1,400,000,000","Strategically located in the heart of Eastwood City, Quezon City, Felina Corporate Plaza is a modern 12-storey, PEZA-accredited boutique office building developed by Felina Properties Inc. Designed to foster creativity and collaboration, it offers state-of-the-art amenities and a prime address for businesses, particularly those in the BPO sector. Tenants benefit from its integration within the vibrant live-work-play community of Eastwood, providing unparalleled access to a wide array of dining, retail, and lifestyle conveniences right at their doorstep.","Strategically located in the heart of Eastwood City, Quezon City, Felina Corporate Plaza is a modern 12-storey, PEZA-accredited boutique office building developed by Felina Properties Inc. Designed to foster creativity and collaboration, it offers state-of-the-art amenities and a prime address for businesses, particularly those in the BPO sector. Tenants benefit from its integration within the vibrant live-work-play community of Eastwood, providing unparalleled access to a wide array of dining, retail, and lifestyle conveniences right at their doorstep.",
"RESIDENTIAL / COMMERCIAL PROPERTY FOR SALE IN POBLACION, MAKATI","PHP 142,000,000","Poblacion, Makati",3 Storey Bldg.,
TROPICAL PALMS,"PHP 23,000,000",dela Rosa St Legazpi Village Makati,2 BR condominium,
"2 BEDROOMS WITH BALCONY FOR SALE IN ADMIRAL SUITES, MANILA","PHP 25,000,000","2138 Roxas Blvd, Malate, Manila, 1004 Metro Manila",2BR with balcony,
"2,076 SQM. MANOC MANOC, BORACAY LOT FOR SALE","PHP 36,165,611","Brgy. Manoc Manoc, Malay, Aklan","Vacant 2,076 sqm. lot in Manoc Manoc, Boracay",
"81.7 HA BEACHFRONT PROPERTY FOR SALE IN STA. CRUZ, DAVAO","PHP 381,008,400","Astorga, Sta. Cruz, Davao",81.7 HA Land,
"WESTBOROUGH TOWN CENTER (2,109 SQM.)","PHP 337,440,000","Westborough Town Center, Inchican, Silang, Cavite",Westborough Town Center,
LARGE CALOOCAN PROPERTY FOR SALE,"PHP 1,184,880,000","Dagat Dagatan Avenue, Caloocan City","9,874 sqms of land located strategically near ports, and major highways.",
"6.5 HAS BILAR, BOHOL","PHP 73,529,412","Bilar, Bohol","65,000 sqm.",
BLUE RIDGE A CORNER LOT WITH OLD HOUSE FOR SALE ALONG KATIPUNAN AVE. QUEZON CITY,"PHP 200,000,000","R. Matanda cor. Katipunan Ave. Project 4, Lungsod Quezon City",Corner Lot with old house,
"46 HECTARES - SAN FRANCISCO, LIPA, BATANGAS","PHP 1,841,000,000","San Francisco, Lipa, Batangas","46 has property in Lipa, Batangas",
"3BR HOUSE AND LOT FOR SALE IN GREENWOODS EXECUTIVE VILLAGE, TAYTAY, RIZAL","PHP 24,000,000","Taytay, Rizal","A semi-furnished 3 bedroom house and lot for sale in Greenwoods Executive Village, Taytay, Rizal with a lot area of 150 SQM and a floor area of 276 SQM, priced at Php 24,000,000. This 2 storey property has 1 covered car garage and 2 open parking, a spacious veranda connecting to all bedrooms, family room, maid's room, dirty kitchen, swimming pool with lounge and pump room.",
"1 BEDROOM FOR SALE IN KNIGHTSBRIDGE RESIDENCES, MAKATI CITY","PHP 8,010,000","A. Spring St. cor Valdez St., Poblacion, Makati City",1BR,
"3BR CONDOMINIUM FOR SALE IN PROSCENIUM AT ROCKWELL, MAKATI","PHP 90,000,000",Makati City,3 Bedrooms with 2 Parking slots,
"REGALADO HIGHWAY PROPERTY, QUEZON CITY","PHP 68,000,000","Regalado Highway, North Fairview, Quezon City",Regalado Highway Property,
"4BR HOUSE AND LOT FOR SALE IN WHITE PLAINS, QUEZON CITY","PHP 295,000,000",Quezon City,4-storey house with 360 degree roof deck. 3 Bedrooms with Guest room. With swimming pool and elevator. Separate maid's and driver's room with staff lounge.,
LAMAYAN STA. ANA PROPERTY FOR SALE,"PHP 181,600,000","Lamayan St., Sta. Ana Manila","Vacant lot along Lamayan St., Sta. Ana Manila",
"2 BEDROOMS FOR SALE IN FLAIR TOWERS CONDOMINIUM NORTH TOWER, MANDALUYONG","PHP 7,800,000","Reliance, Pines, Mandaluyong, 1550 Metro Manila",2BR,
8.3 HECTARE LOT TANAUAN (2KM FROM EXIT),"PHP 332,376,000","Natatas Road, Tanauan Batangas",Lot with Old Resthouse Structure,
"6BR HOUSE FOR SALE IN BAYVIEW VILLAGE, PARANAQUE","PHP 179,999,730","Brgy. Tambo, Paranaque City","2-storey house with 6 bedrooms, den and multi-purpose room 2 kitchens and 2 parking slots",
"DASMARIÑAS, PALIPARAN FOR SALE","PHP 466,925,000","Paliparan Road, Dasmarinas Cavite","Vacant land along Paliparan Road, Dasmarinas Cavite",
"2BR CONDOMINIUM FOR SALE IN CEDAR CREST, TAGUIG","PHP 7,095,000",Taguig,"- 2 Bedrooms - 1 Toilet and bath - With drying area - Floor area: 64.5 SQM - Price: Php 7,095,000",
"STUDIO CONDOMINIUM FOR SALE IN THE GROVE BY ROCKWELL, PASIG CITY","PHP 8,700,000","Brgy. Ugong, Pasig City",Studio unit with balcony,
"3 BEDROOMS FOR SALE IN AURELIA RESIDENCES, TAGUIG","PHP 169,000,000","5th Ave, Cor McKinley Pkwy, Taguig",3BR,
THE PEAK TOWER - 8TH FLOOR,"PHP 124,600,000","107 L.P. Leviste Street, Makati, 1227 Metro Manila",The Peak Tower office units,
"LEGARDA RD., BAGUIO CITY HOTEL FOR SALE","PHP 1,572,945,000","Legarda Road, Baguio City",Hotel Property,
"DUPLEX HOUSE FOR SALE IN SAN LORENZO VILLAGE, MAKATI CITY","PHP 295,000,000","San Lorenzo Village, Barangay San Lorenzo, Makati City",Duplex House,
NEOPOLITAN BUSINESS PARK COMMERCIAL LOT FOR SALE,"PHP 138,000,000","B2 L12 Neopolitan Business Park, Novaliches, Quezon City",Commercial lot,
"5BR HOUSE AND LOT FOR SALE IN AYALA ALABANG VILLAGE, MUNTINLUPA","PHP 420,000,000","Ayala Alabang Village, Muntinlupa City",5 Bedrooms with den and family room,
"45,000 SQM PROPERTY ALONG GOVERNOR'S DRIVE - BCPI","PHP 1,395,000,000","Carmona, Cavite","45,000 sqm property with 27,000 sqm of structure and 245m Frontage along Governor's Drive,",
"C. ALVAREZ ST., NASUGBU, BATANGAS","PHP 17,711,991","C. Alvarez St., Nasugbu, Batangas",Vacant Lot,
CONDO FOR SALE - ESSENSA EAST FORBES,"PHP 95,000,000","21st Drive cor. 5th Avenue, BGC, Taguig",along 21st Drive cor. 5th Avenue,
"1,061 SQM PRIME PROPERTY FOR SALE IN MAKATI CBD","PHP 1,580,212,766","839 Arnaiz Ave., Legazpi Village, Makati","1,061 sqm Land for Sale - Makati CBD",
BGC LOT FOR SALE,"PHP 4,200,000,000","Block 3 Lot 6, 11th Avenue Bonifacio Global City, Taguig","Vacant Lot on 11th Ave., BGC",
NEOPOLITAN BUSINESS PARK COMMERCIAL LOT FOR SALE,"PHP 134,000,000","B2 L7 Neopolitan Business Park, Novaliches, Quezon City",Commercial lot,
3BR GARDEN UNIT IN TWO ROXAS TRIANGLE,"PHP 133,928,569.72","Two Roxas Triangle, Cruzada St., Makati",3BR Garden Unit,
"2BR CONDOMINIUM FOR SALE IN THE RESIDENCES AT GREENBELT, MAKATI","PHP 69,250,000",Makati,"An unfurnished 2 bedroom condominium unit with 4 parking spaces for sale in The Residences at Greenbelt, Makati with a floor area of 182 SQM. This unit is priced at Php 69,250,000.",
BACOOR PROPERTY FOR SALE,PHP NAN,"Molino Boulevard, Bacoor, Cavite","100,000 sqm lot",
"1,695 SQM LAND FOR SALE - N. DOMINGO, QC","PHP 324,574,465.2","N. Domingo St., Quezon City","1,695 Sqm Land for Sale - N. Domingo, QC",
"2 BEDROOMS WITH BALCONY IN ONE CENTRAL CONDOMINIUM, MAKATI","PHP 13,200,000","Salcedo Village, corner of H.V. dela Costa and Geronimo Streets, Salcedo, Makati, 1227",2BR with balcony,
2BR CONDOMINIUM FOR SALE IN MCKINLEY PARK RESIDENCES TAGUIG,"PHP 12,500,000",Taguig,"- 2 Bedrooms - 2 Toilet and bath - Loft type - Price: Php 12,500,000",
"4512 SQM VILLA FOR SALE IN GUINDULMAN, BOHOL","PHP 175,714,924","Brgy. Basdio, Guindulman, Bohol","4,512 sqm. operational resort villa",
"3BR TOWNHOUSE FOR SALE IN PROJECT 4, QUEZON CITY","PHP 11,900,000","Project 4, Quezon City",3-Storey townhouse,
"2BR CONDOMINIUM FOR SALE IN ONE EASTWOOD AVENUE, QUEZON CITY","PHP 14,000,000",Quezon City,"An unfurnished 2 bedroom condominium unit for sale in One Eastwood Avenue, Quezon City with a floor area of 69 SQM, priced at Php 14,000,000 plus VAT.",
BPI-PHILAM LIFE MAKATI,"PHP 296,010,000",6788 Ayala Avenue (BPI-Philam Life Makati),Office Condominium,
"3 BEDROOM HOUSE AND LOT FOR SALE IN AYALA ALABANG VILLAGE, MUNTINLUPA","PHP 238,000,000","Ayala Alabang Village, Barangay Ayala Alabang, Muntinlupa City",3BR and 6 parking,
2BR CONDOMINIUM FOR SALE IN MAKATI TUSCANY,"PHP 30,000,000","Ayala Ave, Makati",2 Bedrooms with 1 parking,
"1 BEDROOM FOR SALE IN STAMFORD EXECUTIVE RESIDENCES TOWER 2, TAGUIG","PHP 7,650,000","Florence Way, Upper McKinley Hl, Taguig, 1634 Metro Manila",1 Bedroom,
"2BR CONDOMINIUM FOR SALE IN ROSEWOOD POINTE, IVORY BLDG, TAGUIG","PHP 4,560,000","Acacia Estate, Ivory Tower, Rosewood Pointe Levi B. Mariano Ave, Taguig, Metro Manila",2BR with balcony,
"3BR CONDOMINIUM FOR SALE IN TWO ROXAS TRIANGLE, MAKATI","PHP 203,027,119.94",Makati,"A 3 bedroom condominium unit for sale in Two Roxas Triangle, Makati with a floor area of 374 SQM. This unit has 3 parking spaces, amenity floor, a private garden, utility kitchen & maid's room with separate entrance, a walk-in closet in the Master's bedroom, and ensuite bathrooms. This unit is priced at Php PHP 203,571,428.57 plus VAT.",
3 BR FOR SALE IN SHANG GRAND MAKATI,"PHP 75,000,000",dela Rosa St Legazpi Village Makati,3 BR + den,
"1BR CONDOMINIUM FOR SALE IN THE RISE, MAKATI","PHP 5,600,000",Makati,"A furnished 1 bedroom condominium unit for sale in The Rise, Makati with a floor area of 28 SQM priced at Php 5,600,000 plus VAT.",
VACANT LAND IN SAN ANTONIO VILLAGE PARANAQUE,"PHP 454,885,101","San Antonio Village, Sucat Paranaque",Vacant land in San Antonio Village Paranaque,
"2BR CONDOMINIUM FOR SALE IN MAKATI TUSCANY, MAKATI","PHP 35,000,000","6751 Ayala Ave, Makati",2 Bedroom with balcony and parking,
"1BR CONDOMINIUM FOR SALE IN THE GRAMERCY RESIDENCES, MAKATI","PHP 10,150,000",Makati,"An unfurnished condominium unit for sale in The Gramercy Residences, Makati with a floor area of 43.42 SQM priced at Php 10,150,000 plus VAT.",
GCIC PET PLANS,"PHP 350,000,000","Pet Plans Tower, 444 EDSA, Makati City",School/Office Space for sale,
BROADWAY AVENUE PROPERTY,"PHP 390,080,000","Broadway Avenue, Barangay Mariana, Quezon City","Vacant Lot on Broadway Ave., QC",
"1BR CONDOMINIUM FOR SALE IN THE RESIDENCES AT GREENBELT, MAKATI","PHP 22,000,000",Makati,"A furnished 1 bedroom condominium unit with 1 parking space for sale in The Residences at Greenbelt, Makati with a floor area of 68 SQM. This unit is priced at Php 22,000,000, and is also available for rent at Php 80,000 per month.",
3BR H&L - ENCLAVE ALABANG,"PHP 168,000,000","York Street, Enclave Alabang, Daang Hari Road",3BR H&L - Enclave Alabang,
356 SQM PROPERTY FOR SALE IN GENERAL SANTOS,"PHP 45,000,000","Corner Santol & Balimbing street 1261 Santol General Santos City, South Cotabato, Philippines",A Boutique hotel in center of the city near General Santos Oval Plaza,
"VACANT LOT FOR SALE IN AYALA ALABANG, MUNTINLUPA","PHP 135,000,000",Muntinlupa,"A vacant lot for sale in Ayala Alabang, Muntinlupa with a lot area of 540, priced at Php 135,000,000.",
"9,538 SQM LOT FOR SALE IN BALANGA, BATAAN","PHP 162,772,624","Roman Superhighway, Balanga, Bataan","9,538 sqm. Balanga, Bataan",
"2 BEDROOMS WITH BALCONY FOR SALE IN THE RISE, MAKATI","PHP 16,100,000","7248 Malugay, Makati, 1203 Kalakhang Maynila",2BR with balcony,
"4BR HOUSE FOR SALE IN SOUTHWOODS RESIDENTIAL ESTATES, CARMONA, CAVITE","PHP 50,000,000","Carmona, Cavite",4 Bedrooms,
"STUDIO UNIT FOR SALE IN TWIN OAKS PLACE, MANDALUYONG","PHP 7,280,000",Shaw Blvd. Mandaluyong,Furnished unit facing East,
"1BR CONDOMINIUM FOR SALE IN 8 FORBES TOWN ROAD, TAGUIG","PHP 11,500,000",Taguig,"- 1 Bedroom - Semi furnished - Tenanted until October 2025 - Floor area: 46 SQM - Price: Php 11,500,000 plus VAT",
"VACANT LOT FOR SALE IN PACIFIC VILLAGE, MUNTINLUPA","PHP 109,536,000","Pacific Village, Brgy. Cupang, Muntinlupa",Vacant Lot,
DONA SOLEDAD LOT,"PHP 495,390,000","Dona Soledad Avenue, Moonwalk, Paranaque City","2 Lots located at Dona Soledad Avenue, Moonwalk, Paranaque City. Lot 1a: 7,729 sqm, Lot 2a: 6,425 sqm",
"BUNGALOW FOR SALE IN BF HOMES, PARAÑAQUE","PHP 20,000,000","BF Homes, Parañaque, Metro Manila",Bungalow,
2842 SQM LOT FOR SALE IN BAGUIO,"PHP 362,147,534","Along Legarda-Bukaneg Street, Kisad-Legarda, Baguio City","2842 SQM. vacant lot, Bukaneg, Baguio",
"BUILDING FOR SALE - POBLACION, MAKATI","PHP 206,263,200","Makati Ave cor. P. Burgos Street, Brgy. Poblacion, Makati","Building for Sale - Poblacion, Makati",
"3BR CONDOMINIUM FOR SALE IN THE ARTON BY ROCKWELL, QUEZON CITY","PHP 28,250,000","Aurora Blvd. cor. Katipunan Ave, Quezon City",3 Bedroom,
"3BR CONDOMINIUM FOR SALE IN PARC REGENT, MAKATI","PHP 25,000,000","109 H.V. Dela Costa, Makati","Living room with balcony, MBR with own Toilet & Bath, 1 Common Toilet & Bath, Maid's room with CR, With service entrance",
"WESTBOROUGH TOWN CENTER (2,058 SQM)","PHP 329,280,000","Westborough Town Center, Inchican, Silang, Cavite",Westborough Town Center,
"1 BEDROOM FOR SALE IN ONE GATEWAY PLACE CONDO, MANDALUYONG","PHP 4,724,000","Robinsons Pioneer Complex, Pioneer St, Mandaluyong, 1550 Metro Manila",1BR,
"2,210 LAND FOR SALE - ARCA SOUTH, TAGUIG","PHP 940,425,521","Block 10, Lot 8, Arca South Commercial District, Brgy. West Bicutan, Taguig City","2,210 Land for Sale - Arca South, Taguig",
"5 HA COMMERCIAL PROPERTY FOR SALE IN SAN FERNANDO, LA UNION","PHP 1,600,000,000","Maharlika Highway, San Fernando, La Union",5 has. Lot along National Road,
MAGSAYSAY ST.,"PHP 110,800,000","Lot 7, Block 59, Magsaysay St.",Residential property for sale,
"BUILDING FOR SALE - KAPITOLYO, PASIG","PHP 132,620,000","San Antonio Street, Brgy. Kapitolyo, Pasig","Building For Sale - Kapitolyo, Pasig",
"6BR HOUSE AND LOT FOR SALE IN TALI BEACH SUBDIVISION, NASUGBU, BATANGAS","PHP 75,000,000","Nasugbu, Batangas",2-storey house with lower ground floor,
"1 BEDROOM FOR SALE IN ALPHALAND MAKATI PLACE, MAKATI","PHP 14,300,000","7232 Ayala Ave, Ext, Makati, 1209 Metro Manila",1BR,
"2BR CONDOMINIUM FOR SALE IN ROSEWOOD POINTE, ACACIA ESTATES, TAGUIG","PHP 4,920,000","Acacia Estates, Taguig, Metro Manil",2BR,
"2BR CONDOMINIUM FOR SALE IN THE FORT RESIDENCES, TAGUIG","PHP 38,461,538.46",Taguig,"An unfurnished 2 bedroom loft type condominium unit for sale in The Fort Residences, Taguig, with a floor area of 86 SQM, priced at Php 38,461,538.46.",
"2 BEDROOMS FOR SALE IN LOYOLA HEIGHTS CONDOMINIUM, QUEZON CITY","PHP 5,177,200","Esteban Abada St, Quezon City, 1108 Metro Manila",2BR,
NORTHEAST GREENHILLS,"PHP 425,000,000",Northeast Greenhills,Brandnew house,
"3BR CONDOMINIUM FOR SALE IN ROSEWOOD POINTE, IVORY BLDG, TAGUIG","PHP 6,080,000","Acacia Estate, Ivory Tower, Rosewood Pointe Levi B. Mariano Ave, Taguig, Metro Manila",3 Bedrooms,
"VACANT LOT FOR SALE IN ELARON, NUVALI","PHP 35,455,272","Elaro, Nuvali, Calamba, Laguna",Vacant Lot for Sale,
AURELIA RESIDENCES BGC - 3BR CONDO UNIT FOR SALE,750000,"Aurelia Residences, McKinley Parkway, BGC","3BR Premier B - Aurelia Residences, BGC Condo Unit for Sale",
"3BR CONDOMINIUM FOR SALE IN ONE SHANGRI-LA PLACE, MANDALUYONG","PHP 58,000,000",Mandaluyong,"A furnished 3 bedroom corner condominium unit with 1 parking space, balcony, and a floor area of 165 SQM, priced at Php 58,000,000.",
URDANETA VILLAGE,"PHP 835,000,004.52","Urdaneta Village, Makati","Lot Area: 1,284 SQM",
"3BR CONDOMINIUM FOR SALE IN CBY TOWER, MANILA","PHP 34,800,000",Manila,"A semi-furnished 3 bedroom condominium for sale in CBY Tower, Manila, with a floor area of 290 SQM, priced at Php 34,800,000. This property has a Master’s bedroom with own toilet and bath and small balcony, living room and kitchen with a balcony, and maid’s room with CR.",
PALAWAN ISLAND WITH HIGH END VILLAS,"PHP 3,000,000,000","Roxas, Palawan",Island located in Palawan,
"1BR CONDOMINIUM FOR SALE IN TIME SQUARE WEST, BGC, TAGUIG","PHP 10,170,000","Park Avenue, Taguig",1 Bedroom 1 Parking slot Furnished,
NEOPOLITAN BUSINESS PARK COMMERCIAL LOT FOR SALE,"PHP 208,700,000","B1 L6 Neopolitan Business Park, Novaliches, Quezon City",Commercial lot,
"3BR CONDOMINIUM FOR SALE IN ROSEWOOD POINTE, ACACIA ESTATES, TAGUIG","PHP 6,080,000","Acacia Estates, Taguig, Metro Manila",2BR with drying cage,
1BR CONDOMINIUM FOR SALE IN WEST GALLERY PLACE TAGUIG,"PHP 23,400,000",Taguig,"A semi-furnished 1 Bedroom condominium unit with 1 toilet and bath and 1 parking space for sale in West Gallery Place, Taguig. This property has a floor area of 65 SQM, priced at Php 23,400,000.",
"SOUTH DRIVE, BAGUIO CITY","PHP 56,160,000","42 Tavera Street, Brgy. South Drive, Baguio City",House and Lot,
"1BR CONDOMINIUM FOR SALE IN BELLAGIO, TAGUIG","PHP 15,000,000",Taguig,"A 1 bedroom loft type condominium unit for sale in Bellagio, Taguig with a floor area of 58.3 SQM, priced at Php 15,000,000. This property has a parking space, and 2 toilets and baths. The unit is tenanted until October 2025, and the parking space is tenanted until June 2026.",
"3BR CONDOMINIUM FOR SALE IN CEDAR CREST, TAGUIG","PHP 7,470,000",Taguig,"- 3 Bedrooms - 2 Toilet and bath - Unfurnished - With service area - Floor area: 75 SQM - Price: Php 7,470,000",
STUDIO WITH PARKING SLOT IN CIRCUIT MAKATI,"303,571","Callisto Tower 2, Circuit Makati",Residential Property,
"2 BEDROOMS WITH BALCONY FOR SALE IN THE COLUMNS AYALA TOWER 2, MAKATI","PHP 13,400,000","6821 Ayala Ave, Makati, 1209 Metro Manila",2BR with balcony and parking,
KATIPUNAN AVENUE PROPERTY FOR SALE,PHP NAN,"Katipunan Avenue, Loyola Heights, QC",Property along Katipunan Ave.,
"2BR CONDOMINIUM FOR SALE IN FORT VICTORIA, TAGUIG","PHP 18,500,000",Taguig,"- 2 Bedrooms - 1 BR with walk-in closet - 3 Toilet and bath - Unit spans 2 floors - Includes 5 split Air conditioning units - Facing pool view - Floor area: 91 SQM - Price: Php 18,500,000",
"1,749 SQM LAND FOR SALE - ORTIGAS CENTER","PHP 1,395,478,722.66","Ortigas Ave. and Sapphire Road, Ortigas, Pasig","1,749 Sqm Land for Sale - Ortigas Center",
STA. MARIA BULACAN (6.8 HA),"PHP 82,344,000","Bulac, Sta. Maria, Bulacan","Land for sale in Sta. Maria, Bulacan",
"2BR CONDOMINIUM FOR SALE IN ICON RESIDENCES, BGC, TAGUIG","PHP 27,880,000","De Jesus Oval, Taguig City",2 Bedrooms with 1 Parking,
FELINA CORPORATE PLAZA EASTWOOD,"PHP 3,000,000,000,000","Strategically located in the heart of Eastwood City, Quezon City, Felina Corporate Plaza is a modern 12-storey, PEZA-accredited boutique office building developed by Felina Properties Inc. Designed to foster creativity and collaboration, it offers state-of-the-art amenities and a prime address for businesses, particularly those in the BPO sector. Tenants benefit from its integration within the vibrant live-work-play community of Eastwood, providing unparalleled access to a wide array of dining, retail, and lifestyle conveniences right at their doorstep.","Strategically located in the heart of Eastwood City, Quezon City, Felina Corporate Plaza is a modern 12-storey, PEZA-accredited boutique office building developed by Felina Properties Inc. Designed to foster creativity and collaboration, it offers state-of-the-art amenities and a prime address for businesses, particularly those in the BPO sector. Tenants benefit from its integration within the vibrant live-work-play community of Eastwood, providing unparalleled access to a wide array of dining, retail, and lifestyle conveniences right at their doorstep.",
"54 IFUGAO STREET, LA VISTA","PHP 639,060,000","54 Ifugao Street, La Vista, Quezon City","along Ifugao Street, La Vista Subdivison",
"3BR CONDOMINIUM FOR SALE IN SENTA RESIDENCES, MAKATI","PHP 50,000,000",Makati,"A furnished bi-level penthouse condominium unit with 3 bedrooms for sale in Senta Residences, Makati with a floor area of 188.7 SQM. This unit has 2 parking spaces, a family area, powder room, storage room, maid's room, an unobstructed view of the Manila Bay, and overlooking Legazpi park. This unit is priced at Php 50,000,000 plus VAT.",
DESIGNER HOUSE AND LOT IN TALI BEACH,"PHP 125,000,000","Tali Beach Drive, Tali Beach Subdivision, Balaytigue, Nasugbu",Modern design in a beach setting,
"2BR CONDOMINIUM FOR SALE IN FORT PALM SPRING, TAGUIG","PHP 17,000,000","30th 1st Ave, Taguig, Metro Manila",2BR with parking,
"3BR CONDOMNIUM FOR SALE IN OAK HARBOR RESIDENCES, PARAÑAQUE","PHP 52,474,108","Marina Bay, Jackson Avenue, Paranaque",3BR Penthouse unit,
"3-STOREY UNIT IN AVILION GARDENS, PARAÑAQUE","PHP 11,040,000","Cluster 7, Egypt And Guatemala St., Brgy. Don Bosco, Parañaque",3-Storey Unit,
"2 BEDROOMS FOR SALE IN ELIZABETH PLACE, MAKATI","PHP 14,300,000","332 Sen. Gil J. Puyat Ave, Makati, Metro Manila",2BR with balcony,
5BR HOUSE AND LOT FOR SALE IN GREEN MEADOWS AVE. QUEZON CITY,"PHP 225,000,000",Green Meadows Ave.,5 Bedroom with en-suite bathroom,
1.7 HECTARE LOT IN THE HEART OF MANILA,"PHP 1,370,250,002","Tanque Street, Paco Manila",1.7 Hectare commercial/mixed use lot,
"1BR CONDOMINIUM FOR SALE IN MORGAN SUITES EXECUTIVE RESIDENCES, TAGUIG","PHP 6,800,000","1634 Florence Wy, Taguig, Metro Manila",1 Bedroom,
"4BR H&L - SAMAT, AYALA ALABANG","PHP 350,000,000","Samat, Ayala Alabang Village","4BR H&L for sale - Samat, Ayala Alabang",
"2BR CONDOMINIUM FOR SALE IN ILLUMINA RESIDENCES MANILA, MANILA","PHP 5,000,000",Manila,"An unfurnished 2 bedroom condominium unit for sale in Illumina Residences Manila, Manila with a floor area of 57 SQM priced at Php 5,000,000.",
1BR CONDOMINIUM FOR SALE IN JAZZ RESIDENCES,4000000,"Nicanor Garcia, Makati City, Metro Manila",1 Bedroom furnished unit in Jazz Residences,
DAVAO ACACIA,"PHP 329,000,000","Acacia, Buhangin, Davao City",13 has raw land in Davao,
"41 HECTARES IN MT. MAKILING, STO. TOMAS, BATANGAS","PHP 619,428,000","Brgy. San Miguel, Sto. Tomas, Batangas",Raw land,
"LOT FOR SALE IN DASMARIÑAS VILLAGE, MAKATI CITY","PHP 450,000,000",Sampaguita St. Dasmariñas Village,Residential Lot,
910 SQM TALI BEACH LOT,"PHP 16,000,000","Marine Drive, Tali beach Subdivsion, Nasugbu Batangas",Vacant Beach Lot In prime subdivision,
"1BR CONDOMINIUM FOR SALE IN SHANG RESIDENCES WACK WACK, MANDALUYONG","PHP 26,000,000",Mandaluyong,"An unfurnished 1 bedroom condominium unit with 1 parking space for sale in Shang Residences Wack Wack, Mandaluyong with a floor area of 84.89 SQM, priced at Php 26,000,000.",
"2BR CONDOMINIUM FOR SALE IN MOSAIC TOWER, MAKATI","PHP 21,000,000","Trasierra, Legazpi Village, Makati","2 bedrooms, 2 bathrooms, maid's quarter with CR",
"1BR CONDOMINIUM FOR SALE IN THE ARTON BY ROCKWELL, QUEZON CITY","PHP 12,140,000","Aurora Blvd. cor. Katipunan Ave, Quezon City",1BR with Balcony,
"GOVERNOR'S DRIVE, DASMARIÑAS PROPERTY FOR SALE","PHP 101,280,000","Governor's Drive, Dasmariñas City",Commercial Lot,
ONE ROCKWELL - 2BR UNIT (97 SQM) FOR SALE,"PHP 29,000,000","One Rockwell West Tower, Rockwell Center, Makati",2BR 2TB Unit at One Rockwell,
CATTLEYA GARDENS,"PHP 19,000,000","C. Palanca St., Legazpi Village Makati",2 BR condominium,
"1 BEDROOM WITH BALCONY FOR SALE IN VENICE LUXURY RESIDENCES TOWER B (BELLINI), TAGUIG","PHP 11,952,000","Venezia Drive, Brgy. Pinagsama, Taguig City",1BR with balcony,
AYALA ALABANG - 4BR HOUSE & LOT FOR SALE,"PHP 275,000,000","Bunga Street, Ayala Alabang",4BR H&L - Ayala Alabang,
FERNANDO POE JR. AVENUE PROPERTY FOR SALE,"PHP 407,700,000","Fernando Poe Jr. Avenue corner Pat Senador, Quezon City","Commercial lot along Roosevelt Avenue, QC",
"STUDIO CONDOMINIUM UNIT FOR SALE IN THE KNIGHTSBRIDGE RESIDENCES, MAKATI","PHP 4,200,000",Makati,"An unfurnished studio condominium unit for sale in The Knightsbridge Residences, Makati with a floor area of 28.91 SQM. This unit is priced at Php 4,200,000 plus VAT.",
"3 HA BEACHFRONT PROPERTY FOR SALE BUSUANGA, PALAWAN","PHP 169,683,258","Brgy. Cheey, Busuanga, Palawan",3 HA Beachfront Property,
"3BR CONDOMINIUM FOR SALE IN ONE ROXAS TRIANGLE, MAKATI","PHP 120,000,000","Cruzada St, Makati City",3 Bedrooms with den,
"OFFICE FLOOR IN SALCEDO VILLAGE, MAKATI FOR SALE","PHP 66,164,250","2nd Floor, The Athenaeum Condominum, L.P Leviste Street, Salcedo Village, Makati City",Office Floor for Sale,
NASUGBU BATANGAS - 10.7 HA LAND FOR SALE,"PHP 144,857,169","Magallanes-Nasugbu Road, Brgy. Putat, Nasugbu, Batangas",Nasugbu Batangas - 10.7 Ha Land for Sale,
APNTS,PHP 897,"Asia-Pacific Nazarene Theological Seminary, Ortigas Avenue Extension Kaytikling, Taytay","4.4 Hectare property for JV along Ortigas Ave Extension., Kaytikling, Rizal",
"CAINTA RIZAL - 7,987 SQM","PHP 159,740,000","Suburban Drive, Brgy. San Juan, Cainta, Rizal","Cainta Rizal - 7,987 sqm",
"2BR CONDOMINIUM FOR SALE IN ROSEWOOD POINTE, TAGUIG","PHP 5,240,000","Acacia Estates, Taguig, Metro Manila",2BR with balcony,
"3 BEDROOMS FOR SALE IN CEDAR CREST CONDOMINIUM AMARANTH BLDG, TAGUIG","PHP 9,100,000","Acacia Ave, Acacia Estate, Taguig, Metro Manila",3BR with balcony and parking,
30-KEY HOTEL FOR SALE IN TAGBILARAN BOHOL,"PHP 348,416,290","Tagbilaran, Bohol",30-Key Hotel,
"4BR HOUSE AND LOT FOR SALE IN TAGAYTAY MIDLANDS, BATANGAS","PHP 30,000,000","Tanauan, Batangas",4BR 2-storey house with den,
"2 BEDROOMS FOR SALE IN OHANA PLACE RESIDENCES LANAI BLDG, LAS PIÑAS","PHP 432,000,000","1742 Alabang–Zapote Rd, Almanza Uno, Las Piñas, Metro Manila",2BR with balcony,
LARGE PROPERTY ALONG QUIRINO HIGHWAY,"PHP 1,663,508,000","Quirino Highway Bgy 179, Novaliches Caloocan City","4 street frontages along Quirino Highway, Banaba St., Mangga St. and HV dela Costa",
"1.3 HECTARES IN COMMONWEALTH, QUEZON CITY","110,000","Brgy. Commonwealth, Quezon City",1.3 hectares vacant lot,
OFFICE SPACE FOR SALE - RUFINO PACIFIC TOWER,"PHP 33,000,000","Rufino Pacific Tower, Ayala cor. Rufino, Makati",along Ayala Avenue cor. Rufino,
"1BR CONDOMINIUM FOR SALE IN ONE ROCKWELL EAST TOWER, MAKATI","PHP 28,000,000",Makati,"A furnished 1 bedroom loft type condominium unit with 1 parking space for sale in One Rockwell East, Makati with a floor area of 70 SQM, priced at Php 28,000,000.",
"4BR HOUSE AND LOT FOR SALE IN AYALA ALABANG VILLAGE, MUNTINLUPA","PHP 300,000,000","Ayala Alabang Village, Barangay Ayala Alabang, Muntinlupa City",4BR with Family Room & Office or Gym,
"BONI SERRANO, QUEZON CITY - VACANT LOT",PHP 1,"Col. Bonny Serrano Avenue, New Manila, Quezon City",Commercial Lot,
1BR UNIT IN CIRCUIT MAKATI,"PHP 12,375,000","Solstice Tower 1, Circuit Makati, Brgy. Carmona, Makati","1BR, amenity floor",
"4BR HOUSE AND LOT FOR SALE IN NLC TOWNHOMES, MANILA","PHP 15,400,000",Manila,"An unfurnished 4 bedroom 3-storey house and lot for sale in NLC Townhouse, Manila, with 1 parking space and a floor area of 123.61 SQM and a lot area of 50.35 SQM. The house and lot is priced at Php 15,400,000.",
"2 HAS. - OBRERO, NUEVA ECIJA LOT","PHP 30,000,000","Obrero, Cabanatuan",,
"3BR CONDOMINIUM FOR SALE IN SHANG RESIDENCES WACK WACK, MANDALUYONG","PHP 47,000,000",Wack Wack Rd. Mandaluyong City,"3 Bedrooms with ensuite bath, MBR with tub, Living Room and MBR with balcony, Main kitchen and service kitchen, Maid's room with CR, Semi Furnished, 1 parking slot",
SAN JOSE DEL MONTE BULACAN PROPERTY,30000,"Paradise Village, Tungkong Mangga, SJDM Bulacan",Property in San Jose Del Monte Bulacan,
"4BR HOUSE AND LOT FOR SALE IN AYALA ALABANG VILLAGE, MUNTINLUPA","PHP 163,000,000","Maria Cristina Ayala Alabang Village, Muntinlupa",4 Bedroom with swimming pool,
"ILAYA STREET, TONDO","PHP 288,000,000","941 Ilaya Street, Tondo, Manila","Ilaya Street, Tondo, Manila",
"STUDIO FOR SALE IN THE LERATO TOWER 1, MAKATI","PHP 5,900,000","7232 Malugay, Brgy, Makati, Kalakhang Maynila",Studio,
2BR UNIT IN CIRCUIT MAKATI,"PHP 15,008,929","Solstice Tower 1, Circuit Makati, Brgy. Carmona, Makati","2BR corner unit, amenity floor",
"2 BEDROOM UNIT W/ PARKING FOR SALE IN PARAGON PLAZA, MANDALUYONG",PHP 10,"Corner Reliance St., EDSA, Mandaluyong City",2 Bedroom Unit with Parking | 3 T&B | Maid's Room,
"1BR CONDOMINIUM FOR SALE IN COAST RESIDENCES, PASAY","PHP 6,600,000","Roxas Blvd, Pasay","Semi Furnished with A/C, Refrigerator and Microwave 1 Toilet & Bath with water heater. No parking",
"1BR CONDOMINIUM FOR SALE IN SEA RESIDENCES, PASAY","PHP 5,415,000","Pearl Drive Cor Sunrise Drive, Pasay, 1300 Metro Manila",1BR with balcony,
TWIN SHORES,"PHP 773,470,000","Malinao, Siargao Island, Surigao Del Norte",Beachfront Lot for sale,
"6,633 SQM - COMMERCIAL PROPERTY - E. RODRIGUEZ, MONTE DE PIEDAD, QUEZON CITY","PHP 1,326,600,000","E. Rodriguez, Monte de Piedad, Quezon City","6,633 SQM - Commercial Property - E. Rodriguez, Monte de Piedad, Quezon City",
"2435 SQM BEACHFRONT PROPERTY FOR SALE IN PANGLAO, BOHOL","PHP 110,305,500","Brgyy. Bil-Isan, Panglao, Bohol","2,435 sqm. beach front with 55-meter frontage",
"2 BEDROOMS WITH BALCONY FOR SALE IN THE RISE, MAKATI","PHP 15,600,000","7248 Malugay, Makati, 1203 Kalakhang Maynila",2BR with balcony,
"2.1 HECTARES BEACHFRONT PROPERTY FOR SALE IN PUERTO PRINCESA CITY, PALAWAN","PHP 286,116,000","BM Road Brgy. San Manuel, Puerto Princesa City, Palawan, Philippines",Property along BM Beach,
"LOT FOR SALE IN AYALA ALABANG VILLAGE, MUNTINLUPA","PHP 109,223,000","Palico St. Ayala Alabang Village, Muntinlupa",Vacant Lot for Sale,
"STUDIO CONDOMINIUM UNIT FOR SALE IN THE KNIGHTSBRIDGE RESIDENCES, MAKATI","PHP 4,200,000",Makati,"An unfurnished studio condominium unit for sale in The Knightsbridge Residences, Makati with a floor area of 27.12 SQM. This unit is priced at Php 4,200,000 plus VAT.",
"5BR HOUSE AND LOT FOR SALE IN BF HOMES, PARANAQUE","PHP 45,000,000","Adelita Chioco, VF ACRHA, Barangay BF Homes","4 Bedrooms upstairs, each with ensuite bathroom | 1 Bedroom on the ground floor (ideal for seniors or a study/den) | with a full bathroom | MBR with walk-in closet, private balcony (2 balconies total on the second floor) | Spacious living and dining areas | Guest powder room | Separate large storage room | Two first-class kitchens (main and everyday kitchens)",
MAJAYJAY PROPERTY,"PHP 6,400,000","A Bonifacio cor. P Zamora St., Majayjay, Laguna",Commercial Property,
"CORAL TREE RESIDENCES, CARMONA, CAVITE",68138.4573,"361 South Road, Binan, Laguna",Dorm property with ground floor retail for sale near Southwoods,
"9-10 BR HOUSE AND LOT FOR SALE IN AYALA ALABANG VILLAGE, MUNTINLUPA CITY","PHP 398,000,000","Lauan St. Ayala Alabang Village, Muntinlupa City",9-10 Bedroom H&L with Swimming Pool,
"3 BR FOR SALE IN GREENBELT CHANCELLOR, MAKATI","PHP 23,770,000","112 Rada, Legazpi Village, Makati, 1229 Metro Manila",3BR with 1 parking slot,
"1 BEDROOM FOR SALE IN THE GREENBELT PARKPLACE, MAKATI CITY","PHP 6,630,000","112 Don Carlos Palanca, Legazpi Village, Makati, 1229 Metro Manila",1BR,
"2BR CONDOMINIUM FOR SALE IN TWO SERENDRA, BGC, TAGUIG","PHP 26,350,000","1634 McKinley Pkwy, Taguig, Metro Manila",2BR with balcony and parking,
"2 BEDROOMS LOFT FOR SALE IN THE FORT RESIDENCES, TAGUIG","PHP 17,552,500","30th Street, corner 2nd Ave, Taguig, 1630 Metro Manila",2BR Loft Type,
"4BR HOUSE AND LOT FOR SALE IN TAGAYTAY MIDLANDS, BATANGAS","PHP 250,000,000","Tanauan, Batangas",2-storey house with lower ground floor,
"4BR HOUSE FOR SALE IN SOUTHWOODS RESIDENTIAL ESTATES, CARMONA, CAVITE","PHP 35,000,000","Carmona, Cavite",4 Bedroom 2-storey house,
3BR UNIT (205SQM) AT GRAND HYATT SOUTH TOWER,"PHP 98,000,000","35th Street cor. 8th Avenue, Bonifacio Global City",205 sqm 3BR corner unit,
TALI BEACH HOUSE AND LOT,"PHP 150,000,000","Tali Beach Drive, Nasugbu, Batangas",House And Lot,
HILLSBOROUGH ALABANG 2 LOTS FOR SALE,"PHP 100,000,000","Nos 7 & 9 Worcester St., Hillsborough Alabang Village, Muntinlupa City","Hillsborough Alabang Village Blk 2 lot 12 Phase 1 No. 7 Worcester St. 400 sqm Hillsborough Alabang Village Blk 2 lot 10 Phase 1 No. 9 Worcester St., 400 sqm",
"STILES OFFICE - 1,421 SQM 12/F","PHP 269,990,000",Stiles Enterprise Plaza West Tower - 12/F,Whole office floor,
"LOT FOR SALE IN SOLIENTO, NUVALI","PHP 23,630,000","Brgy Canlubang, Calamba Laguna",Lot Only,
"3BR CONDOMINIUM FOR SALE IN CBY TOWER, MANILA","PHP 12,853,200",Manila,"A semi-furnished 3 bedroom condominium for sale in CBY Tower, Manila, with a floor area of 107.11 SQM, priced at Php 12,853,000. This property has a living room with a balcony, own toilet and bath for the Master’s bedroom, and maid’s room with CR.",
JAKOSALEM ST. CEBU,"PHP 120,000,000","Jakosalem St. , Cebu City","House and Lot for Sale along Jakosalem St. , Cebu City",
"BRENTWOOD VILLAGE, BAGUIO HOUSE FOR SALE","PHP 40,000,000",84 Brentwood Village,Baguio house for sale,
"1,050 SQM FULLY TENANTED INCOME-GENERATING PROPERTY FOR SALE ON MACARTHUR HIGHWAY, MALABON CITY","240,000","67 MacArthur Hwy, Malabon, 1275 Metro Manila",Income-Generating Property for Sale,
"3 BEDROOMS WITH BALCONY FOR SALE IN TWO SERENDRA BELIZE TOWER, TAGUIG","PHP 38,530,000","1634 McKinley Pkwy, Taguig, Metro Manila",3BR with balcony and 1 parking slot,
"28 HA BEACHFRONT PROPERTY FOR SALE IN PANGLAO, BOHOL","PHP 7,196,200,000","Brgy. Danao, Panglao, Bohol",28-has with 900-meter beach frontage,
"1 BEDROOM WITH BALCONY FOR SALE IN SEA RESIDENCES CONDOMINIUM BLDG D, PASAY","PHP 5,415,000","Pearl Drive Cor Sunrise Drive, Pasay, 1300 Metro Manila",1BR with balcony,
BPI-PHILAM LIFE ALABANG,"PHP 77,139,998","Alabang-Zapote Road, Madrigal Business Park, Muntinlupa City",Office Unit for Sale,
"1BR CONDOMINIUM FOR SALE IN THE KNIGHTSBRIDGE RESIDENCES, MAKATI","PHP 4,200,000",Makati,"An unfurnished condominium unit for sale in The Knightsbridge Residences, Makati with a floor area of 27.12 SQM. This unit is priced at Php 4,200,000 plus VAT.",
"1BR CONDOMINIUM FOR SALE IN VERTIS NORTH, QUEZON CITY","PHP 15,250,000","North Avenue, Quezon City",1 Bedroom Unfurnished No parking,
"10,215 SQM COMMERCIAL PROPERTY FOR SALE - CORAL WAY AVENUE, PARAÑAQUE CITY","PHP 2,142,456,190","Coral Way Avenue, Pasay City",Commercial lot along Coral Way Avenue,
2BR CONDOMINIUM FOR SALE IN THE RISE MAKATI,"PHP 14,500,000","7248 Malugay, Street, Makati",2 Bedroom with balcony,
"1BR CONDOMINIUM FOR SALE IN THE GRAMERCY RESIDENCES, MAKATI","PHP 9,250,000",Makati,"An unfurnished 1 bedroom condominium unit for sale in The Gramercy Residences, Makati with a floor area of 46.06 SQM priced at Php 9,250,000 plus VAT.",
"3BR CONDOMINIUM FOR SALE IN ESSENSA EAST FORBES, BGC, TAGUIG","PHP 95,000,000","21st Dr, Taguig",3 Bedrooms with ensuite bathroom. Maid's room with own CR. Service kitchen with service entrance.,
5996 SQM WATERFRONT PROPERTY FOR SALE IN DAUIS BOHOL,"PHP 208,910,407","Brgy. Bingag, Dauis, Panglao Island, Bohol",113 meter water frontage,
"7BR HOUSE AND LOT FOR SALE IN LINDENWOOD RESIDENCES, MUNTINLUPA","PHP 65,000,000",Muntinlupa,"A furnished 7 bedroom house and lot with 2 parking spaces for sale in Lindenwood Residences, Muntinlupa. This 3-storey property has a lot area of 450 SQM and a floor area of approximately 750 SQM, priced at Php 65,000,000. This property has 7.5 baths, a heated swimming pool & jacuzzi, solar panels, a generator that can power 3 master bedrooms, lots of outdoor space, a maid's room with toilet and bath, driver's quarters with toilet & bath.",
2BR CONDOMINIUM FOR SALE IN BONIFACIO RIDGE CONDOMINIUM IN TAGUIG,"PHP 35,000,000",Taguig,"A furnished 2 Bedroom condominium unit for sale in Bonifacio Ridge Condominium, Taguig, with a floor area of 113 SQM, and a golf course and swimming pool view. This property has 2 tandem parking spaces, 3 toilets and baths, with bath tub and centralized hot water, a servant's quarter, laundry room. This unit is sold at Php 35,000,000, and can be leased for Php 120,000 per month (inclusive of dues).",
"1BR CONDOMINIUM FOR SALE IN THE GRAMERCY RESIDENCES, MAKATI","PHP 9,250,000",Makati,"An unfurnished condominium unit for sale in The Gramercy Residences, Makati with a floor area of 40.21 SQM priced at Php 9,250,000 plus VAT.",
"1BR CONDOMINIUM FOR SALE IN FORBESWOOD HEIGHTS, BGC, TAGUIG","PHP 9,500,000","Rizal Drive, Taguig",1 Bedroom with 1 Parking Slot,
"2,354 SQM WAREHOUSE/RESIDENTIAL PROPERTY FOR SALE IN PASIG",70000,486 Santos Sumilang Pasig,"2,354 sqm Warehouse/Residential Property for Sale in Pasig",
"1 BEDROOM FOR SALE IN GRAND MIDORI, MAKATI CITY","PHP 10,460,000","160 Legazpi Street, Legazpi Village, Makati, 1229 Kalakhang Maynila",1BR,
"LOT FOR SALE IN AYALA ALABANG VILLAGE, MUNTINLUPA","PHP 1,000,000,000","Ayala Alabang Village, Muntinlupa",Lot for Sale in AAV,
"3BR CONDOMINIUM FOR SALE IN PROSCENIUM AT ROCKWELL, MAKATI","PHP 90,000,000",Makati,"A semi-furnished 3 bedroom condominium with 2 parking spaces for sale in Proscenium at Rockwell, Makati with a floor area of 224 SQM. This unit is priced at Php 90,000,000.",
"4BR HOUSE AND LOT FOR SALE IN AYALA ALABANG, MUNTINLUPA","PHP 140,000,000",Muntinlupa,"A furnished 4 bedroom house and lot for sale in Ayala Alabang, Muntinlupa, with a lot area of 669 SQM and a floor area of approximately 350 SQM, priced at Php 140,000,000 plus VAT. This property has 1 den with a toilet and bath, maid and driver’s room with toilet and bath, swimming pool with toilet and bath, and solar heater for water.",
3BR CONDOMINIUM FOR SALE IN SHANG RESIDENCES WACK WACK,"PHP 39,000,000","Wack Wack Rd, Mandaluyong","Living room with balcony, All bedrooms with ensuite bathroom, Master’s bedroom with walk-in closet and balcony, Maid's room with own CR",
ROBINSON'S CIRCLE LOT,"PHP 137,280","Robinson's Circle, Pasig City",511 sqm overlooking lot within Robinson's circle subdivision,
"2BR CONDOMINIUM FOR SALE IN MCKINLEY PARK RESIDENCES, BGC, TAGUIG","PHP 22,500,000","31st Street, Taguig City",2 Bedroom loft type furnished unit,
"1 BEDROOM WITH BALCONY FOR SALE IN FLAIR TOWERS CONDOMINIUM SOUTH TOWER, MANDALUYONG","PHP 6,395,000","Reliance, Pines, Mandaluyong, 1550 Metro Manila",1BR with balcony and parking,
FORBES PARK - PILI AVENUE,"PHP 1,591,200,000","Pili Avenue, Forbes Park South, Makati",Residential Property for Sale,
"6BR HOUSE AND LOT FOR SALE IN AYALA ALABANG VILLAGE, MUNTINLUPA","PHP 200,000,000","Ayala Alabang Village, Muntinlupa",6 Bedroom 2 Storey House,
"4 BEDROOMS FOR SALE IN FORBESWOOD HEIGHTS, BGC, TAGUIG","PHP 22,780,000","Forbeswood Heights, Forbestown Road, Taguig, Metro Manila",4 Bedroom combined units and parking,
"FOR SALE: RESIDENTIAL CONDOMINIUM IN LEGAZPI VILLAGE, MAKATI","900,000","110 Amorsolo Street, Legazpi Village, Makati",Residential condominium with 28 units,
PENTHOUSE OAK HARBOR RESIDENCES,"PHP 36,155,000","PH-02 Oak Harbor Residences, Aston Towe4, Jackson Ave., Asiaworld City, Paranaque City","Oak Harbor Aston Tower PH-02, 125 sqm 11th floor Penthouse 3 Bedroom Loft SEast, Seaview Maids w T&B No balcony 1 Parking Semi furnished 36,155,000 Php Incl CGT & 3% Broker Fee",
"2,656 SQM - COMMERCIAL PROPERTY FOR SALE - BROADWAY AVENUE, MARIANA, QUEZON CITY","PHP 451,520,000","Broadway Avenue, Quezon City",Commercial Property,
"4BR HOUSE AND LOT FOR SALE IN AYALA ALABANG VILLAGE, MUNTINLUPA","PHP 132,500,000","Ayala Alabang Village, Muntinlupa St.","4BR House and Lot for Sale in Ayala Alabang Village, Muntinlupa Lot Area: 630 sqm Floor Are: 900 sqm 4 Bedrooms 4 car garage Unfurnished High ceiling living room, Enclosed dining MBR with lanai and bathtub Maid’s room Centralized water heater, Pool, Garden Beside Palms Pointe",
50-KEY HOTEL WITH COMMERCIAL SPACES FOR SALE,"PHP 495,000,000","Abano St., Baguio City",50-Key Hotel,
6BR HOUSE AND LOT FOR SALE IN MISSION HILLS AT HAVILA,"PHP 101,124,000","Havila Mahabang Parang, 1870, Antipolo",6 Bedrooms | 6 Bathrooms | 1 Powder Room | 7 car garage | Bar & Lanai | Mezzanine Gym | Swimming Pool | Laundry Room | Dirty Kitchen | Garden | Maid's Quarters | Driver's Quarters | Back and Front Garden | Office Room,
"VACANT LOT FOR SALE IN TIMBELAND HEIGHTS, SAN MATEO, RIZAL","PHP 39,000,000","San Mateo, Rizal",Vacant Lot,
"1BR CONDOMINIUM FOR SALE IN ONE GATEWAY PLACE, MANDALUYONG","PHP 4,251,600",Mandaluyong,"An unfurnished 1 bedroom condominium unit with 1 toilet and bath for sale in One Gateway Place Condo, Mandaluyong. This unit has a floor area of 47.24 SQM, priced at Php 4,251,600",
"2 BEDROOMS FOR SALE IN MIREA RESIDENCES MAIA BLDG, PASIG","PHP 5,080,000","Eulogio Amang Rodriguez Ave, Pasig, 1800 Metro Manila",2BR with balcony,
MACAPAGAL BOULEVARD PROPERTY,"PHP 4,760,000,000","Macapagal Boulevard, Pasay City",Commercial lot along Macapagal Blvd,
"4BR HOUSE AND LOT FOR SALE IN TAGAYTAY MIDLANDS, PLANTATION HILLS, BATANGAS","PHP 34,000,000","Parsley St. Tanuan, Batangas","2-storey house, 4 Bedroom, 4 T&B, MBR with bathtub, 1 powder room, Den with CR",
"1 BEDROOM WITH BALCONY FOR SALE IN SEA RESIDENCES CONDOMINIUM BLDG D, PASAY","PHP 5,415,000","Pearl Drive Cor Sunrise Drive, Pasay, 1300 Metro Manila",1BR with balcony,
"4 BEDROOMS FOR SALE IN ONE GATEWAY PLACE CONDO, MANDALUYONG","PHP 14,059,000","Robinsons Pioneer Complex, Pioneer St, Mandaluyong, 1550 Metro Manila",4BR with balcony,
"3BR CONDOMINIUM FOR SALE IN PACIFIC PLAZA TOWERS, TAGUIG","PHP 100,000,000",Taguig,"A 3 bedroom condominium unit for sale in Pacific Plaza Towers, Taguig with a floor area of 305 SQM, priced at Php 100,000,000. This property has 1 den, 4 toilets and baths, powder room, and a maid's room. This unit is tenanted until September 2027.",
"1.8 HA BEACH LOT FOR SALE IN ANDA, BOHOL","PHP 270,744,344","Barangay Bacong, Anda, Bohol","10,879 sqm. land near Cabagnow Cave",
"1BR CONDOMINIUM FOR SALE IN THE PARKSIDE VILLAS, PASAY","PHP 7,937,500","Sales Rd, Newport, Pasay, 1309 Metro Manila",1BR with balcony and parking,
"6BR HOUSE AND LOT FOR SALE IN TOKYO MANSIONS, SOUTH FORBES, CAVITE","PHP 50,000,000","Shibuya Drive, Tokyo Mansions, South Forbes, Silang, Cavite","3-storey house, 6 Bedrooms with 7 bathrooms plus maid's room with own bathroom and driver's room with own bathroom, Master's bedroom with Jacuzzi, Balcony on MBR, Family Area and 3rd Floor Bedroom",
"PENINSULA AVE., PUNTA FUEGO HOUSE","PHP 170,000,000","71 Peninsula Ave., Punta Fuego","Brand new 6BR ensuite T&B House along Peninsula Ave., Punta Fuego.",
"4BR HOUSE AND LOT FOR SALE IN SUN VALLEY RESIDENTIAL, ANTIPOLO","PHP 26,800,000","Antipolo, Rizal","An unfurnished 4 bedroom house and lot for sale in Sun Valley Residential, Antipolo, Rizal with 2 parking spaces, 5 toilets and bath, a lot area of 300 SQM, and a floor area of 247.5 SQM, priced at Php 26,800,000.",
"2,094 SQM - RESIDENTIAL PROPERTY - GUADALUPE VIEJO, MAKATI","PHP 251,280,000","Progreso Street, Guadalupe Viejo, Makati","2,094 SQM - Residential Property - Guadalupe Viejo, Makati",
VALLE VERDE 7 HOUSE & LOT,"PHP 682,000,000","Lot 5 Block 2, Firefly Street, Valle Verde 7, Brgy. Ugong, Pasig City","2,728sqm house & lot in Valle Verde 7",
"1,781 SQM PROPERTY FOR SALE IN BALABAG, BORACAY ISLAND","PHP 94,393,000","Brgy. Balabag, Boracay Island, Malay, Aklan","Primely located along Boracay's main road, this property offers easy access to the island's best attractions. It's just a short distance from the pristine white sand beaches and is conveniently situated across from Fairways & Bluewater Resort and near Citymall.",
"1BR CONDOMINIUM FOR SALE IN THE GRAMERCY RESIDENCES, MAKATI","PHP 8,300,000",Makati,"An unfurnished condominium unit for sale in The Gramercy Residences, Makati with a floor area of 34.55 SQM priced at Php 8,300,000 plus VAT.",
SHAW BOULEVARD COMMERCIAL PROPERTY,"PHP 1,567,225,000","Shaw Boulevard, Addition Hills, Mandaluyong",Commercial Lot,
MYTOWN PARIS,"PHP 20,000,000","Blk 21 Lot 8 B Camia Extension, Brgy. Pembo, Makati","Dormitory building in Pembo, Makati",
"2BR CONDOMINIUM FOR SALE IN ARYA RESIDENCES, TAGUIG","PHP 45,000,000",Taguig,"A 2 Bedroom condominium unit with 1 parking space, 3 toilets and baths, and a maid's room for sale in Arya Residences, Taguig. This unit has a floor area of 138 SQM, and is priced at Php 45,000,000.",
"STUDIO FOR SALE IN ELIZABETH PLACE, MAKATI","PHP 7,800,000","332 Sen. Gil J. Puyat Ave, Makati, Metro Manila",Studio,
1.6 HAS. LUCENA CITY LOT,"PHP 42,110,000","Quezon Eco Tourism Road, Brgy. Salinas, Lucena City",16.844 sqm,
"3 BEDROOMS FOR SALE IN ONE ROXAS TRIANGLE, MAKATI","PHP 125,000,000","Cruzada St, Makati, Metro Manila",3 BR with parkling,
"2 BEDROOMS FOR SALE IN SEAVIEW OAK HARBOR RESIDENCES, PARAÑAQUE","PHP 24,092,240","Unit 1004, Aston Tower, Oak Harbor Residences, Paranaque","For Sale Oak Harbor Aston Tower Unit 1004 2 Bedroom 97 sqm Balcony Seaview Maids w T&B 1 Parking Semi furnished 24,002,240 Php Incl CGT & 3% Broker Fee",
"VACANT LOT FOR SALE IN AVIDA RESIDENCES, STA. MONICA, LIPA, BATANGAS","PHP 2,840,000","P. Torres Street, Avida Residences Sta. Monica, Lipa, Batangas",Vacant Lot,
"2 BEDROOMS WITH BALCONY FOR SALE IN VENICE LUXURY RESIDENCES TOWER D (DOMENICO), TAGUIG","PHP 18,468,000","Venezia Drive, Brgy. Pinagsama, Taguig City",2BR with balcony,
"2 BEDROOMS FOR SALE IN CEDAR CREST CONDOMINIUM ROSELLE BLDG, TAGUIG","PHP 7,500,000","Acacia Ave, Acacia Estate, Taguig, Metro Manila",2BR with balcony,
"3BR CONDOMINIUM FOR SALE IN TWIN TOWERS, MAKATI","PHP 56,000,000","Ayala Ave., Makati",3 Bedroom Furnished unit,
"3 BEDROOMS FOR SALE IN AURELIA RESIDENCES, TAGUIG","PHP 170,000,000","5th Ave, Cor McKinley Pkwy, Taguig",3BR,
TEKA 2,"PHP 62,200,000","Lot 3, Block 21, Teka St., San Antonio, Makati",Residential property for sale,
"3BR CONDOMINIUM FOR SALE IN CBY TOWER, BINONDO, MANILA","PHP 12,877,200",Binondo Manila,3 bedrooms with balcony,
"LOT FOR SALE IN URDANETA VILLAGE, MAKATI","PHP 600,000,000",Makati,,
"BALANGA, BATAAN","PHP 145,181,340","Roman Superhighway, Brgy. Tuyo, Balanga City, Bataan",Commercial Land for Sale,
"STUDIO CONDOMINIUM UNIT FOR SALE IN SHANG SALCEDO PLACE, MAKATI","PHP 12,000,000",Makati,"A furnished studio condominium unit with 1 parking space for sale in Shang Salcedo Place, Makati with a floor area of 35.54 SQM, priced at Php 12,000,000. This unit is also for lease for Php 40,000 per month.",
"2 BEDROOMS FOR SALE IN FLAIR TOWERS CONDOMINIUM NORTH TOWER, MANDALUYONG","PHP 6,760,000","Reliance, Pines, Mandaluyong, 1550 Metro Manila",2BR,
"6BR HOUSE AND LOT FOR SALE IN AYALA ALABANG VILLAGE, MUNTINLUPA","PHP 240,000,000",Muntinlupa,"A semi furnished 6 bedroom house and lot for sale in Ayala Alabang Village, Muntinlupa with a lot area of 513 SQM and a floor area of 800 SQM, priced at Php 240,000,000. This 3-storey property has 6 bathrooms, 7 parking spaces, 3 kitchen areas, swimming pool, elevator, 2 covered upper decks, 2 storage rooms, a powder room, pantry, utility and laundry area, staff and driver's room.",
"3 BEDROOMS COMBINED UNITS FOR SALE IN FORBESWOOD HEIGHTS TOWER 5, TAGUIG","PHP 14,140,000","Forbeswood Heights, Forbestown Road, Taguig, Metro Manila",3BR Combined Units and parking,
"2 BEDROOMS WITH PARKING FOR SALE IN TIVOLI GARDENS RESIDENCES HIBISCUS BLDG, MANDALUYONG","PHP 7,450,000","69 Coronado, Mandaluyong, 1550 Metro Manila",2BR with parking,
"1BR CONDOMINIUM FOR SALE IN TUSCANY PRIVATE RESIDENCES, TAGUIG","PHP 11,610,000","Upper McKinley Road, McKinley Hill, Fort Bonifacio, Taguig City",1BR Loft Type,
"7BR HOUSE AND LOT FOR SALE IN WHITE PLAINS, QUEZON CITY","PHP 195,000,000","White Plains, Quezon City","3-storey house, 7BR with en-suite bathroom, 5 car garage",
"1 BEDROOM WITH BALCONY FOR SALE IN SEA RESIDENCES CONDOMINIUM BLDG A, PASAY","PHP 5,415,000","Pearl Drive Cor Sunrise Drive, Pasay, 1300 Metro Manila",1BR with balcony,
"ROXAS BOULEVARD, PASAY CITY","PHP 1,320,375,000","Roxas Boulevard, Pasay City",Commercial Lot,
"7BR HOUSE AND LOT FOR SALE IN FOREST FARMS AT HAVILA, ANGONO, RIZAL","PHP 165,000,000","Brgy. Mahabang Parang, Angono, Rizal, 1930","Experience living in a work of art crafted by Architect Mañosa. This 7-bedroom home, complete with a garden and pool, offers breathtaking views of Laguna de Bay. It blends Filipino design, modern comforts, and Japanese-inspired elements—perfect for families seeking space, tranquility, and a seamless connection to nature.",
"2.6 HECTARES IN LIPA, BATANGAS","PHP 90,135,500","Brgy. Tangob, Lipa City, Batangas","Property located in Brgy. Tangob, Lipa",
"3BR CONDOMINIUM FOR SALE IN ST. MORITZ PRIVATE ESTATE, TAGUIG","PHP 80,000,000",Taguig,"- 3 Bedrooms - Penthouse - Loft type - With private pool - Price: Php 80,000,000",
"1BR CONDOMINIUM FOR SALE IN OCEAN TOWER, ROXAS BLVD., MANILA","PHP 12,500,000","Roxas Boulevard, Malate, Manila",1 Bedroom with 1 Parking Slot,
"1 BEDROOM FOR SALE IN ONE CENTRAL, MAKATI CITY","PHP 9,060,000","Sen. Gil J. Puyat Ave, Makati, Metro Manila",1BR,
"4.4 HA LAND FOR SALE - STA. CLARA, BATANGAS","PHP 426,771,980.04","Batangas Port Access Road, Sta. Clara, Batangas City","4.4 Ha Land for Sale - Sta. Clara, Batangas",
"LOT FOR SALE IN BEL-AIR 3 VILLAGE, MAKATI CITY","PHP 500,000,000","Bel-Air 3 Village, Makati City",Residential Lot with improvement,
"3 BEDROOMS FOR SALE IN CEDAR CREST CONDOMINIUM TANGERINE BLDG, TAGUIG","PHP 8,300,000","Acacia Ave, Acacia Estate, Taguig, Metro Manila",3BR,
"3 BEDROOM FOR SALE IN AURELIA RESIDENCES, TAGUIG","PHP 150,000,000","5th Ave, Cor McKinley Pkwy, Taguig",3BR,
"HOUSE & LOT FOR SALE IN TOWN AND COUNTRY DASMARIÑAS, CAVITE","PHP 12,240,000","Brgy. Salitran IV, Dasmariñas City Cavite",House & Lot,
"1 HAS. BEACHFRONT, SAN FERNANDO, LU","PHP 273,757,000","San Fernando, La Union","10,000 sqm. beachfront",
"2 BEDROOMS FOR SALE IN SEAVIEW OAK HARBOR ASTON TOWER, PARAÑAQUE","PHP 24,500,000","Unit 1003, Aston Toer, Oak Harbor Residences, Paranaque","For Sale Oak Harbor Aston Tower Unit 1003 2 Bedroom 100 sqm Balcony Seaview Maids w T&B 1 Parking Semi furnished 24,500,000 Php Incl CGT & 3% Broker Fee",
"2BR CONDOMINIUM FOR SALE IN AVIDA TOWERS (TOWER 1), TAGUIG","PHP 16,456,000",Taguig,"- 2 Bedrooms - 2 Toilet and bath - Furnished - Storage room - Facing Uptown Mall - Floor area: 61.8 SQM - Price: Php 16,456,000",
110 LEGAZPI,"PHP 1,500,000,000","110 Legazpi St., Legazpi Village, Makati City",110 Legazpi St. in front of Greenbelt 5,
"3BR CONDOMINIUM FOR SALE IN PACIFIC PLAZA TOWERS, BGC, TAGUIG","PHP 88,000,000","West, Crescent Park Residences, 4th Ave, Taguig City",3 Bedroom unit facing Manila Golf,
"2.9 HECTARES PROPERTY FOR SALE IN YAPAK, BORACAY","PHP 1,112,906,000","Yapak, Boracay Island, Aklan","Property is located in Yapak, Boracay with access to the main road.",
"STUDIO CONDOMINIUM UNIT FOR SALE IN PINE SUITES, TAGAYTAY","PHP 5,500,000",Tagaytay,"A furnished studio condominium unit for sale in Pine Suites, Tagaytay with a floor area of 23.79 SQM, priced at Php 5,500,000.",
"VACANT LOT FOR SALE IN THE RESIDENCES LIPA, BATANGAS","PHP 1,160,000","P. Torres Street, Lipa, Batangas",Vacant Lot,
"4BR HOUSE AND LOT FOR SALE IN AYALA ALABANG VILLAGE, MUNTINLUPA","PHP 144,000,000","Apitong St. Ayala Alabang Village, Muntinlupa",4 Bedroom house for renovation,
"2BR CONDOMINIUM FOR SALE IN PARK TERRACES, MAKATI","PHP 46,000,000",Makati,"A luxuriously furnished 2 bedroom condominium unit with 1 parking space for sale in Park Terraces, Makati, with a floor area of 115 SQM, priced at Php 46,000,000. This east facing unit has a maid's room with bath, double glazed & tinted, built in Smeg dishwasher & built in oven, open kitchen with inverter, Toshiba airconditioning units.",
"OFFICE SPACE FOR SALE IN BURGUNDY CORPORATE TOWER, MAKATI CITY","PHP 219,000,000","252 Sen. Gil J. Puyat Ave, Makati",Office,
"LOT FOR SALE IN HILLSBOROUGH, ALABANG, MUNTINLUPA","PHP 40,000,000","Worcester Street, Hillsborough, Barangay Cupang, Muntinlupa City",Vacant Lot,
COMMERCIAL BUILDING IN CHINO ROCES,"PHP 95,085,999.936","Chino Roces Ave. corner Barasoain St. and Novaliches St., Brgy. Olympia, Makati",Office building (3 floors plus mezzanine and roofdeck) along Chino Roces Ave.,
"2BR CONDOMINIUM FOR SALE IN PARK CENTRAL, MAKATI","PHP 138,000,000",Makati,"A semi-furnished 2 bedroom condominium with 2 parking spaces for sale in Park Central, Makati with a floor area of 240 SQM, priced at Php 138,000,000.",
"3 BEDROOMS FOR SALE IN AURELIA RESIDENCES, TAGUIG","PHP 179,500,000","5th Ave, Cor McKinley Pkwy, Taguig",3BR Premier A,
WEST SERVICE ROAD ALABANG,"PHP 667,600,000","West Service Road, Alabang, Muntinlupa City","West Service Road, Alabang, Muntinlupa City",
"1 BEDROOM WITH BALCONY FOR SALE IN VENICE LUXURY RESIDENCES TOWER E (EMANUELE), TAGUIG","PHP 7,432,900","Venezia Drive, Brgy. Pinagsama, Taguig City",1BR with balcony,
"STUDIO FOR SALE IN VICEROY TOWER 3, MCKINLEY TAGUIG","PHP 4,790,000","Florence Way, Brgy. Fort Bonifacio, Mckinley Hill, Taguig",Studio,
EXCLUSIVE 5BR HOUSE BESIDE GOLF COURSE IN AYALA ALABANG VILLAGE,"PHP 550,000,000","Sarangani Street, Ayala Alabang Village, Muntinlupa City","This remarkable 2-storey family home occupies a rare lot adjacent to the Alabang Country Club’s golf course, providing serene views and exceptional privacy. The expansive living spaces flow seamlessly into the outdoors, where a private pool, lanai, and a landscaped garden offer a peaceful retreat surrounded by lush greenery and stunning golf course views.",
3BR CONDOMINIUM FOR SALE IN THE SALCEDO PARK TOWERS,"PHP 32,480,000","H.V Dela Costa Street Salcedo Village, Makati",3 Bedrooms with parking,
"HOUSE AND LOR FOR SALE IN VILLARICA SUBD. CAINTA, RIZAL","PHP 22,700,000","Aquarius St. Villarica Subd. Cainta, Rizal",Duplex with Ancestral House,
"864 SQM LOT FOR SALE IN NASUGBU, BATANGAS","PHP 23,652,489","F. Alix St., Nasugbu, Batangas",Property in Nasugbu,
"2BR CONDOMINIUM FOR SALE IN THE COLUMNS AYALA, MAKATI","PHP 11,000,000",Makati,"An unfurnished 2 bedroom condominium unit with 1 parking space for sale in The Columns Ayala, Makati. This unit has a floor area of 67 SQM, priced at Php 11,000,000.",
ALABANG ZAPOTE PROPERTY FOR SALE,"PHP 1,870,000,000","Alabang zapote road, barangay pamplona, las pinas city",Property along alabang zapote road,
790-SQM COMMERCIAL LOT FOR SALE IN MALATE,260000,"M.H. Del Pilar St., Malate, Manila",Commercial lot,
GCIC P.GOMEZ COR. LUNA MENCIAS,"PHP 162,720,000",P.Gomez Cor. Luna Mencias,Commercial Lot along P.Gomez cor. Luna Mencias,
"STUDIO CONDOMINIUM FOR SALE IN ONE EASTWOOD AVENUE, QUEZON CITY","PHP 4,900,000",Quezon City,"Semi-furnished studio unit for sale in One Eastwood Avenue with a floor area of 24.2 SQM. This unit is tenanted until October 2025. This unit is priced at Php 4,900,000 plus VAT.",
"9,330 SQM. BEACHFRONT RESORT FOR SALE IN SIARGAO","PHP 450,000,000","Malinao Rd, General Luna Siargao, Surigao del Norte, Philippines","Property is located at Malinao, Siargao",
"CERVERA, MAKATI","PHP 39,500,000","Lot 2, Block 15, Cervera St., La Paz, Makati",Property right beside Unioil Cervera,
PERSIMMON PLUS,"PHP 700,000,000","The Persimmon Condominium, Mandaue, Cebu",Commercial/Residential property for sale in Cebu,
"56.9 HECTARES IN SILAY, NEGROS OCCIDENTAL","PHP 1,422,950,000","Silay, Negros Occidental","Aton Land, Silay - 56.9 Ha",
"3BR HOUSE AND LOT FOR SALE IN CALAMBA, LAGUNA","PHP 33,597,285","Calamba, Laguna","Calamba, Laguna",
"YAGUE STREET, MAKATI","PHP 47,000,000","Lot 19, Block 12, Yague St. Makati",Residential property for sale,
"3BR CONDOMINIUM FOR SALE IN BONIFACIO RIDGE, BGC, TAGUIG","PHP 30,000,000.54","1st Ave, Taguig, 1635 Metro Manila","Spanish Bay Tower, Bonifacio Ridge 1st Ave. Crescent Park West, Bonifacio Global City, Taguig City 20th Floor 113.02 sqm (floor area) 3 Bedrooms 2 Toilet & Bath 1 Maid's Quarter with T&B 1 Parking Slot With Tenant Until 8/19/26",
"2 BEDROOMS FOR SALE IN MIREA RESIDENCES MAIA BLDG, PASIG","PHP 5,080,000","Eulogio Amang Rodriguez Ave, Pasig, 1800 Metro Manila",2BR with balcony,
UNIT 2108 TO 2112 HIGH STREET SOUTH CORP. PLAZA,"PHP 161,240,000","High Street South Corporate Plaza Tower 2, 26th Street cor. 11th Ave., BGC, Taguig City",High Street South Corporate Plaza,
STA ANA PROPERTY FOR SALE,151070,"Pedro Gil, Sta. Ana, Manila",along Pedro Gil,
"1,061-SQM COMMERCIAL LOT FOR SALE IN ERMITA, MANILA",260000,"M.H. Del Pilar St., Ermita, Manila",Commercial lot,
"3BR CONDOMINIUM FOR SALE IN PIONEER HIGHLANDS, MANDALUYONG","PHP 16,000,000",Madison St. Mandaluyong,3 Bedroom furnished unit with 1 parking slot.,
"1-HECTARE LAND ON WEST SERVICE ROAD, BICUTAN FOR SALE","PHP 70,000 +VAT","KM 18, West Service Road, Bicutan, Paranaque",Industrial lot with office building and warehouse,
"LOT FOR SALE IN MAHOGANY PLACE 1, TAGUIG","PHP 21,300,000",Taguig,Lot Area: 142 SQM,
MYTOWN MADRID,"PHP 80,000,000.005","212, Lot 4 Lower Azucena, Brgy. Pembo, Makati","Dormitory building in Pembo, Makati",
"2 BEDROOM LOFT TYPE FOR SALE IN MCKINLEY PARK RESIDENCES, BGC, TAGUIG","PHP 15,000,000","3rd Avenue cor 31st Street Bonifacio Global City, Taguig",2BR Loft Type,
"3BR CONDOMINIUM FOR SALE IN TWIN TOWERS, MAKATI","PHP 56,000,000",Makati,"A 3 bedroom condominium unit for sale in Twin Towers Makati with a floor area of 271 SQM. This unit has 2 parking spaces, 4 bathrooms, and staff quarters with toilet and bath. This unit is priced at Php PHP 56,000,000.",
"ROAD 1 BRGY. BAGONG PAG-ASA, QC","PHP 82,744,925","Road 1 Brgy. Bagong Pag-Asa, Quezon City","Lot Area 413 sqm., Total Floor Area 540 sqm., New structure is tenanted with approx Php 90,000 monthly rent collection",
"1BR CONDOMINIUM FOR SALE IN AVIDA TOWERS 34TH, BGC, TAGUIG","PHP 8,000,000","T corner, 34th Street and Lane, 11th Ave, Taguig, 1634 Metro Manila","Basic Furnishing, ready for move-in unit",
"2HA - TAYTAY, RIZAL","PHP 707,245,000","Cabrera Road, Brgy. Dolores, Taytay, Rizal","20,207 sqm - Taytay, Rizal - For Sale",
SAN JOSE VILLAGE ALABANG PROPERTY FOR SALE,"PHP 90,000,000","St. Therese St., San Jose Village, Alabang",House and Lot for Sale,
"4BR CONDOMINIUM FOR SALE IN ONE GATEWAY PLACE, MANDALUYONG","PHP 12,653,100",Mandaluyong,"An unfurnished 4 bedroom loft type condominium unit for sale in One Gateway Place, Mandaluyong. This unit has 3 toilets and baths, a balcony, and a floor area of 14.59 SQM, priced at Php 12,653,100.",
2BR CONDOMINIUM FOR SALE IN AVIDA TOWERS SAN LORENZO,"PHP 10,237,500","Chino Roces Avenue, Brgy Pio del Pilar, Makati",2 Bedrooms,
PASEO HEIGHTS,"PHP 7,900,000","Leviste St., Salcedo Village Makati City",Studio,
SEAVIEW CRESCENT BEACH,"PHP 86,000,000",23 Peninsula Road,vacant lot,
"3BR IN PARK WEST, BGC","PHP 22,000,000","Park West, 7th Ave. cor. 36th St., BGC, Taguig",3BR corner unit,
"1 BEDROOM FOR SALE IN SEA RESIDENCES CONDOMINIUM BLDG D, PASAY","PHP 4,560,000","Pearl Drive Cor Sunrise Drive, Pasay, 1300 Metro Manila",1BR,
"135-SQM RESIDENTIAL LOT FOR SALE IN PROJECT 8, QUEZON CITY","73,000","Hereford St., Project 8, Quezon City",Residential lot for sale,
PROPERTY FOR SALE IN MANDALUYONG WITH STRUCTURE,"PHP 140,000,000","North Sikap Corner Buenviaje, Mandalyong City",Residential Lot With Warehouse Structure,
"3BR HOUSE AND LOT FOR SALE IN AYALA ALABANG, MUNTINLUPA","PHP 270,000,000",Muntinlupa,"An unfurnished 3 bedroom house and lot for sale in Ayala Alabang, Muntinlupa, with a lot area of 958 SQM and a floor area of 915.04 SQM, priced at Php 270,000,000. This property has 3 toilets and bath, balcony, service kitchen, swimming pool, with garden, maid’s room. with service entrance. 1 den with a toilet and bath, maid and driver’s room with toilet and bath, swimming pool with toilet and bath, and solar heater for water.",
"HOUSE & LOT FOR SALE IN BF HOMES, PARANAQUE","PHP 20,000,000","18 Pilar Banzon, BF Homes Paranaque City","18 Pilar Banzon Lot area 322 sqm Floor area 232 Bungalow 3 Bedroom 2 T&B Maids room Storage room 20,000,000 Php Gross Selling Incl CGT & 3% Broker fee 62,112 Php/sqm",
"2BR CONDOMINIUM FOR SALE IN THREE CENTRAL, MAKATI","PHP 16,800,000",Valero St. Salcedo Village,2 bedrooms with 3 toilet & bath and 1 parking slot,
TAFT AVENUE PROPERTY,"PHP 966,654,000","Taft Avenue, Malate, Manila",Land with Building on Taft Ave.,
"STUDIO FOR SALE IN THE LERATO TOWER 1, MAKATI","PHP 5,900,000","7232 Malugay, Brgy, Makati, Kalakhang Maynila",Studio,
"2 BEDROOMS WITH BALCONY FOR SALE IN THE RISE, MAKATI","PHP 15,100,000","7248 Malugay, Makati, 1203 Kalakhang Maynila",2BR with balcony,
"1 BEDROOM FOR SALE IN JAZZ RESIDENCES TOWER B, MAKATI","PHP 4,825,800","Jupiter St., cor. N. Garcia St., Bel-Air Village, Makati City",1BR,
STA. MARIA BULACAN RESORT FOR SALE,"PHP 14,932,127","Brgy. Bulac, Sta. Maria Bulacan","1,500 sqm. Resort",
"1 BEDROOM WITH PARKING FOR SALE IN SEA RESIDENCES CONDOMINIUM BLDG D, PASAY","PHP 5,760,000","Pearl Drive Cor Sunrise Drive, Pasay, 1300 Metro Manila",1BR with parking,
"1BR CONDOMINIUM FOR SALE IN THE RESIDENCES AT GREENBELT, MAKATI","PHP 22,000,000","Paseo de Roxas, Makati",1 Bedroom,
"HOUSE & LOT FOR SALE IN AMORE AT PORTOFINO PHASE 2, DAANG REYNA, LAS PIÑAS","PHP 31,000,000","Daang Reyna, Las Piñas",House & Lot,
"2BR CONDOMINIUM FOR SALE IN ILLUMINA RESIDENCES MANILA, MANILA","PHP 6,000,000",Manila,"An unfurnished 2 bedroom condominium unit for sale in Illumina Residences Manila, Manila with a floor area of 70.5 SQM priced at Php 5,000,000.",
THE PEAK TOWER - 9TH FLOOR,"PHP 124,600,000","107 L.P. Leviste Street, Makati, 1227 Metro Manila",The Peak Tower - 9th Floor,
"1BR UNIT IN SHANG SALCEDO PLACE, SALCEDO VILLAGE, MAKATI CITY","PHP 16,800,000","SEN. GIL J. PUYAT AVENUE, CORNER TORDESILLAS AND H.V Dela Costa, Makati City",1 Bedroom,
