id,lat,lon,amenity_type,amenity
2126257880,10.3313114,123.8979719,marketplace,Unnamed grocery
3182113257,10.3318902,123.8989382,marketplace,Lahug Market
4617877692,10.3007358,123.9805427,marketplace,Pajac Wet Market
5581833955,10.3961012,123.9222796,marketplace,Pit-os Public Market
5846393438,10.28971,123.8740805,marketplace,Tabada Public Market
7244388167,10.2868775,123.968978,marketplace,Unnamed grocery
7401965134,10.350546,123.9247314,marketplace,Cabancalan Mini Market
7409755885,10.2949359,123.8691384,marketplace,Punta Princesa Public Market
7416565885,10.3861683,123.9213462,marketplace,Bacayan Public Market
7637096586,10.3557324,123.9502065,marketplace,Basak Tyangi
10892465897,10.3117865,123.9085388,marketplace,Unnamed grocery
11817509751,10.321997,123.9060321,marketplace,Public Market Barangay Luz
12743913327,10.34959,123.9251154,marketplace,Inse Loling's Market
47870461,10.3108589,123.9503086,marketplace,Lapu-Lapu City Public Market
207704673,10.3159047,123.8852419,marketplace,Banawa Public Market
241568591,10.2917163,123.899841,marketplace,Carbon Unit 3 Public Market
282040498,10.3045675,123.8992822,marketplace,F. Ramos Public Market
308237871,10.2794988,123.8557098,marketplace,Pardo Public Market
335725378,10.2912434,123.8980233,marketplace,Carbon Unit 1 Public Market
335725779,10.2914802,123.8989673,marketplace,Carbon Interim Public Market
355848025,10.360436,123.9158652,marketplace,Cabancalan Test Market
355848026,10.3600389,123.9159366,marketplace,Cabancalan Market
402324001,10.263398,123.838473,marketplace,Talisay City Public Market
420187149,10.289665,123.8914401,marketplace,Cebu City Fish Market
472435813,10.2704833,123.8566176,marketplace,Inayawan Public Market
577608098,10.3750833,123.9608193,marketplace,Consolacion Public Market
609537243,10.2914629,123.8919861,marketplace,Pasil Fish Market
855780899,10.3276686,123.9414342,marketplace,Mandaue City Public Market
930834742,10.2633379,123.8386014,marketplace,Talisay City Public Market
1119902685,10.3015293,123.9043482,marketplace,Tiburcio Padilla Public Market
1139295030,10.2417411,123.7984801,marketplace,The Marketplace Minglanilla
1172321959,10.3116626,123.907989,marketplace,Hipodromo Public Market
1208983114,10.368259,123.9329032,marketplace,Unnamed grocery
1284550290,10.318054,123.9148656,marketplace,Unnamed grocery
1354574440,10.3409933,123.9351264,marketplace,JJ Market Place
12658509,10.2955046,123.8911713,marketplace,Tabo-an Public Market
355114441,10.3262532,123.9523026,supermarket,Johann Commercial
369910696,10.2979824,123.8953864,supermarket,Healtea
369910743,10.332877,123.9495527,supermarket,Metro Fresh & Easy
413986507,10.31213,123.950264,supermarket,168 Hypermart
490429596,10.3246806,123.9345302,supermarket,SaveMore
771212795,10.2599363,123.8296974,supermarket,Robinsons Supermarket
1272670847,10.3093385,123.8940836,supermarket,Robinsons Supermarket
1595938801,10.3408718,123.9128729,supermarket,Robinsons Supermarket
1686604490,10.3182032,123.9052072,supermarket,The Marketplace
1909506238,10.3356293,123.93875,supermarket,Unitop Maguikay
2086017043,10.311,123.9521345,supermarket,168
2126256880,10.3303692,123.898246,supermarket,JY Supermarket
2134823185,10.3359703,123.9344114,supermarket,J Centre Mall
2134915601,10.3626679,123.9490407,supermarket,Savemore
2769574024,10.3210795,123.9112453,supermarket,Assi Mart
2830634059,10.2969301,123.8990279,supermarket,Metro Wholesale Mart
2844172101,10.3178999,123.8953005,supermarket,Robinsons EasyMart
2947255510,10.3801729,123.9655006,supermarket,Savemore
3105254991,10.2902442,123.9678502,supermarket,Gaisano Savers Mart
3560252374,10.31686,123.9058414,supermarket,Rustan's Supermarket
3591257071,10.3666441,123.9136128,supermarket,Gaisano Grand Mall Talamban
3591340405,10.3396607,123.9106666,supermarket,Gaisano
4043132000,10.266767,123.8430413,supermarket,Robinsons Supermarket
4047221705,10.3504218,123.9484124,supermarket,SM supermaket
4063026765,10.2646479,123.8406111,supermarket,Happy Mart
4173736304,10.2572311,123.8591856,supermarket,Gaisano Capital SRP
4347773292,10.3454018,123.9309033,supermarket,Gaisano Capital Casuntingan
4404045290,10.2818791,123.8798232,supermarket,Savemore Seaside City
4546578389,10.3748425,123.9597549,supermarket,SM Savemore
4572587311,10.310479,123.9496388,supermarket,PC Mactan
4631928089,10.3252323,123.9173915,supermarket,Fooda Saversmart
4631974292,10.3407767,123.9483658,supermarket,Metro Supermarket
4648425092,10.3267059,123.9758383,supermarket,Robinsons Supermarket
4665562390,10.3131603,123.955997,supermarket,Metro
4741660205,10.3358058,123.9339704,supermarket,SM Hypermarket
4884650721,10.2498471,123.8310092,supermarket,Zabeth's Store
4937096900,10.3046838,123.8787931,supermarket,Nofrills
4970176984,10.3637408,123.8260041,supermarket,RA Enterprises
5047595224,10.3695268,123.9183265,supermarket,Robinsons Supermarket
5354790522,10.2779625,123.853956,supermarket,Wellcome Supermarket
5744866021,10.3268685,123.9437088,supermarket,Unnamed grocery
5905595662,10.3263767,123.917776,supermarket,Robinsons Easymart
6186084402,10.3076554,123.9043637,supermarket,Lorega San Miguel Public Market
6791984023,10.3046651,123.8925418,supermarket,Fresh Mart
6994221677,10.3128875,123.8945143,supermarket,Robinsons Supermarket
7103844002,10.2866383,123.9706706,supermarket,Gaisano Grand Mall Supermarket
7111851104,10.3165685,123.9632001,supermarket,Unnamed grocery
7140626602,10.3077824,124.0131151,supermarket,Robinson's Easy Mart
7229485487,10.2608259,123.8384827,supermarket,Shopwell
7229485490,10.312406,123.951346,supermarket,Sosyo Supermart
7273839444,10.3301785,123.9072908,supermarket,Metro Supermarket
7350241986,10.2414662,123.7973727,supermarket,Longwin General Merchandise
7354112985,10.2909345,123.8818656,supermarket,Henyo's pizza stall
7375837076,10.3837615,123.9212708,supermarket,Bacayan Savers Mart
7409770785,10.2996821,123.8696896,supermarket,Gaisano Supermarket
7788525485,10.2962624,123.9838998,supermarket,Savemore
8078500118,10.2452799,123.7944778,supermarket,Metro Fresh and Easy
8082904718,10.2476013,123.8003302,supermarket,Robinsons Supermarket
8082916632,10.256065,123.8132065,supermarket,Noy Tilano Market
8103161517,10.3173947,123.9037965,supermarket,Metro Gaisano Supermarket
8285894417,10.2670179,123.8438748,supermarket,Robinsons Supermarket
8696673058,10.2961116,123.8984053,supermarket,Metro Supermarket
9273632211,10.2904635,123.9647777,supermarket,Baker's Alley Lapu-Lapu City
9455623117,10.3203994,123.9098104,supermarket,Landers Superstore Cebu Membership Shopping
9547075717,10.2905737,123.9472615,supermarket,GM Store
10227828717,10.2586167,123.8176059,supermarket,Puregold
10300105110,10.3116757,123.8984543,supermarket,Puregold
10300105209,10.3727465,123.9549396,supermarket,Puregold
10587614161,10.3899148,123.9506197,supermarket,Bitoon Store
10632535636,10.2593295,123.8231456,supermarket,All Day Supermarket
10786693513,10.2901186,123.9905941,supermarket,Go Mart Express
10847817169,10.2994795,123.9620507,supermarket,Gaisano Grand Mall Supermarket
10933616423,10.3064506,124.0092216,supermarket,H Mart Asian Grocery
11011206870,10.296017,123.9649975,supermarket,merrymart
11011288101,10.296242,123.9652207,supermarket,merrymart
11919178111,10.3094467,123.9138218,supermarket,G-Market
12385754501,10.2550739,123.8224022,supermarket,Colonnade Supermarket
12470916101,10.325839,123.9760301,supermarket,Robinsons Supermarket
12548924926,10.3456164,123.9096658,supermarket,Market Square
12825447186,10.3237879,123.9058746,supermarket,KingSavers Mart
13206157396,10.3425133,123.9189084,supermarket,The MarketPlace
13334781901,10.3124887,123.8947931,supermarket,Robinsons Supermarket
13542482027,10.3414875,123.9189875,supermarket,CDO Foodstore
13545205001,10.3355578,123.9327919,supermarket,K Mart 24 - Korean Grocery
13573099001,10.3078823,124.0095878,supermarket,Metro Supermarket
13619404172,10.3434665,123.9145736,supermarket,Meet at Fresh HMART
85131922,10.3147966,123.9245746,supermarket,SM HyperMarket
134726470,10.3258124,123.9775085,supermarket,Savemore Mactan
155941636,10.2950264,123.8695302,supermarket,Tita Gwapa Supertinda
179733892,10.3236258,123.8840282,supermarket,Fooda Saversmart
230293127,10.3116804,123.8984603,supermarket,Puregold
231880062,10.3061597,123.9137511,supermarket,Prince WareHouse Club
231977418,10.2969024,123.9001494,supermarket,Colonnade Supermarket
242565003,10.2921128,123.9024601,supermarket,La Nueva Supermarket
249316211,10.2928319,123.9036109,supermarket,Lucky 7 Supermart
286883955,10.2903718,123.8702336,supermarket,Super Metro
299410005,10.3019171,123.9628598,supermarket,Robinsons Supermarket
312176906,10.3105383,123.9522545,supermarket,La Nueva
363758988,10.2448166,123.795081,supermarket,La Nueva Supermart
459313361,10.3317077,123.9468591,supermarket,Prince Warehouse Club
459313368,10.326718,123.9408504,supermarket,Colonnade Supermarket Mandaue
527926392,10.2763729,123.8574724,supermarket,Gaisano Saversmart Inayawan
539902014,10.3096851,123.8745524,supermarket,Metro Supermarket
582151846,10.3399395,123.9244401,supermarket,Metro Supermarket
600478138,10.2932351,123.9036304,supermarket,Lucky 7 Supermarket
614517540,10.3020542,123.9033902,supermarket,Gaisano Savemart
615950129,10.3207168,123.9095798,supermarket,Landers Superstore Cebu
624768675,10.2890821,123.8710523,supermarket,Shopwise
626778762,10.3664303,123.9341967,supermarket,San Rose Market
665214352,10.290149,123.9678885,supermarket,Gaisano Savers Mart
746561572,10.3004992,123.9633509,supermarket,SM Hypermart
888546468,10.2845687,123.9657061,supermarket,Shopwise Express
891261296,10.3352946,123.938929,supermarket,Savemore Market
933315848,10.3267254,123.9408445,supermarket,Colonade Supermarket
1174906481,10.3131955,123.9552357,supermarket,Super Metro
1174906482,10.3680021,123.9318882,supermarket,Metro Supermarket Canduman
1267684300,10.3112533,123.8763689,supermarket,The Marketplace
1426041571,10.2415171,123.7992607,supermarket,O!Save Supermarket Philippines
413986522,10.3167191,123.9339478,mall,Boardwalk Plaza
679207388,10.3357868,123.9507157,mall,BR Town Square
1508435161,10.3302827,123.8986009,mall,Jy Square Centre
8936233717,10.2972477,123.8994678,mall,Iconique Mall
9716924881,10.2980301,123.8944209,mall,CityMall Bacalso
11468705743,10.2664299,123.8778053,mall,Il Corso
12303142198,10.3295885,123.9479434,mall,Springwood District
29261597,10.3116298,123.9181416,mall,SM City Cebu
29261598,10.3180958,123.9051572,mall,Ayala Center Cebu
47026589,10.2864546,123.9702288,mall,Gaisano Grand Mall Mactan
72373053,10.3404955,123.9483273,mall,Pacific Mall Mandaue
84086337,10.3136321,123.9171549,mall,APM Mall
93839848,10.3396423,123.9105445,mall,Gaisano Country Mall
97924558,10.3248873,123.9339112,mall,Parkmall
129602061,10.3093144,123.8940659,mall,Robinsons Fuente
129602063,10.3104349,123.8919399,mall,Robinsons Cybergate Cebu
131051173,10.2654121,123.8423289,mall,Gaisano Grand Fiesta Mall
132902333,10.3409129,123.9125801,mall,Banilad Town Center
146342874,10.3729385,123.9549543,mall,Fooda
155744081,10.3100682,123.8959591,mall,Two Mango
155744082,10.3102012,123.8964482,mall,One Mango
155748229,10.3284146,123.9058194,mall,The Walk
155930841,10.2995971,123.8693354,mall,Gaisano Capital Tisa
156416254,10.3307099,123.9074101,mall,Ayala Malls Central Bloc
181595819,10.3357854,123.9343911,mall,SM City JMall
189316203,10.3625507,123.9488529,mall,Save More Canduman
202730464,10.3095603,123.8953402,mall,Raintree Mall
207704676,10.3150859,123.8845037,mall,One Pavillion Mall
209950119,10.3663253,123.9135162,mall,Gaisano Grand Mall Talamban
231880189,10.3091986,123.9135276,mall,GMall of Cebu
265536981,10.3141755,123.9179295,mall,APM Mall
283299163,10.3086987,123.8898399,mall,City Soho Mall
286775838,10.3281592,123.9096052,mall,Unnamed grocery
290891194,10.3265595,123.933013,mall,City Time Square
290891578,10.3320173,123.9359192,mall,North Atrium
299455146,10.3168003,123.963137,mall,Gaisano Island Mall Mactan
350541643,10.3745417,123.9594912,mall,City Mall Consolacion
363759076,10.2446479,123.7958333,mall,Novo Minglanilla
363832814,10.244078,123.792917,mall,Gaisano Grand Mall Minglanilla
375611654,10.304175,123.9109927,mall,Robinsons Galleria Cebu
421272562,10.258532,123.8177,mall,South Coast Centre
421272894,10.2591033,123.8234163,mall,Starmall Talisay
426086151,10.3128627,123.8924749,mall,Coco Mall
430918361,10.3501896,123.9483964,mall,Insular Square Mall
459313377,10.3286798,123.9423885,mall,Gaisano Grand Mall Mandaue
539905149,10.3117408,123.9185159,mall,SM City Cebu
611225002,10.2918952,123.879912,mall,Gaisano Grand Jai-alai
628222573,10.3693689,123.918471,mall,Times Square Talamban
638937631,10.2831742,123.993275,mall,Shangs Island Town Center
821829490,10.3357267,123.9343975,mall,SM City JMall
854392349,10.2573991,123.8593671,mall,Gaisano Capital SRP
915773039,10.3806352,123.9643282,mall,SM City Consolacion
1083135350,10.2663944,123.8777819,mall,Unnamed grocery
1154403918,10.2962248,123.9838864,mall,Primark Town Center Mactan
1155046471,10.3072984,124.0094712,mall,LG Garden Walk
1166003553,10.299745,123.97855,mall,Unnamed grocery
1166259040,10.2996898,123.9620542,mall,Gaisano Grand Plaza Mactan
1230770153,10.3264529,123.9759124,mall,Island Central
1240005479,10.2986326,123.964073,mall,City Time Square - Mactan
1249721640,10.321973,123.9337478,mall,NorthDrive Mall
1290386970,10.3114524,123.8945906,mall,Unnamed grocery
1290802930,10.3188185,123.9057061,mall,Unnamed grocery
1293810435,10.3305718,123.9068208,mall,Central Bloc
1343412858,10.2966397,123.8995604,mall,Colonnade Mall
1343412861,10.2968511,123.899783,mall,Colonnade Mall
1343412862,10.2965626,123.8999598,mall,Unnamed grocery
1343418431,10.2972725,123.8994385,mall,Iconique Mall
1359032952,10.2661377,123.8780719,mall,Unnamed grocery
1378822097,10.3117516,123.9521157,mall,Longwin
7722019,10.2818369,123.8812404,mall,SM Seaside City Cebu
12664888,10.2974495,123.8956171,mall,One Central Mall
18750208,10.2446491,123.7955612,mall,Mark Mall
19954038,10.3121016,123.9187176,mall,The Northwing at SM City Cebu
355114603,10.3209183,123.9110704,convenience,24 Convenience Store
1558806944,10.263616,123.810343,convenience,Unnamed grocery
1674652490,10.2988852,123.8936809,convenience,7-Eleven
1693110140,10.3253426,123.9076817,convenience,C24
1933215556,10.370845,123.9517968,convenience,Dimas Sari Sari
1933218058,10.3707418,123.9521205,convenience,Yum Yum Sari Sari
2126241901,10.3178224,123.9024954,convenience,7-Eleven
2126255762,10.3290791,123.9020035,convenience,H-Mart
2126288520,10.3300607,123.8985515,convenience,7-Eleven
2126293982,10.3287306,123.9072781,convenience,7-Eleven
2126300695,10.3430731,123.9124067,convenience,7-Eleven
2257824570,10.3352145,123.9341869,convenience,7-Eleven
2257964608,10.3209599,123.9337631,convenience,7-Eleven
2454823509,10.3186737,123.8998476,convenience,Marty Mart
2609207518,10.3178214,123.8189665,convenience,Unnamed grocery
2669659632,10.3486117,123.916686,convenience,Unnamed grocery
2772298662,10.3438003,123.9121725,convenience,Koreana Grocery
2814741790,10.3174677,123.8939283,convenience,7-Eleven
2830634062,10.2967952,123.8989265,convenience,7-Eleven
2843686573,10.317547,123.8957255,convenience,Uncle John's Escario
2857981812,10.3104871,123.8951388,convenience,7-Eleven
2860419707,10.3135348,123.9026526,convenience,Florence Convenience Store
2885402396,10.3113504,123.9009377,convenience,Helpa Store
2887286012,10.3172685,123.9021294,convenience,2Five8
2943143986,10.3323392,123.9065009,convenience,7-Eleven
3105254992,10.2908454,123.9672427,convenience,7-Eleven
3140263634,10.313528,123.8926422,convenience,7-Eleven
3180207257,10.3151244,123.8921001,convenience,Your Convenience Store
3182186029,10.3701414,123.8748734,convenience,Del Mar's Store
3182190142,10.3710991,123.8755278,convenience,KGL Store
3182191066,10.3716664,123.8750397,convenience,Virge Store
3205689565,10.3141116,123.9149609,convenience,Gaisano Mart
3211910121,10.328644,123.9055939,convenience,7-Eleven
3213589061,10.3185102,123.9069729,convenience,7-Eleven
3215235761,10.31729,123.885163,convenience,7-Eleven
3217463561,10.3286937,123.9033766,convenience,7-Eleven
3217487661,10.3089494,123.8910497,convenience,7-Eleven
3219798561,10.3294795,123.8809055,convenience,7-Eleven
3219801002,10.3263308,123.8822897,convenience,Uncle John's
3222022561,10.3158039,123.8901936,convenience,7-Eleven
3388689727,10.3052017,123.8949769,convenience,7-Eleven
3388689728,10.3067262,123.8969752,convenience,7-Eleven
3389180036,10.3076609,123.8956326,convenience,Zalos
3528541442,10.3298096,123.9325352,convenience,7-Eleven
3528542484,10.3603602,123.9155791,convenience,7-Eleven
3545969050,10.3495203,123.9132404,convenience,Uncle John's
3545969795,10.334557,123.9406132,convenience,7-Eleven
3545972064,10.325329,123.9267632,convenience,7-Eleven
3545976931,10.3203644,123.9670625,convenience,7-Eleven
3553476661,10.31428,123.9054698,convenience,7-Eleven
3563070993,10.3082975,123.8939769,convenience,7-Eleven
3564257978,10.2945896,123.897828,convenience,7-Eleven
3570621118,10.3122955,123.9112111,convenience,7-Eleven
3575751664,10.3254724,123.913563,convenience,Merry Mart
3604610251,10.3253147,123.9197692,convenience,7-Eleven
3661404463,10.3109462,123.8925735,convenience,7-Eleven
3733992796,10.333326,123.9070946,convenience,7-Eleven
3777096269,10.3197351,123.9037275,convenience,7-Eleven
3784851448,10.3283256,123.907299,convenience,Quik Stop
3789667620,10.3117172,123.9212327,convenience,7-Eleven
3789691519,10.3764165,123.9587452,convenience,7-Eleven
3796461574,10.3013475,123.9628987,convenience,7-Eleven
3812244326,10.3195438,123.9038156,convenience,Quick Stop
3899433180,10.3166202,123.8875192,convenience,RedHours
4005032652,10.3620447,123.9495495,convenience,7-Eleven
4025131467,10.3765173,123.9595557,convenience,Sukiya Houseware Trading
4047179626,10.2492045,123.8390215,convenience,7-Eleven
4092078775,10.2565694,123.8376964,convenience,Store
4137477448,10.3096202,123.9011182,convenience,7-Eleven
4167397734,10.3304611,123.9002542,convenience,Shell Select
4167423211,10.3455992,123.8933845,convenience,RR&V Sari-sari Store
4167476394,10.3021646,123.8981702,convenience,7-Eleven
4176623593,10.2384836,123.8383471,convenience,Arvin Store
4185827567,10.3310408,123.9367932,convenience,Nook Express
4189296818,10.3301187,123.9428677,convenience,Nery Store
4195029292,10.2948096,123.890548,convenience,7-Eleven
4195049813,10.2980352,123.8848224,convenience,7-Eleven
4195049837,10.2928359,123.8942804,convenience,7-Eleven
4207022905,10.2936015,123.9027903,convenience,7-Eleven
4228652031,10.2930202,123.8972226,convenience,Kerrian's Store
4307045893,10.3138702,123.9306744,convenience,BS Store
4450941628,10.2977621,123.9010265,convenience,7-Eleven
4462666089,10.2434714,123.8394603,convenience,Basalo Store
4552061608,10.3492513,123.9490613,convenience,Shell Select
4583428389,10.3162364,123.9789813,convenience,Unnamed grocery
4622721289,10.2969874,123.9043828,convenience,7-Eleven
4644092591,10.3049262,123.9089207,convenience,7-Eleven
4644285189,10.3345893,123.9385356,convenience,7-Eleven
4664675291,10.29145,123.8797864,convenience,7-Eleven
4664689392,10.2914174,123.8797754,convenience,7-Eleven
4664860490,10.2958846,123.8697554,convenience,7-Eleven
4664882589,10.2939655,123.881512,convenience,7-Eleven
4664882889,10.3015164,123.8707601,convenience,7-Eleven
4690458292,10.2463183,123.8204568,convenience,Unnamed grocery
4690458293,10.245902,123.824558,convenience,Edwina Store
4690463994,10.2453107,123.8243573,convenience,Unnamed grocery
4690467994,10.2384461,123.8240403,convenience,Unnamed grocery
4690483692,10.2424685,123.8240398,convenience,Rein Store
4690483693,10.2506139,123.8343265,convenience,Geraldez Marketing
4690486692,10.2520546,123.8303863,convenience,Perleen Store
4708436293,10.2746383,123.9752842,convenience,7-Eleven
4708436297,10.2766662,123.9745182,convenience,Metro Value Mart
4716616992,10.3114744,123.9219524,convenience,Bonjour
4741654811,10.3268994,123.9432528,convenience,7-Eleven
4746779321,10.256772,123.838365,convenience,Unnamed grocery
4752200523,10.2369255,123.8336739,convenience,12pcs
4801461322,10.3749606,123.9600012,convenience,7-Eleven
4827789821,10.2647099,123.8430764,convenience,Eatery & Sari-sari store
4842059621,10.3800277,123.9661871,convenience,7-Eleven
4852824621,10.3499543,123.9560022,convenience,Unnamed grocery
4875466285,10.326361,123.9330969,convenience,Unnamed grocery
4929945209,10.3249004,123.9065186,convenience,Route Stop
4942416325,10.3161234,123.9784526,convenience,7-Eleven
4945248621,10.3236009,123.9321059,convenience,7-Eleven
4993878521,10.3155768,123.8947918,convenience,Zipp Mart
5015704821,10.2838759,123.9943763,convenience,Cuk Cuk
5015711025,10.2841427,123.9946452,convenience,Korean Mart
5104431923,10.3046525,123.9121846,convenience,7-Eleven
5161826522,10.3150665,123.8922775,convenience,Angel's Burger
5217380533,10.352146,123.914118,convenience,7-Eleven
5261325691,10.3508249,123.9132795,convenience,Assi Mart
5274423408,10.3418014,123.9203261,convenience,7-Eleven
5281338485,10.3473446,123.9146367,convenience,PesoStore
5354783322,10.2787888,123.8547369,convenience,7-Eleven
5371521975,10.3210737,123.8992008,convenience,7-Eleven
5425891522,10.3257814,123.9522086,convenience,7-Eleven
5440124464,10.3128452,123.9054131,convenience,7-Eleven
5479212020,10.314622,124.0015615,convenience,Kai Convenience Store
5482108438,10.3296691,123.897921,convenience,7-Eleven
5485695521,10.3656194,123.8283309,convenience,Arnel's Store
5489951222,10.3257773,123.9760006,convenience,7-Eleven
5491239048,10.3106618,124.0137627,convenience,7-Eleven
5519789923,10.2994605,123.889159,convenience,7-Eleven
5537237404,10.3098801,123.9919347,convenience,7-Eleven
5537245968,10.3071935,123.9094944,convenience,Roldan Store
5537245974,10.30727,123.9093898,convenience,Paul Store
5539813956,10.2512459,123.8480949,convenience,Snack Hub
5539815805,10.2518095,123.8474798,convenience,Unnamed grocery
5539834436,10.2518835,123.860298,convenience,7-Eleven
5539836787,10.2521963,123.8602403,convenience,DIY
5582264096,10.259082,123.8269956,convenience,7-Eleven
5625905950,10.3000902,123.8993383,convenience,7-Eleven
5637460219,10.3374336,123.9301654,convenience,Hongda Supermarket
5640007453,10.3283052,123.9040698,convenience,Uncle John's
5657571121,10.2986576,123.907163,convenience,Sheila's mini mart
5667044891,10.3022265,123.9063356,convenience,7-Eleven
5668239949,10.3233744,124.0351114,convenience,Ging-Ging Store
5668480973,10.253497,123.8610943,convenience,Diane Sari-sari store
5668744322,10.3432953,123.9121008,convenience,Machiya Mart
5671904771,10.3125663,123.8950221,convenience,Contact Point
5748451997,10.2969941,123.8883372,convenience,7-Eleven
5788984962,10.2545331,123.8582098,convenience,Jumbo
5788985655,10.2511796,123.849581,convenience,Select
5793438456,10.3127888,123.9763155,convenience,Whs Smith
5828588189,10.3261325,123.9759713,convenience,Unnamed grocery
5846373349,10.2863593,123.8706487,convenience,Tin-tin and Linzanmel Store
5856614940,10.3135801,123.8803755,convenience,7-Eleven
5902143390,10.2996355,123.9784075,convenience,7-Eleven
5906751187,10.2906155,123.8693958,convenience,Alynn's Store
5908153186,10.3079085,124.0148405,convenience,7-Eleven
5908159586,10.3078551,124.0118067,convenience,7-Eleven
5984272640,10.3122659,123.8775945,convenience,Shell Select
5984272784,10.3122631,123.8779407,convenience,Lucky Ace
5994704605,10.3366523,123.8425994,convenience,Pamutan Bagsakan Center
6043557321,10.3728341,123.8736084,convenience,Timmy Store
6047664085,10.3296966,123.905845,convenience,7-Eleven
6054524197,10.3135494,123.9029584,convenience,Antique's
6170410686,10.2447944,123.8392878,convenience,Ultra Mart
6174649505,10.3261932,123.9333645,convenience,7-Eleven
6320064088,10.3093225,123.8375362,convenience,Sari Sari Store
6374338161,10.3208876,123.9217308,convenience,7-Eleven
6387212787,10.3382549,123.9048858,convenience,7-Eleven
6401766035,10.3336939,123.8953292,convenience,7-Eleven
6471975985,10.2928039,123.9037569,convenience,7-Eleven
6780418286,10.316844,123.9689763,convenience,Unnamed grocery
6907621615,10.2957812,123.9014688,convenience,Glenn Grocery Mart
6907675812,10.2960777,123.9039834,convenience,7-Eleven
6914765107,10.293649,123.907,convenience,7-Eleven
6923900245,10.2676895,123.8561356,convenience,Ben 11
6988723665,10.3188079,123.995122,convenience,Unnamed grocery
7044794936,10.3107143,123.8974361,convenience,7-Eleven
7130262284,10.3150955,123.8833452,convenience,7-Eleven
7229485488,10.3729252,123.9179683,convenience,C247 Convenience Store
7229485489,10.3104175,124.008,convenience,Hytm Mart
7229485586,10.3689335,123.9282116,convenience,ZION CENTRALE CONVENIENCE STORE
7229485587,10.3241881,123.9237779,convenience,EZ7 MART
7229485589,10.2805105,123.8550704,convenience,Mac Convenience
7229485685,10.3715661,123.9173877,convenience,Towerville Convenience Store
7229485686,10.3225284,123.9136357,convenience,Oki-oki
7234860956,10.2981734,123.963926,convenience,7-Eleven
7260034935,10.3398405,123.9249231,convenience,7-Eleven
7273839443,10.3330383,123.9096246,convenience,7-Eleven
7389867034,10.3471889,123.9279492,convenience,7-Eleven
7409694386,10.3013038,123.8781076,convenience,7-Eleven
7409741985,10.3101838,123.8760424,convenience,7-Eleven
7416575585,10.3858755,123.9213948,convenience,7-Eleven
7687873786,10.3032044,123.790381,convenience,Kanluntaw Store
7687873787,10.3142752,123.7927852,convenience,Agnes Store
8068799787,10.3048351,123.909686,convenience,7-Eleven
8332752962,10.25362,123.8085489,convenience,Pao Pao Store
8349554893,10.300595,123.8738252,convenience,Banjo's Online Shop
8398752253,10.333776,123.9448102,convenience,7-Eleven
8421926424,10.325144,123.9390784,convenience,Unnamed grocery
8479337747,10.3091171,123.8375215,convenience,Sari Sari Store
8558814711,10.3278154,123.9509367,convenience,Shell Select
8562702063,10.2602742,123.8696334,convenience,Manayon Store
8666252364,10.3375289,123.9240593,convenience,Unnamed grocery
8696556336,10.3055088,123.8997496,convenience,7-Eleven
8699777992,10.2986952,123.8981438,convenience,7-Eleven
8700212159,10.3002489,123.8991818,convenience,7-Eleven
8700236840,10.3071187,123.906476,convenience,Workplace
8921534234,10.297981,123.8980663,convenience,Takera’s Convenience Store
9006611297,10.4179879,123.9154651,convenience,Huruta Store
9178011260,10.4000184,123.8717812,convenience,Unnamed grocery
9326127134,10.30332,123.9558768,convenience,7-Eleven
9461925617,10.2939112,123.8967944,convenience,Injoy Negosyo ng Bayan
9684240783,10.3174405,123.9026431,convenience,7-Eleven
9684287921,10.3164249,123.8979257,convenience,JJJC Sari Sari Store
9725934816,10.3106586,123.8961779,convenience,7-Eleven
9764235646,10.3139535,123.8945336,convenience,Quik Stop
9777987444,10.3081574,123.8955468,convenience,Quickstop
9840901193,10.3139102,123.9134065,convenience,7-Eleven
9840914185,10.312425,123.9102972,convenience,FamilyMart
9849264381,10.2732771,123.8491831,convenience,7-Eleven
9849821014,10.2541023,123.8549544,convenience,Shop
10215978334,10.2604841,123.9824171,convenience,Poppa Banana
10603910513,10.3140846,123.8805207,convenience,Side Store
10681161184,10.3149341,123.9069579,convenience,White Tindahan
10732006635,10.2974309,123.8783486,convenience,Jerrori
10774594325,10.2671909,123.8563875,convenience,7-Eleven
10786480561,10.3199633,123.9017381,convenience,Quik Stop
10786689500,10.2908688,123.9899786,convenience,7-Eleven
10867431080,10.2703039,123.8471818,convenience,Two Sister Store
10895550958,10.3064553,123.8945624,convenience,MerryMart
10901157526,10.2922658,123.8910389,convenience,7-Eleven
10939197952,10.316973,123.9092129,convenience,7-Eleven
10983464705,10.2460062,123.8280091,convenience,7-Eleven
10983464805,10.2423681,123.8476602,convenience,7-Eleven
10983464806,10.2386469,123.8240671,convenience,7-11 Pooc Talisay
11017752924,10.3069828,124.0095403,convenience,7-Eleven
11017829396,10.2846442,123.9695786,convenience,7-Eleven
11068567405,10.2415946,123.7971691,convenience,7-Eleven
11137460998,10.2968309,123.9502959,convenience,easy shop1
11201262445,10.3394703,123.9253722,convenience,Shell Shop
11201593813,10.3677396,123.9331741,convenience,Unnamed grocery
11399608975,10.3713436,123.9243778,convenience,7-Eleven
11468702672,10.3602526,123.9804165,convenience,7-Eleven
11468737369,10.3330069,123.949163,convenience,7-Eleven
11469041171,10.2453128,123.7951659,convenience,7-Eleven
11469041370,10.2477474,123.8009292,convenience,Everyday mart
11469042669,10.2540409,123.8091922,convenience,Enzo's meat marker
11469055969,10.2572406,123.860558,convenience,Shop
11469133770,10.2953204,123.9460399,convenience,Metro market
11472016977,10.3026077,123.9920109,convenience,Carlos store
11472018773,10.3009949,123.9812749,convenience,Vivianne minimart
11472332269,10.2961176,123.9756304,convenience,7-Eleven
11493451569,10.3424201,123.9334512,convenience,7-Eleven
11493497669,10.3444794,123.9121935,convenience,Shell Select
11496700055,10.2959873,123.9461369,convenience,Eats Quickie Time
11763164964,10.3184158,123.8998421,convenience,7-Eleven
11770123772,10.3124676,123.9058203,convenience,Uncle John's CBP
11777649385,10.3740928,123.9550475,convenience,Don 77 Minimart
11840534033,10.3545947,123.9146903,convenience,L&H General Merchendise
11840534041,10.3583434,123.9156573,convenience,Andy Store
11840534050,10.3588466,123.9158061,convenience,Saranghe Mini Mart 24 - Chicken Beer
11870820322,10.3215216,123.9046843,convenience,Carmen Store
11870840363,10.3229097,123.9055668,convenience,Juliet General Marchendise
11878641192,10.3491079,123.9131768,convenience,7-Eleven
11878641193,10.3492528,123.9132229,convenience,Unnamed grocery
11880181171,10.3338934,123.9105262,convenience,Merly
11880181174,10.3341227,123.9105802,convenience,Unnamed grocery
11880181181,10.3350456,123.9107388,convenience,Scarlet Store
11880181184,10.3352392,123.9107723,convenience,Unnamed grocery
11880181252,10.3380678,123.9112759,restaurant,J&M Minimart and Eatery
11917031843,10.3243313,123.9150828,convenience,7-Eleven
11987419959,10.3390236,123.9363551,convenience,Morning Mart Philippines
12179915233,10.359153,123.9154627,convenience,Unnamed grocery
12185353265,10.2394737,123.792289,convenience,7-Eleven
12283233375,10.300605,123.8742107,convenience,AYP Water Technology
12412028270,10.273914,123.8486289,convenience,K and J Store
12463222303,10.3100821,123.95386,convenience,7-Eleven
12463289801,10.3011389,123.9942413,convenience,7-Eleven
12465279601,10.3126499,123.956384,convenience,7-Eleven
12466064601,10.3089717,123.9956832,convenience,Kate & Kita store
12468807103,10.3180975,123.8955792,convenience,Robinson easymart
12470912701,10.3177194,123.9632839,convenience,7-Eleven
12517713220,10.3440925,123.9316157,convenience,Daddy's Angel Store
12517713256,10.3448663,123.9308761,convenience,Unnamed grocery
12517713263,10.3451387,123.9306045,convenience,Unnamed grocery
12517713330,10.3461938,123.9296282,convenience,Nooda Mart
12517713331,10.3462156,123.9295957,convenience,C-Let General Merchandise
12520036535,10.3362204,123.9382205,convenience,Tebow Store
12522204005,10.3550584,123.9208084,convenience,Unnamed grocery
12522204075,10.3602721,123.9159986,convenience,Lerk's Store
12522256752,10.3540709,123.9217204,convenience,Titing Lanshanan
12525724707,10.3482674,123.9266282,convenience,Cris Sari-sari Store
12525724725,10.3484225,123.9264826,convenience,Two A's Saduban Mini Mart
12525724792,10.3492988,123.9257095,convenience,738 Tienda
12525724860,10.3500069,123.9251187,convenience,Nenz Store
12525724898,10.3506057,123.9246346,convenience,Armelle Store
12525725149,10.3537266,123.9220691,convenience,Unnamed grocery
12528688167,10.3463762,123.9297409,convenience,Tendahan ni Benyang
12528699619,10.3465141,123.9295484,convenience,Noyvic Sari-Sari Store
12528699620,10.3465299,123.9295216,convenience,Rich B Store
12528699664,10.3468934,123.9289483,convenience,Unnamed grocery
12528699665,10.3468762,123.9289905,convenience,Santi Liam Store
12528699738,10.3473294,123.92822,convenience,Unnamed grocery
12535636211,10.34,123.9358757,convenience,Elve's Store
12535636400,10.3414611,123.9343636,convenience,Mira Store
12535636443,10.3418398,123.9339915,convenience,Allin Store
12535636476,10.3419196,123.9339184,convenience,Marlyn Store
12547934605,10.3116137,123.9607093,convenience,Renee Convenience Store
12547934621,10.3088223,123.9612104,convenience,Shell Select
12606253238,10.2558336,123.8126368,convenience,Shell Select
12608720334,10.2853623,123.8608238,convenience,Shell Shop
12704871334,10.2515975,123.8541,convenience,7-Eleven
12704882143,10.2900912,123.8748031,convenience,7-Eleven
12728085766,10.3583711,123.9169513,convenience,Lensky Store
12735881156,10.3539295,123.9215357,convenience,4CJ Store
12735881159,10.35417,123.9213564,convenience,Golden Sales Minimart
12735881161,10.3542236,123.9212645,convenience,D&G mini-mart Walk In Store
12735881175,10.3544361,123.9210989,convenience,Rexivan Store
12735886546,10.3571062,123.9190412,convenience,Kurbada Minimart
12735886548,10.3572289,123.9189379,convenience,Maelanie Convenience Store
12735886549,10.3572434,123.9189175,convenience,Divina's Store
12735886553,10.3572876,123.9188705,convenience,Juvi Store
12735886554,10.3573018,123.9188474,convenience,Emelyn Shop
12735886602,10.3575093,123.9183653,convenience,Unnamed grocery
12735886603,10.3575251,123.91832,convenience,Unnamed grocery
12743913376,10.3505155,123.9244616,convenience,Violet Convenience Store
12743913383,10.3508889,123.9241806,convenience,Reg Store
12743939309,10.3519093,123.9233445,convenience,Unnamed grocery
12747133993,10.3482905,123.9263391,convenience,J&S Store
12747135204,10.3489235,123.9257759,convenience,Tres Marias Store
12747135205,10.3489495,123.9257544,convenience,Unnamed grocery
12747135214,10.3493364,123.9254476,convenience,J5 Sari Sari Store
12747135215,10.3495735,123.9251915,convenience,Unnamed grocery
12762802224,10.3110881,123.9487805,convenience,Christopher Store
12764571375,10.3127154,123.9541514,convenience,Bragat's Store
12764577278,10.3145052,123.9512955,convenience,PJJ Store
12767866016,10.3136671,123.9509195,convenience,Matutinao Store
12768454940,10.3144856,123.9512476,convenience,Liza Store
12771234512,10.3034155,123.911937,convenience,Quik Stop
12835675901,10.2968593,123.9044,convenience,Mahusay Store
12835677501,10.2967569,123.904325,convenience,Bell B Store
12835840001,10.2991633,123.9026087,convenience,Kizziah Store
12835840101,10.2989767,123.9020369,convenience,Kizziah Store 2
12836181101,10.2972409,123.9040869,convenience,Hanzo Jam
12840674802,10.3256056,123.9772229,convenience,7-Eleven
12841030701,10.3341934,123.9495742,convenience,Shell select
12841030902,10.3232301,123.933523,convenience,Unnamed grocery
12841031102,10.3241926,123.9234646,convenience,Unnamed grocery
12841036101,10.3248746,123.9154663,convenience,Shell shop
12848324101,10.2970129,123.9042983,convenience,Jap-jap Store
12856930101,10.3071686,123.8945671,convenience,KZ
12900667201,10.3077256,123.8974598,convenience,7-Eleven
12944400202,10.3356999,123.8705862,convenience,Merose
12944409501,10.3359692,123.8716311,convenience,Unnamed grocery
12944409601,10.3348478,123.8728536,convenience,Unnamed grocery
12944423902,10.3326491,123.8731329,convenience,Unnamed grocery
12944424004,10.3338053,123.8726679,convenience,Unnamed grocery
12944434901,10.3315896,123.8743855,convenience,Unnamed grocery
12944435001,10.3310245,123.8766288,convenience,Unnamed grocery
12960441301,10.3049959,123.8989059,convenience,Unnamed grocery
12963851601,10.3052513,123.8999442,convenience,Unnamed grocery
12963903136,10.3055484,123.8977664,convenience,Unnamed grocery
12985589301,10.2978207,123.8905895,convenience,7-Eleven
12985625803,10.2978207,123.8905895,convenience,7eleven
12987197602,10.303107,123.8988665,convenience,Nice Juan
13019935503,10.3796702,123.9663845,convenience,Shell Shop
13030943674,10.3004445,123.8747703,convenience,Shell Shop
13033129329,10.3082112,123.8872681,convenience,FamilyMart
13033345056,10.3157749,123.8841735,convenience,Unnamed grocery
13040587145,10.2637773,123.8413373,convenience,7-Eleven
13044377188,10.3024907,123.9108635,convenience,Shell Select
13047759211,10.317954,123.911996,convenience,Shell Shop
13047796964,10.338048,123.9050183,convenience,323 Minimart
13049241457,10.3249791,123.9161722,convenience,Shell Select
13062837496,10.3527635,123.9143742,convenience,Shell Select
13062889357,10.3654778,123.939602,convenience,Shell Select
13064574641,10.3371653,123.94205,convenience,Shell Select
13070338686,10.2838597,123.9945913,convenience,7-Eleven
13076935008,10.3373758,123.9537969,convenience,Shell Select
13092518529,10.3464719,123.9646634,convenience,JanRon Store
13152194806,10.3353592,123.922403,convenience,Unnamed grocery
13188173585,10.3433141,123.9138407,convenience,D'4GIGZ General Merchendise
13251607314,10.3370409,123.9314861,convenience,The Convenience Store
13288275346,10.3130307,123.8934611,convenience,7-Eleven
13288275350,10.3129621,123.8943646,convenience,Uncle John's
13361301498,10.3238961,123.9096024,convenience,Savstop
13362943251,10.31807,123.9018017,convenience,7-Eleven
13363205577,10.2985202,123.9037923,convenience,7-Eleven
13368474366,10.2554829,124.0547692,convenience,Mary Jane Store
13533575701,10.3052799,123.9537512,convenience,MyeongDong HMart
103623504,10.3171646,123.9296087,convenience,7-Eleven
128274765,10.2362482,123.8339355,convenience,Unnamed grocery
245656774,10.336785,123.9424709,convenience,7-Eleven
282866444,10.3129534,123.8958984,convenience,7-Eleven
282881380,10.3161378,123.9014617,convenience,JDL Quickshop
389748091,10.3366369,123.8424361,convenience,Nong Ime Store & Eatery
404024241,10.2489714,123.8393674,convenience,Gaisano Mart
437711366,10.3020061,123.8952151,convenience,7-Eleven
458025643,10.3466836,123.9484677,convenience,7-Eleven
473464824,10.2579744,123.8690907,convenience,Shell Select
473464858,10.257744,123.869244,fuel,Shell SRP
492901021,10.2388912,123.8428672,convenience,Quilaton Store
506862423,10.239672,123.8436932,convenience,Apron Store
506862430,10.2395337,123.8434577,convenience,Cabanig Store
508559088,10.2406217,123.8448103,convenience,4M and J store
508559089,10.2406552,123.8446598,convenience,Amor and lowell Store
527926393,10.2746335,123.8597006,convenience,7-Eleven
614513896,10.3022343,123.9062857,convenience,Unnamed grocery
624154293,10.2392191,123.779222,convenience,7-Eleven
624948457,10.2880745,123.8636566,convenience,Shell Shop
732272062,10.3693859,123.9178485,convenience,7-Eleven
763030748,10.3366354,123.8426187,convenience,Unnamed grocery
854463863,10.2951687,123.88245,convenience,Shell Select
901498634,10.2422127,123.7853973,convenience,Shell Select
925940645,10.3235772,123.9730888,convenience,Shell
993792305,10.259789,123.8303369,convenience,Shell Select
1189961330,10.3724915,123.9476696,convenience,CCC Yellow Store
1203013786,10.3042381,123.9853267,convenience,GO Mart Express
1237722027,10.2949755,123.9865213,convenience,Robinsons Easymart
1240077416,10.2468894,123.7994362,convenience,Unnamed grocery
1240077424,10.2438408,123.7913698,convenience,Unnamed grocery
1249708828,10.3214755,123.9318468,convenience,Shell Select
1274011623,10.4233602,123.915903,convenience,Unnamed grocery
1285448271,10.3112094,123.9564832,convenience,Unnamed grocery
1328973961,10.3113976,123.9540444,convenience,7-Eleven
1361879131,10.2692073,123.8448796,convenience,Shell Select
1375463027,10.2446167,123.8495019,convenience,Metro Value Mart
1376054064,10.3340246,123.9073185,convenience,7-Eleven
1418864435,10.2518737,123.8458597,convenience,7-Eleven
1420321086,10.2872624,123.9443228,convenience,7-Eleven
1421669118,10.3285179,123.9415148,convenience,Shell Select
1423799085,10.3778446,123.9624841,convenience,Unnamed grocery
1457635795,10.2556911,124.0543865,convenience,Olango Island Convenience Store
