id,lat,lon,amenity_type,amenity,lgu
ChIJFQBMhQycqTMRvqDXfoOMvwg,10.281912,123.8795628,sports_complex,2BR Unit 2426 Sanremo Oasis ARC Home Rentals,Cebu City
ChIJpe8y4X6YqTMRgH-69fFEuXk,10.2903995,123.8928605,sports_complex,AIM Global,Cebu City
ChIJJZ9-XwScqTMRvkfr4KeGF1w,10.2944386,123.8775334,sports_complex,AJC IT Solutions,Cebu City
ChIJoZrlSj2ZqTMRsrgiFxHPO4c,10.3250523,123.9067295,sports_complex,AVENIR,Cebu City
ChIJJSCCJVeZqTMRT0GTX63X8GI,10.3008664,123.8952547,sports_complex,Abellana Sport Complex,Cebu City
ChIJubrVheuYqTMREaZmH4ejafE,10.3317564,123.9106744,sports_complex,Aboitiz Equity Ventures Inc.,Cebu City
ChIJB1NVlEOZqTMRnmWoOsIVN50,10.3094336,123.90375,sports_complex,AllSon's Inn,Cebu City
ChIJKTPLIu-fqTMRqAAQCoPhWkQ,10.308397,123.8479288,park,Amaroo Nature Park Development,Cebu City
ChIJyZp7NgScqTMRG0GoPRH-sx8,10.2924972,123.8788398,sports_complex,Anoba Studio,Cebu City
ChIJ1Q5hehWZqTMRF9fnGweaM8E,10.3172601,123.9091749,park,Anytime Fitness Cebu Business Park,Cebu City
ChIJR21DN9eZqTMRrA_MDKrA4f8,10.3311007,123.9075784,park,Anytime Fitness Cebu I.T. Park,Cebu City
ChIJ7dAHg_-bqTMR1DOiDJdZ0G4,10.296731,123.8863336,sports_complex,Asia Glass Palace,Cebu City
ChIJJ0AnIaieqTMRTfLZtTZ-uWA,10.2814563,123.8641391,sports_complex,"Atlas Shippers International, Inc.",Cebu City
ChIJAX2WEySZqTMRpKoCTNVPBrc,10.3296351,123.9015876,sports_complex,Audiopro Videonics (Cebu Appliance Center),Cebu City
ChIJn8BSWCKZqTMRT4yrKd0YrZc,10.3301641,123.9062966,sports_complex,Author Solutions Philippines Incorporated,Cebu City
ChIJYyMR6iGZqTMRIFuUYYnIVfo,10.3324209,123.9063404,sports_complex,Avida Towers Cebu,Cebu City
ChIJLzwqnDmZqTMR2yO2Q0THCZU,10.3198802,123.8995914,sports_complex,BPI Cebu Lahug Branch,Cebu City
ChIJKdJphP-bqTMRbXI_Fb8kVpk,10.2933798,123.880813,sports_complex,BPI Cebu N. Bacalso Branch,Cebu City
ChIJPaPlpKyZqTMRfXtw0Ex6PdA,10.3181997,123.9015308,park,BagtikSolutions.Co,Cebu City
ChIJg5Lrpf6bqTMR5mA0kip3Zbs,10.294098,123.891073,sports_complex,Banco de Oro,Cebu City
ChIJpxVYIPqbqTMRhsK6LH7eNgg,10.2896675,123.891482,sports_complex,Bantay Dagat Commission - Cebu City Government,Cebu City
ChIJPTWPS_6bqTMRToHjT4WgsQY,10.2967977,123.8887882,sports_complex,Battle of Tres de Abril Marker,Cebu City
ChIJyVZl0T-ZqTMRmwHN1aBb0nI,10.3174183,123.9076066,sports_complex,Bayswater,Cebu City
ChIJn2IM-z6ZqTMRq_sGvc9IeOk,10.3197316,123.9097234,sports_complex,Belo Medical Group - Cebu,Cebu City
ChIJvU7gSQCfqTMRcGK0pfb_IEU,10.3020678,123.8809971,park,"Benrubiom Street, Bliss Housing, Labangon",Cebu City
ChIJzQIgiRCcqTMRqDW45cNsUTI,10.2899885,123.8713193,sports_complex,Bible Study Center,Cebu City
ChIJOS2JlQWcqTMRIn0kP25JyIY,10.2905017,123.8767281,sports_complex,Bio-Plus Repair Center,Cebu City
ChIJyQcxLOObqTMR9ajOFnVO8bQ,10.2949261,123.8974357,park,Borromeo Plaza II,Cebu City
ChIJgzAtRlCZqTMRXkiHTyp3OJo,10.3058529,123.894877,park,Bradford Memorial Church 1913,Cebu City
ChIJAQDQ-VyZqTMREV2hyKsiDyM,10.3038332,123.9046468,sports_complex,Brgy. T. Padilla Sports Complex,Cebu City
ChIJeZUdou-fqTMRjfzOHy-pcyA,10.311976,123.8486112,park,Buhisan Dam View Deck,Cebu City
ChIJZyyexwafqTMRllFsgdjSvNU,10.3103758,123.8470158,park,Buhisan Eco Park,Cebu City
ChIJl3cTgUyfqTMR1JZ81wgICwc,10.3618601,123.8832355,sports_complex,Busay Sports Complex,Cebu City
ChIJTTtaWgCZqTMRmExL0sIjxn8,10.3171878,123.907465,park,CBP Central Park,Cebu City
ChIJ11nUcgucqTMRdrtW-ZNAECs,10.2817588,123.8801458,sports_complex,CHARLES & KEITH,Cebu City
ChIJEXBpwjyZqTMRQP4YaXA4AIA,10.3242591,123.9043212,sports_complex,CITIGYM,Cebu City
ChIJKxKUzy2ZqTMRklrAkX2L0Dw,10.3168062,123.891636,park,Capitol Heritage Park,Cebu City
ChIJkw4YkuSbqTMRj-KNt73Rp_w,10.2914389,123.899131,park,Carbon Market,Cebu City
ChIJLej52U6bqTMRV7SNvuMvuh8,10.2912419,123.8994983,park,Carbon Night Market,Cebu City
ChIJv5ZhiSOZqTMRMwK6sM2ReZ4,10.328883,123.9027555,sports_complex,Cataliya Thai Herb Spa,Cebu City
ChIJN8JF3a2eqTMR_tETFj1j1Xs,10.298553,123.8839653,sports_complex,"Cebu AdConsultants, Inc.",Cebu City
ChIJ2X0DKACZqTMRWLAyrB-wxmk,10.3115465,123.9050119,park,Cebu Business Park,Cebu City
ChIJ_S3NjSWZqTMRBzXT2wwDNEw,10.2926115,123.9021934,sports_complex,Cebu City,Cebu City
ChIJA2SeEgCfqTMRy6hXVWxhdws,10.3372721,123.8850029,park,Cebu City Botanical & Wildlife Center,Cebu City
ChIJnymbkC6bqTMRg5714hrA8KQ,10.2921912,123.8918916,park,Cebu City Children's Park and Playground,Cebu City
ChIJwY0vHOGbqTMRONDE_Nrwbcc,10.2930062,123.9049514,park,Cebu City Goverment - Parks and Playgrounds Commission,Cebu City
ChIJpxVYIPqbqTMRKp6nI4Vep5A,10.2896675,123.891482,sports_complex,Cebu City Goverment - Slum Improvement and Resettlement (SIR),Cebu City
ChIJf4X5EVeZqTMRQ_EpX26alNA,10.3005725,123.8954441,stadium,Cebu City Sports Center,Cebu City
ChIJFyn4UPmbqTMRYqosrolSp84,10.2927319,123.89084,sports_complex,Cebu City Sports Institute,Cebu City
ChIJ-zMFav2bqTMRU0eVmWJL8_0,10.2967879,123.8954955,sports_complex,Cebu Coliseum,Cebu City
ChIJvTvYdACdqTMR0P8I6SJaXi4,10.2795021,123.880588,park,Cebu Fun Park,Cebu City
ChIJDyXRnUaZqTMR49O7Eft5Ujk,10.3113696,123.9027816,sports_complex,Cebu Guest House,Cebu City
ChIJtSnELYSeqTMRQqPG-w9c_70,10.3101781,123.8472905,park,Cebu Hillyland,Cebu City
ChIJrV4M2iGZqTMRhEvoL8U2p0E,10.3315987,123.9076659,park,Cebu I T Park Studio with internet and Netflix,Cebu City
ChIJzQIV3CGZqTMRlWk_9p1F2hQ,10.3298721,123.9081332,park,Cebu IT Park,Cebu City
ChIJS5JJOgadqTMRUJqM5_VlPyo,10.2811506,123.8785948,park,Cebu Ocean Park,Cebu City
ChIJxzMDzzeZqTMRxfDF-LFpTj4,10.3178202,123.89471,park,Cebu Pension Plaza,Cebu City
ChIJZ1Z-_lyZqTMR4iyfZOEluYA,10.3294412,123.895392,sports_complex,Cebu Provincial Sports Complex,Cebu City
ChIJn47ZJmaZqTMRibho0wEA_eI,10.3111549,123.9031541,sports_complex,Cebu Realty & Brokerage,Cebu City
ChIJjZDrEQCcqTMRHzl9u4U3N74,10.2979401,123.884934,sports_complex,Cebuana Lhuillier Pawnshop - Labangon 1,Cebu City
ChIJzelREliZqTMRbBwf5_wben8,10.2980205,123.8981365,sports_complex,Cebuview Tourist Inn,Cebu City
ChIJU4E_P7yeqTMRmYjKAQ_D5kY,10.3141588,123.8673687,park,Celestial Garden,Cebu City
ChIJn6Q2AACZqTMRE5Cz64H7xMM,10.3162997,123.9077528,park,Central Park,Cebu City
ChIJQ3xGVcWYqTMR6S-PWL3yFoI,10.318455,123.904281,sports_complex,Centre for International Education Global College Inc.,Cebu City
ChIJk6PeHOSZqTMRpqmW4LDqBjo,10.3114841,123.8946069,park,Century Plaza Complex,Cebu City
ChIJj07GFyKZqTMR9WfmA19Mdxw,10.3287558,123.9073391,sports_complex,Chowabungga,Cebu City
ChIJ__-TEVWZqTMRvcqMhFQt53A,10.299971,123.887758,park,Christ the King Grotto,Cebu City
ChIJ2RGnwz-ZqTMRCtMnJYxjAMs,10.3168765,123.9070653,sports_complex,"City Sports Club Cebu, Inc.",Cebu City
ChIJIesONY-ZqTMRF69CjrSCC6I,10.3054678,123.8994858,park,City Square Plaza,Cebu City
ChIJAQAAACmZqTMRrufQH0EmIrQ,10.3272504,123.9063899,sports_complex,CoDev Philippines,Cebu City
ChIJQ3xGVcWYqTMRCazCHvTNsSw,10.2978091,123.8906051,sports_complex,College of Technological Sciences - Cebu,Cebu City
ChIJv2TjYTiZqTMRR5FLgvAL4M8,10.3186053,123.9032912,sports_complex,Colliers International,Cebu City
ChIJ1fVoEACbqTMRfHWHPegm-8M,10.2926115,123.9021934,park,Colon,Cebu City
ChIJyU_EYBeZqTMRXyjm_d4dthU,10.3242268,123.9122656,sports_complex,Corner Bakery Cebu,Cebu City
ChIJHVu_jhWZqTMRfSazpOB0u5U,10.3290473,123.9068258,sports_complex,Customer Benefits Services,Cebu City
ChIJ6yQqMQCfqTMRvOm_NDLBUNc,10.3252465,123.8777863,park,DJC Cebu Garden,Cebu City
ChIJsSo0UuCbqTMRfb-DRQJk5Wo,10.3108055,123.9042661,sports_complex,Department of Labor and Employment - Region VII Central Visayas,Cebu City
ChIJx_2QYgCdqTMRGD6XcVTCxTM,10.2823046,123.8827804,park,Designated Smoking area,Cebu City
ChIJ0eZe5j6ZqTMRD62xUkUeqSo,10.3194346,123.9024627,sports_complex,Diamond Suites and Residences,Cebu City
ChIJETPTIwGcqTMR-iMvyt66MO4,10.2952476,123.8826072,sports_complex,Do it Marketing,Cebu City
ChIJoWONgP6bqTMRz8M9g7aDkm8,10.2954412,123.8911796,sports_complex,Dones 27,Cebu City
ChIJf7UzFQ-cqTMRpMHDCymEuTE,10.290557,123.875743,sports_complex,Doworth Corporation,Cebu City
ChIJQbvakUKZqTMREmJfSE0UT84,10.3075383,123.9071706,park,Doña Pepang Heritage Park,Cebu City
ChIJQwuioUeZqTMRdLLkgCOMJgk,10.3149823,123.8994618,park,"Dr. Plaza, Jonathan",Cebu City
ChIJzU3MekOZqTMRu51x_Epm7Ls,10.309044,123.9035352,sports_complex,Dragon Home Inn,Cebu City
ChIJ_-ybsQCcqTMRwxGGKWKKc-U,10.2942464,123.8853718,sports_complex,Duljo-Fatima Sports Complex II,Cebu City
ChIJn4rkGBiZqTMRvhXS_nBRf4g,10.3266567,123.9083093,sports_complex,E-MO Dormitory,Cebu City
ChIJETj2YCKZqTMR28NZJ3P23mQ,10.3274456,123.9065412,sports_complex,Eastern Communications,Cebu City
ChIJnWKEXQCdqTMRcyzVCNky1-k,10.2956085,123.8806967,park,Espacio CIT,Cebu City
ChIJ5-E8c0WZqTMRl_XfV23NVlI,10.3088152,123.8982514,park,Eukaristiya - Garden of Thanksgiving,Cebu City
ChIJbSLxVwWcqTMRBfLAuiVp7YM,10.2898607,123.8736954,sports_complex,Eurotiles - Cebu Bionic Builders Supply Inc.,Cebu City
ChIJq_kM-z6ZqTMRsyVfcGexyjw,10.3189309,123.9034702,sports_complex,Exatech - Abenson Inc.,Cebu City
ChIJWef16hiZqTMRFKeaEHBN2Lo,10.3282002,123.9097482,sports_complex,Expose Hairstyling,Cebu City
ChIJXRr0gkCZqTMRe-Gocy2c1_g,10.3122085,123.9059747,park,F45 Training Cebu Business Park,Cebu City
ChIJ2cwbW-ObqTMR4tzhhkB7vR4,10.2933146,123.8975946,park,Freedom Park,Cebu City
ChIJzS-uWE6ZqTMR7yjRf5E9bt0,10.3098543,123.8931559,park,Fuente Osmeña Circle,Cebu City
ChIJV8QQIxiZqTMRTp7wb1oWzsI,10.3109372,123.9006547,sports_complex,G2G Sports Center,Cebu City
ChIJt3D2UeCbqTMR3kG0OKknkds,10.2944841,123.9056848,park,GMC Plaza,Cebu City
ChIJaUnkI66ZqTMR83y5ccVhcvs,10.3316433,123.9057991,park,Garden Bloc,Cebu City
ChIJNZso4wGcqTMR4MjsOGB05wQ,10.289902,123.874151,sports_complex,"Globe Gcash - Prime Asia Pawn and Jewelry Shop, Katipunan",Cebu City
ChIJFcDczjqfqTMRYB3QZt3UvZ0,10.301553,123.870527,park,Globe cell site,Cebu City
ChIJ9939Yh-ZqTMRrvsxQh3dcE0,10.3317245,123.907488,sports_complex,Globewest Finance Corporation,Cebu City
ChIJVVVVEi-ZqTMRoiHzoP9Afhs,10.3296145,123.8953638,park,Governor's Cup,Cebu City
ChIJJxk_yD6ZqTMRCZZ6JH79Vi4,10.3176425,123.9025387,sports_complex,Grand Cenia by Filinvest,Cebu City
ChIJw-YxZxiZqTMRWfAXe6rMOcs,10.326878,123.909355,sports_complex,Grand Residences Cebu,Cebu City
ChIJf9WjaMueqTMRJYj6ez8-nP4,10.3224078,123.8842927,sports_complex,Guadalupe Sports Complex,Cebu City
ChIJR6nEAT-ZqTMRViQP6DPzA7g,10.281815,123.8808301,sports_complex,Harbour City Dimsum House,Cebu City
ChIJ0TsZ5wCcqTMR_vZ_8bbjuAk,10.2958665,123.8842534,sports_complex,"Helpmate, Incorporated",Cebu City
ChIJhwbYF6KhqTMRnblKTxe9bqo,10.2988468,123.9035745,park,Heritage of Cebu Monument,Cebu City
ChIJtVS08gCcqTMRr4g1DaaFp0k,10.2958798,123.8842202,sports_complex,Hitrust Finance Corporation,Cebu City
ChIJu0hDTj6ZqTMRPmcPjvxY5gs,10.3181437,123.9059738,sports_complex,Hukad,Cebu City
ChIJOR0AyzqZqTMRfa820hRpl34,10.3259285,123.8985022,park,Ibabao Park,Cebu City
ChIJ4fX0Hz-ZqTMRHA0PGFG4x_k,10.318133,123.903921,sports_complex,Imperial,Cebu City
ChIJeZ5RWCKZqTMRV4zGCuBl5Ug,10.328018,123.906238,sports_complex,Innoland Development Corporation.,Cebu City
ChIJDxxAgRWZqTMRPAzsOKl2SuU,10.31802,123.9079543,park,Innove Plaza,Cebu City
ChIJdQqO8AacqTMRGyGmn9e91uI,10.2922223,123.8822288,sports_complex,Interope Corporation,Cebu City
ChIJB619QvqbqTMR1iey9nPDTuM,10.2893463,123.8931727,sports_complex,JRM (Mariner's)Travellers Inn,Cebu City
ChIJ4dssoDiZqTMR5xmRtogh4qw,10.313642,123.902612,sports_complex,JRS Express,Cebu City
ChIJR6A-WSKZqTMRHppwD-UjSi4,10.3277718,123.90627,sports_complex,Japan Intertrade Call Center Corporation,Cebu City
ChIJp8bfXv6bqTMRZG8qLwwPUOw,10.2963939,123.8899201,sports_complex,Jewelry Trade Show,Cebu City
ChIJKxF8ZbybqTMR9WPUSidJ87Q,10.294792,123.9053559,park,Jollibee,Cebu City
ChIJ40-A7RecqTMR3k8P-RT__BU,10.290659,123.8644898,park,Jumalon Butterfly Sanctuary And Art Gallery,Cebu City
ChIJuUJwaCKZqTMRrauA4Bd1YYY,10.327896,123.9070001,sports_complex,KFC,Cebu City
ChIJVVVVETqZqTMRi1tcAAAsW90,10.3217302,123.9042094,sports_complex,KING PROPERTIES,Cebu City
ChIJ124ON-eZqTMRaa44qb5sxI8,10.3180206,123.9088673,park,"KMC | Lexmark Plaza 3, Cebu",Cebu City
ChIJjyMNpxycqTMRfuPYR-FtXFs,10.283354,123.8594918,sports_complex,Kingdom Hall of Jehovah's Witnesses,Cebu City
ChIJoyLd8BucqTMRjD9mzpfU20M,10.3000407,123.8695696,sports_complex,Kiwi South,Cebu City
ChIJn2IM-z6ZqTMRS-NZEEffR6U,10.3195636,123.9047628,sports_complex,Krispy Kreme Doughnuts,Cebu City
ChIJHUiVEf2bqTMRkGhA_xG1M9Q,10.2959148,123.8949087,sports_complex,La Gloria Residence Inn,Cebu City
ChIJCZaPSv6bqTMRXLMdGdYf9Ys,10.2969339,123.888698,sports_complex,La Prueba Construction,Cebu City
ChIJzXNlXD6ZqTMRVnTIpSHIBu0,10.3188965,123.9059044,sports_complex,Laguna Garden Café,Cebu City
ChIJr8QTYgCZqTMRI-IrgnwUcIM,10.306614,123.9041907,sports_complex,Lorega Sports Complex,Cebu City
ChIJBVe7TDyZqTMR0iEAlS1knIY,10.3222946,123.9052085,sports_complex,M Lhuillier - Cabantan,Cebu City
ChIJN9lKlAWcqTMRAWK6fG6G7kU,10.2902239,123.8741608,sports_complex,M Lhuillier - Mambaling 1,Cebu City
ChIJO9M5VgCZqTMR_6rVfWXwUO0,10.3237241,123.8946854,park,MANCAO Field,Cebu City
ChIJvTdDkGyZqTMRVrhX-Fjz6yk,10.3128412,123.9144677,sports_complex,Mabolo Sports Complex,Cebu City
ChIJU2ypFECZqTMRJp_u5_1Zrpk,10.3142919,123.9063614,sports_complex,Magabelle Guesthouse,Cebu City
ChIJu170cACZqTMRArR2HoMFoVg,10.3341807,123.9070199,sports_complex,Magnum Sports Complex,Cebu City
ChIJB39Bjf-bqTMRn-SkiGXqAbM,10.297296,123.886406,sports_complex,Mandaue Atlas Motors,Cebu City
ChIJL2Ru8ACcqTMR_aHL45RwNF8,10.295966,123.883735,sports_complex,"Manpower Resources Of Asia, Incorporated - Ceb",Cebu City
ChIJVe6H3EWZqTMR1DZKI0SDVrU,10.3111317,123.8986364,park,Manros Plaza,Cebu City
ChIJX_qEFtqYqTMRXLB5YKVbEYQ,10.3417299,123.8974558,park,Marco Polo Plaza Cebu,Cebu City
ChIJR6nEAT-ZqTMR7Nw1hjug7uw,10.3190505,123.9041061,sports_complex,Mercury Drug,Cebu City
ChIJOUKTcCOZqTMRh9HWlyKMB_0,10.3275326,123.9034185,sports_complex,Metro Sports Center,Cebu City
ChIJkZE2JaudqTMRxntB_0N5iZ4,10.2818312,123.8675877,park,Mika's Haven,Cebu City
ChIJQ6To2gWcqTMRuAKZ51Sxbp8,10.29166,123.88115,sports_complex,MoneyGram,Cebu City
ChIJqQ_l-1GZqTMRpfX00OE2hR4,10.3098574,123.8931675,park,Moontraveler,Cebu City
ChIJk5ayowWcqTMRL42C1WwQoBY,10.2950873,123.8830759,sports_complex,Motortrade,Cebu City
ChIJAQAAAE2fqTMRzRCgt8lYPJQ,10.3711179,123.8742785,park,Mountain View Nature's Park,Cebu City
ChIJkWLlf1mfqTMRedQiCGkqXI4,10.3726955,123.8717528,park,Mountain View Natures Park,Cebu City
ChIJgSaugiGZqTMRZbbIAkJrtIQ,10.3306676,123.9053428,sports_complex,"NEC Telecom Software Philippines, Inc.",Cebu City
ChIJ52PfXyKZqTMR5klEgxfJpvc,10.3282858,123.9064075,sports_complex,Nerubia,Cebu City
ChIJiacczRWZqTMRx8rVSE2dIVQ,10.3191985,123.9109979,sports_complex,New Era Cebu Pension Inn Inc.,Cebu City
ChIJcdyxVwCdqTMRQTz6FTPdXDA,10.288614,123.8788002,park,Nilo Montes,Cebu City
ChIJrd2ErzmZqTMRx6OCNOh8qak,10.3192395,123.8991411,sports_complex,Ocean Jet Fast Ferries,Cebu City
ChIJfz0c9vOZqTMRZSCf-qyHH7M,10.3052424,123.8962355,stadium,Online marketing,Cebu City
ChIJl4PtIjCZqTMRpXrjcQ8dYDY,10.3273466,123.8903585,sports_complex,Paddlestack Pickleball Courts,Cebu City
ChIJLz3VcB-ZqTMRVVTG-imO0Kg,10.3319056,123.9090174,sports_complex,Pan de Manila eBloc 1,Cebu City
ChIJWbImNQCdqTMRD8CNm2PokC0,10.2950296,123.8550829,park,"Pardo sitio, kinasang-an",Cebu City
ChIJVVXFcSaZqTMRoJS_5hmU08U,10.3314301,123.8988069,park,Park,Cebu City
ChIJQ3lhfUCZqTMR2URLrPASrVY,10.3146356,123.9048268,park,Park View,Cebu City
ChIJUQEVO5GfqTMRoRWakbjLfHY,10.303082,123.8797768,park,PeaceMount Memorials,Cebu City
ChIJIZQjYx-ZqTMRLVbpbBivvA8,10.3311923,123.9082174,sports_complex,Penthouse,Cebu City
ChIJK8dfVAKcqTMR5JE41xmAySE,10.297345,123.877662,sports_complex,Philippine Beads,Cebu City
ChIJc9dBe0CZqTMRyaZSV-icXDA,10.3152057,123.9057646,sports_complex,Pioneer Insurance,Cebu City
ChIJR6nEAT-ZqTMR1bzs4KE91vQ,10.318026,123.905066,sports_complex,Planet Sports,Cebu City
ChIJ1x1EHOGbqTMR5_q34HlTerk,10.2931907,123.9051262,park,Plaza Independencia,Cebu City
ChIJd9MxTwCbqTMRcaIf1_Aq0CE,10.2934835,123.8951244,park,Plaza Independencia,Cebu City
ChIJtxeWQkSZqTMR8XajExpUCFg,10.3096017,123.9011953,park,Plaza Nouvelle,Cebu City
ChIJ36j2RSqbqTMRDxxN9VAO6IE,10.2931939,123.9017527,park,Plaza Sugbu,Cebu City
ChIJ7aumJgCbqTMRFjmZiSKPFbM,10.2901915,123.9003122,park,Plaza sa Katawhan,Cebu City
ChIJ28VIrs2YqTMR3BOmOyP_oiU,10.34824,123.889083,park,Plazaville,Cebu City
ChIJK7XB4CKZqTMR3UQiPPrGjxI,10.3241311,123.9039541,sports_complex,Pool Aquarius (CITIGYM),Cebu City
ChIJfeL4ChaZqTMRN9CHGVT9j30,10.3222513,123.9084921,sports_complex,Pope John XXIII Seminary,Cebu City
ChIJJxDW8SWZqTMRerKFmhlf_Vk,10.330002,123.897506,sports_complex,Prestigio,Cebu City
ChIJg9f-lJSZqTMRl-Dbu07CJEw,10.3092009,123.8947154,park,Primeway Plaza,Cebu City
ChIJzXYqZD6ZqTMR28hkkE8zcNc,10.3186294,123.9034702,sports_complex,Punongbayan & Araullo,Cebu City
ChIJ81i2HQCZqTMRfqV4-dUl2Q8,10.3098794,123.8931173,park,Pusa sa Fuente Circle,Cebu City
ChIJZ0WuFameqTMR6YdQAsTQzTw,10.2975888,123.8852281,sports_complex,Raquel Pawnshop,Cebu City
ChIJ__9vviaZqTMRZWZC-MtYgUM,10.3315177,123.9012475,sports_complex,RedDoorz,Cebu City
ChIJQ-JVWgCdqTMRXkkBYYSSlB0,10.2811615,123.879886,park,SM SESDE,Cebu City
ChIJIZuZLe6fqTMRbFYuHglJhi8,10.3712849,123.8552821,park,Sachiko's Little Kyoto,Cebu City
ChIJs3ZapUWZqTMRZnBRY10Qv3U,10.3100234,123.8993655,sports_complex,Sacred Heart Center,Cebu City
ChIJlaeDKZSZqTMR8Q2QYTSNZXs,10.3111534,123.9159801,park,Sales Evergreen Park,Cebu City
ChIJp-84FlSZqTMRy3f4gO73LEY,10.3017781,123.8904244,sports_complex,Sambag 1 Sports Center,Cebu City
ChIJ__-_XeGbqTMRCvSGTNmYh4g,10.2934338,123.9029421,park,Sampaguita Suites,Cebu City
ChIJD8nuMBaZqTMR_ZXF-vglRbs,10.3233689,123.9086323,sports_complex,San Carlos Seminary College,Cebu City
ChIJh171pi2ZqTMRIip2dmW7xQg,10.3346311,123.9084703,park,San miguel fruitstand,Cebu City
ChIJx2Vu9zuZqTMR3u5laX5s4is,10.3278636,123.9055198,park,Seating area,Cebu City
ChIJ9fj_-D6ZqTMRZzeAHqnLunE,10.317349,123.9048117,sports_complex,Seattle's Best Coffee - Ayala Cebu,Cebu City
ChIJYTodHCGZqTMRctjzc1NnwGk,10.3177013,123.9069729,sports_complex,Seda Ayala Center Cebu,Cebu City
ChIJx4Nv9uObqTMRGFMN-u7faPY,10.2922959,123.9015069,park,Senior Citizen Park,Cebu City
ChIJoaIOsz6ZqTMRYrKg9L5mMjk,10.3200254,123.9026177,sports_complex,Sinangag Station,Cebu City
ChIJG0IznDKZqTMRpJJWQOMz_ew,10.3231765,123.9065139,sports_complex,Sitio Abellana Sports Complex Brgy. Luz Cebu City,Cebu City
ChIJN8E4XwCfqTMRZOhnleOSsNE,10.3035914,123.8696926,park,Sitio Manol,Cebu City
ChIJdcjIFgucqTMR-kymV6QRuqA,10.280702,123.8803979,park,Sky Park Garden,Cebu City
ChIJczbbwSOZqTMRq0KezbXa6Ks,10.3292515,123.9039481,sports_complex,Soco Studio Unit,Cebu City
ChIJN0L2KgCfqTMRhNRwNyJuspg,10.308487,123.8598844,park,South Hills Park,Cebu City
ChIJAQDA6OObqTMR2YGulj9vZjI,10.293747,123.8927938,sports_complex,Specialty Food Concepts,Cebu City
ChIJZwdnw0-ZqTMRKdsfb7bGz_M,10.321957,123.9046047,sports_complex,Sprach Institut-Cebu,Cebu City
ChIJO2LCkv-bqTMRIZ4NzcXIjD4,10.2971946,123.8867112,sports_complex,St. Francis Memorial Homes,Cebu City
ChIJR6nEAT-ZqTMRgOintPoXTgw,10.31754,123.9057056,sports_complex,Starbucks Ayala Center Annex Level 4,Cebu City
ChIJ5elHBwCdqTMRmH_OHKAI2Qc,10.2945707,123.859979,park,Sto.Niño Ground,Cebu City
ChIJ1VelYgCZqTMRg5DovUwAgQA,10.332001,123.905548,park,Streetfood,Cebu City
ChIJtbwl9z6ZqTMRre9Ge6vIbz0,10.3184834,123.9052768,sports_complex,TGI FRIDAYS,Cebu City
ChIJocIZfv6bqTMRMHD_dmj-wqg,10.295522,123.8911419,park,Taboan Public Market,Cebu City
ChIJcSO1xWuZqTMRTgghPIkCZkU,10.3018303,123.9087665,sports_complex,Tejero Sports Complex,Cebu City
ChIJLYbNjXOZqTMR1iUdEbRwwpg,10.3275376,123.9042644,park,The Esplanade,Cebu City
ChIJFVJR4z6ZqTMRhrX_nvTVc3k,10.3183343,123.9059788,sports_complex,The Face Shop - Ayala Center Cebu,Cebu City
ChIJLdf8WuCbqTMRB12hjuI1pqc,10.2955758,123.889731,park,The Faith Hub,Cebu City
ChIJfRI3rGyZqTMRBWJSbUL8GgA,10.314338,123.914153,park,The Millennium Park,Cebu City
ChIJ43NexTuZqTMRxpWItSl-3Dc,10.3220512,123.9003533,sports_complex,The Padgett Place,Cebu City
ChIJ1S3jykKZqTMRQJtv2zP4Vzs,10.313082,123.911817,sports_complex,The Persimmon Cebu,Cebu City
ChIJ0YRqVz6ZqTMRwkf_Mvby5V4,10.3188399,123.9059257,park,The Terraces,Cebu City
ChIJn2IM-z6ZqTMRfDuTKmGXEQc,10.3189309,123.9034702,sports_complex,Thinking Tools Incorporated,Cebu City
ChIJaemkikKZqTMREQ5gDKmFef4,10.297179,123.9085752,sports_complex,Tinago Sports Complex,Cebu City
ChIJr9GQ24CeqTMRjPabiMHpQ3E,10.3076145,123.8434488,park,Tree Tunnel,Cebu City
ChIJjXbkqlqZqTMRU5aJf_BGVzg,10.3066514,123.8972885,park,Trends Plaza,Cebu City
ChIJaXD4EWmfqTMRHLETB5uOjPo,10.3076497,123.8661408,park,UDHT-2 Mini-Park,Cebu City
ChIJhdTBc-uZqTMRAV5APwj69z0,10.3447324,123.8985169,park,VISCOM VIEW PARK Camp Lapu-Lapu,Cebu City
ChIJ-4uY4AGcqTMReu7cfOa2Y5M,10.2991486,123.8800358,sports_complex,VRD Kitchen Furnishing Center,Cebu City
ChIJq2IdQWaZqTMRwAM6-07QJa4,10.3038243,123.912047,park,Verandah Fountain,Cebu City
ChIJ-__NIz-ZqTMROdZCLeu6Svw,10.317885,123.90371,park,Walking Wings,Cebu City
ChIJX4XmmP6bqTMRwKovSyj_7VU,10.294666,123.890793,sports_complex,Western Union,Cebu City
ChIJk_J36PibqTMR9n_ekl7f06o,10.292256,123.887862,sports_complex,Western Union,Cebu City
ChIJp8bfXv6bqTMRBOWAUx9NPS4,10.2969052,123.8819127,sports_complex,Wooden Bangles,Cebu City
ChIJ5VM7Xz6ZqTMR1aSlskIH_EY,10.31898,123.90543,park,Yak Pak,Cebu City
ChIJOQ8yIluZqTMRCWWnOLtigsk,10.3055209,123.900116,park,Z Plaza Bldg.,Cebu City
ChIJdYAjq0CZqTMRxvRe_qSwSMs,10.3157397,123.902605,sports_complex,ZEN Rooms Schweizer Cebu,Cebu City
ChIJaZotawCdqTMRdMbhztrMMAY,10.2882313,123.8718252,park,fernando nadiera,Cebu City
ChIJBTXz8iOZqTMRmgDJtH2OEEA,10.329269,123.903122,sports_complex,ideatoki,Cebu City
ChIJ55fxQPybqTMRdqyFfaDiM3A,10.293111,123.88483,sports_complex,ishowcebu lights audio and staging rentals,Cebu City
ChIJq6rqbEaZqTMRv59LxrLRd0o,10.3124452,123.8984147,park,unit 103 tango plaza building,Cebu City
ChIJh9ARHgCjqTMR9GSc2hf7Ur0,10.3816426,123.9373483,park,ACAC Enduro Park,Consolacion
ChIJcUQ5LACjqTMRoniMYrD_C3U,10.3815367,123.9680627,park,ANKOL DAPS TAMBAYAN AUTO CARE,Consolacion
ChIJNUU3B_WYqTMR8_QNnS1kVFM,10.3767823,123.9557012,sports_complex,Accessoria Incorporated,Consolacion
ChIJD-EyDLOiqTMRpn-mQn7ce3g,10.3785012,123.9727358,sports_complex,All Weather Wicker Cebu,Consolacion
ChIJ-ZwV87qiqTMRdP4UJVTsnb0,10.3783666,123.9623789,sports_complex,ArcSnaps - Cebu Photobooth,Consolacion
ChIJf4VilrCiqTMR3P4A--CmbrA,10.3800434,123.964851,sports_complex,Asianic,Consolacion
ChIJP7slU7eiqTMRbjb6aCsbxB4,10.3799781,123.9639863,sports_complex,BDO SM City Consolacion Cebu,Consolacion
ChIJf5D9gbqiqTMRQds7OVXLLWg,10.3781248,123.962961,sports_complex,BPI Cebu Consolacion Branch,Consolacion
ChIJ60LPGKWiqTMRj68Yy6HqR1A,10.3752551,123.9609499,sports_complex,CEBU BSR ETHANIM CHEMICALS INC.,Consolacion
ChIJDzBWpbCiqTMRQYCTn2o_GTc,10.3796049,123.964861,sports_complex,CK SM Consolacion,Consolacion
ChIJE3c_tB6YqTMRWdsgTvqjitM,10.3505788,123.9698248,park,Cansaga Bay Bridge Park,Consolacion
ChIJQTF0LQCjqTMRCuIDDVrLExM,10.3990296,123.9433527,park,Cebu Aeromodelers Club RC Flying Field - Monte de Pedra/Bukid Field,Consolacion
ChIJW2fG8LCiqTMRwIzS165sIsI,10.3767,123.9684959,sports_complex,Cebu Federation of Dairy Cooperatives,Consolacion
ChIJB8B4e7qiqTMRYqZYgYNh1iQ,10.3787049,123.9634368,sports_complex,Cebu Home and Builders Centre Consolacion,Consolacion
ChIJLf_blgiYqTMRZ8n9ZAF3L74,10.3632518,123.9629705,sports_complex,CebuFest,Consolacion
ChIJ3bc4waSiqTMRixbdD0k6T2w,10.3757035,123.9601102,sports_complex,Cebuana Lhuillier,Consolacion
ChIJx-ZMZ6SiqTMR_mM13cLG_Tg,10.3768314,123.9607469,sports_complex,Cebuana Lhuillier Pawnshop - Consolacion 2,Consolacion
ChIJRRZVKwCjqTMROSzY8a_Tc9U,10.3749179,123.9600468,park,Chops Children's Park,Consolacion
ChIJ4wQrd2ijqTMRabUYkXlmKac,10.3885585,123.9559477,park,Chyle's Place,Consolacion
ChIJi-YzB7qiqTMReKFgnWVFYNQ,10.3797181,123.9647688,sports_complex,Cyberzone - SM City Consolacion,Consolacion
ChIJeb3e1TKZqTMRsDoUxr7IRfc,10.3646206,123.9536025,park,DECA Homes Play Ground,Consolacion
ChIJr4URo7CiqTMRZcMfd6ZQBI0,10.379951,123.964428,sports_complex,David's Salon - SM City Consolacion,Consolacion
ChIJnb9Q0aSiqTMRyvKOKvyi93s,10.3785381,123.9631521,sports_complex,Deanleif Properties & Realty Ventures,Consolacion
ChIJix5ivrCiqTMRHF77exjOBhA,10.3798285,123.964963,sports_complex,Dunkin' - SM City Consolacion,Consolacion
ChIJO4stVKSiqTMRfx4K9wksB0k,10.3739879,123.96076,sports_complex,E. Cpay Ang Payment Center Ng Bayan,Consolacion
ChIJUzYnbACZqTMRfwbBrB3T1ds,10.3649283,123.9556647,park,E.C.S. PLAZA,Consolacion
ChIJPdRrkwqYqTMRUlQptYDYsEs,10.3665411,123.9545117,park,ECS Sunken Garden,Consolacion
ChIJf4VilrCiqTMR-jnz8_L_0R4,10.3796956,123.964862,sports_complex,EO Executive Optical - SM City Consolacion,Consolacion
ChIJB3UcLrGiqTMR40sR5TzAcb4,10.3802539,123.967316,sports_complex,Erdijo Corporation,Consolacion
ChIJr4URo7CiqTMRaUZFxV0tqDQ,10.379951,123.964428,sports_complex,Expressions SM Consolacion,Consolacion
ChIJo8QGrqSiqTMR1dZM6nIDXak,10.376556,123.9612729,sports_complex,FJB Pawnshop,Consolacion
ChIJ2aFp6oCZqTMRUY2wPb1ArS0,10.3441463,123.9652795,park,FOX BRIDGE,Consolacion
ChIJr5SY966iqTMR6iGInu-L2IU,10.3732008,123.9673898,sports_complex,Farmers Supreme Corporation,Consolacion
ChIJ5e9cMruiqTMRVQ1GxBgs0fQ,10.376805,123.960268,sports_complex,Frewill Finance Corporation,Consolacion
ChIJdWWFZ_iiqTMRdhaEruDS1i4,10.4013734,123.9317061,park,Genesis Valley,Consolacion
ChIJIY7pi7CiqTMR_sjXMLQ0X18,10.3788308,123.9649646,sports_complex,"Global Dominion Financing, Inc. Consolacion Branch",Consolacion
ChIJ5XAwU7eiqTMR-ZKFrMQSFpQ,10.379635,123.9646723,sports_complex,Goldilocks - SM City Consolacion,Consolacion
ChIJef0n-KSiqTMRivI_PNLOGd8,10.3741417,123.96062,sports_complex,HL Henry Lhuillier Pawnshop,Consolacion
ChIJNVbRraSiqTMR_fU3uAJbrMA,10.3764385,123.9589019,sports_complex,Informatics,Consolacion
ChIJPa811KSiqTMRa6CfG_Ohfn8,10.3763104,123.9608906,sports_complex,JB-Claifranz,Consolacion
ChIJ0eDlLbuiqTMRHXI51eQK84A,10.3768946,123.9605955,sports_complex,"JGC Financing Company, Inc.",Consolacion
ChIJz4vvbLWiqTMRItv4VCaZ8AA,10.3758463,123.961515,sports_complex,John Faver store,Consolacion
ChIJQepFJwCjqTMROHPXO8XbtfU,10.3763743,123.9598708,park,Jollibee Consolacion -> Carpark,Consolacion
ChIJIZfrW6aiqTMRGvrW08WmqPs,10.3700633,123.9615298,sports_complex,Joy In Full Christian Learning Center,Consolacion
ChIJp4tNCK-ZqTMRVJcVikdkwiQ,10.3520696,123.9740023,park,Junie abing,Consolacion
ChIJ85ScrqSiqTMR-Q0xeZxUqPM,10.3785766,123.9628924,sports_complex,Kumon Consolacion Cebu Center,Consolacion
ChIJWW3G1FSjqTMR43Rq8pvZ_mw,10.3758168,123.9657571,park,La Pubblico Food Park,Consolacion
ChIJU6RMXgCZqTMRfRu5Y_QRRws,10.364321,123.974592,park,Libo Tambayan,Consolacion
ChIJ--Wde76jqTMRLAQrskO9lu8,10.374728,123.9582742,park,Lokacion Food Park,Consolacion
ChIJV-GK_92ZqTMRMluLrUFxYdY,10.3437797,123.9717966,park,Mangrove Eco Park at 605 Pakna-an Mandaue City,Consolacion
ChIJe3weM7uiqTMR_8AuvXfALJ0,10.3767689,123.9602321,sports_complex,Mercury Drug (Work),Consolacion
ChIJf4VilrCiqTMRcvlxWVj_0R0,10.379547,123.964846,sports_complex,My Phone,Consolacion
ChIJv6Lp5bGiqTMR9DFJ8RMnG4Q,10.3761807,123.9684492,park,Nature's Spring,Consolacion
ChIJNV06dry9qTMRbjGr9Lib5OM,10.370397,123.9831518,park,Nery’s Place - Tayud Consolacion,Consolacion
ChIJIfx8VbeiqTMRof1mP5Yk8wI,10.3799905,123.9647829,sports_complex,Orange Brutus - SM Consolacion,Consolacion
ChIJuevGibqiqTMR8qWmZ1hT2Kk,10.3785374,123.9629389,park,Orosia Food Park,Consolacion
ChIJf4VilrCiqTMRDsQj5g3NWp4,10.379547,123.964846,sports_complex,Pabder,Consolacion
ChIJLWJrAiGjqTMR1khs38zAjT0,10.3889297,123.9370676,park,Padillo's Property,Consolacion
ChIJpQmW2bCiqTMR6KCEJ5-58Mg,10.3800781,123.9664118,sports_complex,Palawan Pawnshop,Consolacion
ChIJpfhrxqSiqTMRSb1wQtH1BvA,10.3759426,123.9599553,sports_complex,Palawan Pawnshop,Consolacion
ChIJ_dKD96SiqTMR7yPIYXok6dE,10.374343,123.960345,sports_complex,Petronas Lubricants,Consolacion
ChIJYy3A2rCiqTMRMOOIKyL6BtU,10.3800702,123.9660332,sports_complex,Pinoy Pao,Consolacion
ChIJcfLtWqqiqTMRyjBUNM8uiOI,10.3668673,123.9713923,sports_complex,Police Regional Training Center 7,Consolacion
ChIJrXPA0aSiqTMRw6pUNQ86cvw,10.376219,123.960454,sports_complex,Premium Graphics Asia Center Incorporated,Consolacion
ChIJp4my8GGjqTMReBbfGM7H8IY,10.3806892,123.9674915,park,Queens FoodPark - Bus Terminal,Consolacion
ChIJS_I0RQCjqTMRzAfd5PhGn6Y,10.3806538,123.9674965,park,Queens Foodpark & KTV Consolacion,Consolacion
ChIJs2AJ06SiqTMRDOiTfzmZSzY,10.3764789,123.960659,sports_complex,RCBC BRANCH - CONSOLACION,Consolacion
ChIJr4URo7CiqTMR5kxX1qEsLPc,10.3799901,123.9646347,sports_complex,Salon de Rose - SM City Consolacion,Consolacion
ChIJf4VilrCiqTMRwAICmnzIusc,10.379547,123.964846,sports_complex,Samsung,Consolacion
ChIJnXsMcgCjqTMR18GumKpBM_g,10.3859431,123.9707492,park,Septer's Woods,Consolacion
ChIJr4URo7CiqTMRDIA55pBnxtc,10.379951,123.964428,sports_complex,Silverworks,Consolacion
ChIJf4VilrCiqTMRLOOnFn08mE4,10.379547,123.964846,sports_complex,Sports House,Consolacion
ChIJq9uJ2bCiqTMRJK16SGO0zmM,10.3800252,123.9662931,sports_complex,The Pork Shop - Pitogo Branch,Consolacion
ChIJUx46VEmiqTMRezSBgzolhYY,10.4061605,123.9133837,park,The Topiary,Consolacion
ChIJLURdbACXqTMRbr6qpqIzC2Y,10.36336,123.986504,park,Tilhaong Motocross Track,Consolacion
ChIJU7UbL-yjqTMRspyN8Lq_Q2Y,10.4371947,123.9282415,park,Twin Creeks Heritage & Nature Park,Consolacion
ChIJ09kdT7GiqTMRZuZ0Pvxj5KI,10.380169,123.9683161,sports_complex,Usana Associate,Consolacion
ChIJrygyOgCjqTMR7c6OxtR6gAU,10.3964139,123.9455558,park,Windfields Enduro Park,Consolacion
ChIJaZ61DQCjqTMRQkz2YP8ukEI,10.3795485,123.9644785,park,sm consolacion,Consolacion
ChIJg52xdgCXqTMRlpxm6g1IyY8,10.310502,124.024564,park,2025パラセーリング&アイランドホッピング,Lapu-Lapu City
ChIJeU0lvuyZqTMRhqgTORj4hLI,10.3051608,123.953217,sports_complex,2GO -Lapulapu,Lapu-Lapu City
ChIJo4TgagCXqTMR0vy02FJIJcs,10.3071035,123.9898653,park,3EØ FRM LAPU-LAPU CITY,Lapu-Lapu City
ChIJNQZqWAGaqTMRzI6AVZOedGk,10.2846457,123.9695462,park,7-Eleven 1071 Savers Plaza,Lapu-Lapu City
ChIJ8xfZ-MCZqTMRQBNfpOFU6CE,10.3175115,123.962255,sports_complex,ACE Penzionne,Lapu-Lapu City
ChIJxfZoFcKZqTMRZGMuZDBgfNc,10.3108889,123.959874,sports_complex,ATWOC LAPU-LAPU,Lapu-Lapu City
ChIJvZqStx2aqTMR89uJS_8pXQ4,10.2917436,123.9618035,park,Adsia Logistics Inc.,Lapu-Lapu City
ChIJ0zGoCMOZqTMRpr1HrPJNylE,10.3119547,123.9615061,sports_complex,Advance Institute of Technology Inc.,Lapu-Lapu City
ChIJAQCQeBCaqTMRi4bZm74i1ck,10.2800067,123.9615448,park,Aguas Property,Lapu-Lapu City
ChIJzRSKQrSbqTMRclvWnc4Ams8,10.2872219,123.936436,park,Agwanta Treehouse,Lapu-Lapu City
ChIJuWrYJDiXqTMRctqfHp9tvew,10.2954152,123.9992054,park,AlGabe Bldg & Residences,Lapu-Lapu City
ChIJTSkim46ZqTMRA7jRjgzVIaE,10.2980236,123.9466275,sports_complex,Alt Complex,Lapu-Lapu City
ChIJMeJAmGyXqTMRb8JI7QWOlRc,10.3102181,123.9958151,park,Anthurium Inn,Lapu-Lapu City
ChIJcXHPudKZqTMRoLzwufDtWSE,10.302559,123.951312,park,Arki Tambayan Food Park,Lapu-Lapu City
ChIJ0zO9S8CZqTMR2r8ED_YSyOM,10.3108539,123.9575578,sports_complex,Asian Learning Center,Lapu-Lapu City
ChIJURjTB8WZqTMRLw4OwwFp8tk,10.3150498,123.9596381,sports_complex,Avon Lapu-Lapu Branch,Lapu-Lapu City
ChIJ4YTWSACZqTMRIHl8_JihEzQ,10.3169271,123.9237854,park,Ayala Gatewalk -> Open Plaza Area,Lapu-Lapu City
ChIJBfp399yZqTMRS2kO3U-U2s0,10.3148407,123.9592639,park,BF Mactan Strip,Lapu-Lapu City
ChIJSU50MEmXqTMRMBV5M0CGavk,10.2925634,123.992406,park,BF Townhomes Phase II Park,Lapu-Lapu City
ChIJq6qqqh2aqTMR_gcSZ7QZ_JQ,10.2914824,123.966582,park,BGSA Web Hosting Services,Lapu-Lapu City
ChIJKVIMfd2XqTMRBXNu9tDX63M,10.3083048,123.9953468,park,BTC Pickleball Lapu-lapu,Lapu-Lapu City
ChIJd4rEbwCbqTMRaLlRlL7pY-k,10.2728128,123.941158,park,Babag 2 lapu lapu city pueblo de oro basketball gym,Lapu-Lapu City
ChIJr4DhJDiaqTMRBkbfhuTbV90,10.2743489,123.94214,sports_complex,Babag Sports Complex,Lapu-Lapu City
ChIJCbGwQwCXqTMR7QJiXK-dSyc,10.2927924,123.9969654,park,Bagumbayan 2 Hawan Field,Lapu-Lapu City
ChIJpdLbAACXqTMR_a7OgDp_3jE,10.2929834,123.9973986,park,Bagumbayan Big Narra Tree,Lapu-Lapu City
ChIJZUVbQwCXqTMReXC03f7fC1Y,10.3116006,123.9989059,park,Balay ni Brolyo,Lapu-Lapu City
ChIJyXamNQCZqTMR_-TmIKVSLQo,10.3242455,123.9263646,sports_complex,Ball Brothers Sports Center,Lapu-Lapu City
ChIJV9l7mjSXqTMR6tUGyXK5MXA,10.286498,124.002194,park,Beachcombers,Lapu-Lapu City
ChIJy89cIPqZqTMR3sPCkp_wkBM,10.2909255,123.9671889,park,Biaños Pizza,Lapu-Lapu City
ChIJxUwJkQiXqTMRS0ubMs67TMg,10.3205153,124.0276308,park,Bluetong cottage,Lapu-Lapu City
ChIJDydegeqXqTMRaRm-bdDOGXY,10.2867261,124.0011428,park,Bluewater Garden,Lapu-Lapu City
ChIJu10pnZWZqTMRfOopaXoIhOM,10.309734,123.949758,sports_complex,"Boardwalk Business Ventures, Inc. - Lapu-Lapu",Lapu-Lapu City
ChIJB3JFVgCZqTMRyCc1k1JPpoY,10.3233879,123.9359907,park,Bon Odori Festival,Lapu-Lapu City
ChIJgfAMFwCZqTMRjtLDPgHBPIs,10.3233333,123.9360278,park,Bon Odori Festival,Lapu-Lapu City
ChIJy7bCWACZqTMRwJqN2l380Xg,10.3179223,123.9567484,park,Bridge Park,Lapu-Lapu City
ChIJNzaS6sOZqTMRMRmeyXEZIqE,10.3128967,123.9595355,sports_complex,Budget Rooms Mactan Cebu,Lapu-Lapu City
ChIJI5MQASmXqTMRZ5Ged6gDCnk,10.2996676,123.9784395,park,C PLAZA,Lapu-Lapu City
ChIJHX7oidebqTMRMGhZaFBp0wM,10.2817332,123.959528,park,CMJredelosa Mini Park,Lapu-Lapu City
ChIJwQvK4FqXqTMRhBEVg0SPw4Q,10.2988482,123.9845815,park,Camella Homes Lagoon,Lapu-Lapu City
ChIJtVJgT1uXqTMRhHxFjZ1VqX4,10.3004791,123.985557,stadium,Camella Homes Tennis Court,Lapu-Lapu City
ChIJQ1TFX06XqTMRd8jzoBwaL6M,10.307672,124.0137072,park,Car Rental and Van Rental by JMC Travel Tour Consultancy Services,Lapu-Lapu City
ChIJU_bakU2YqTMRt_wcfF8tB5g,10.3288909,123.9499517,sports_complex,Cebu Easy Rent-A-Car / Transport & Tours,Lapu-Lapu City
ChIJJUmnTxyaqTMRpcgzrnFn9UY,10.2869248,123.960199,park,Cebu Interior Agency,Lapu-Lapu City
ChIJLQQCAlCZqTMRbketMgO5aF4,10.2809916,123.9664297,park,Cebu JT Land Realty,Lapu-Lapu City
ChIJh3KEtx2aqTMRiP76us2EJZI,10.2939262,123.96271,park,"Cebu Light Industrial Park, Admin Bldg.",Lapu-Lapu City
ChIJUwHYcgiZqTMRS0t5hwMbMAE,10.3215087,123.9290491,sports_complex,Cebu Westown Lagoon,Lapu-Lapu City
ChIJj8nFl_SZqTMR9ZRQQrcu3rk,10.3345882,123.9436428,park,Cebu mandaue,Lapu-Lapu City
ChIJAZn7-b6ZqTMRTP0KO0D8s68,10.3097359,123.9481408,sports_complex,Chamara Boutique & Tailoring,Lapu-Lapu City
ChIJK4xGTk2ZqTMRYgqd7NiGG_8,10.3244959,123.9520682,park,Christian Galido,Lapu-Lapu City
ChIJ7w_ZgIiZqTMRTt04_QlJfGc,10.2983545,123.9637469,park,City Times Square - Mactan,Lapu-Lapu City
ChIJf7KYNBCXqTMRwOtRVmKOAUc,10.3127506,124.0052671,park,Cleverlearn Residences,Lapu-Lapu City
ChIJE1m8SwCRqTMRXNeDfBI3HpA,10.269808,123.9836824,park,"Coral Bike park Marigondon,Ilaya",Lapu-Lapu City
ChIJUfBuOmiWqTMRwnflYkHkOvs,10.3285622,124.0412646,park,Coralpoint Gardens Suites and Residences,Lapu-Lapu City
ChIJkYo7CNCZqTMRuGUV-iXR6Xo,10.318282,123.964659,sports_complex,Cosmetic Surgery Center of Asia,Lapu-Lapu City
ChIJd6nJT8GZqTMRSwFNYBq9jUw,10.3141036,123.9575737,sports_complex,Cosmopolitan Memorial Chapels - LapuLapu Branch,Lapu-Lapu City
ChIJGcYFFEiXqTMR4WARa1cjO_c,10.2956206,124.0147388,park,Crimson Beach side,Lapu-Lapu City
ChIJ-bI3FOmZqTMRePSXo5pCWhk,10.3059942,123.9603242,sports_complex,Crown Regency Suites & Residences,Lapu-Lapu City
ChIJ6bvA7tqZqTMRXhkUHboigrU,10.3165262,123.9656643,sports_complex,DSWD,Lapu-Lapu City
ChIJLx_4twaXqTMRy8wbQTpuIWU,10.3205803,124.0276401,park,Danilo's White Beach Cottage,Lapu-Lapu City
ChIJLa6SIACZqTMRAc6Wu98tfBc,10.3249471,123.9674531,park,Dayagdal's Fishing Spot,Lapu-Lapu City
ChIJ_adLSgCZqTMRuhkXhs2akjc,10.313228,123.9491584,park,Dhelz Foodpark KTV,Lapu-Lapu City
ChIJhd-S6zSXqTMRj-BZR2Smj-w,10.287466,124.0000941,park,Dolpo Kids Club,Lapu-Lapu City
ChIJwe0ZcZeQqTMRcQyI7b112-M,10.2645922,123.987059,park,Duawon Beach,Lapu-Lapu City
ChIJ163PmDaZqTMRQvhLgMIouUg,10.3241047,123.9777003,park,EL Spa,Lapu-Lapu City
ChIJG4xkPMWZqTMR6cxJCHFfDXs,10.3169031,123.9628669,sports_complex,Echo Appliance Center,Lapu-Lapu City
ChIJzcMz4-6ZqTMR7vOqlq-3R-U,10.3024964,123.9608592,sports_complex,Eloisa Royal Suites,Lapu-Lapu City
ChIJh8qTO6SXqTMRkVRrNdxLCO0,10.3045982,123.9861638,park,Elsi the LCIC cat,Lapu-Lapu City
ChIJpTilNBuaqTMR4fDtaWTZmuk,10.2831214,123.963815,park,Engaged Marketer,Lapu-Lapu City
ChIJHSlzjw6ZqTMRni8S4zxCA_c,10.3190831,123.9225247,park,Esplanade,Lapu-Lapu City
ChIJq6raodOZqTMRsLlot-8m7Po,10.3248777,123.9679905,park,Filipino Seafarers Memorial,Lapu-Lapu City
ChIJwdCWt52ZqTMRNVx5XkodLN0,10.2999167,123.962358,park,Gaisano Grand Plaza Mactan,Lapu-Lapu City
ChIJxahU7PiZqTMR5MUmmTUZsQk,10.2903954,123.9674318,park,Gaisano Saversmart Mactan,Lapu-Lapu City
ChIJ5YXPXZqQqTMRAUTXYe0eF_M,10.2608814,123.9845807,park,Galapagos Beach,Lapu-Lapu City
ChIJXWGEcgyZqTMRQ6lPq4tAK7c,10.3175291,123.9245783,park,Garden District,Lapu-Lapu City
ChIJj-omLwyZqTMRnLMu6e9NPJE,10.318048,123.9225723,park,Gatewalk Park,Lapu-Lapu City
ChIJ1S_BSwCZqTMRoCVUevdD1FY,10.321627,123.9492918,park,Geo Tech Solutions,Lapu-Lapu City
ChIJ0QsYLd2ZqTMRbXVD5fjNpHQ,10.3107475,123.9638589,sports_complex,Ginne Apartelle,Lapu-Lapu City
ChIJzWnWacWZqTMRNAZkdNrfEH4,10.317706,123.9624159,sports_complex,Glam Factor Beauty & Scents Shop,Lapu-Lapu City
ChIJp0AUOMWZqTMRrX76szBSX4A,10.3172804,123.9626289,sports_complex,Goldilocks Bakeshop - Gaisano Mactan,Lapu-Lapu City
ChIJ4bU_-RKZqTMR9nQwm2zH74I,10.3112017,123.9282091,park,Gothong Private Wharf,Lapu-Lapu City
ChIJf2lfNwCXqTMRbx5LhKZ5Wpw,10.313085,123.995255,park,Grahi,Lapu-Lapu City
ChIJPdQI6DaZqTMR_3MnusP0V6w,10.3139789,123.9233887,park,Green Corridor,Lapu-Lapu City
ChIJsXDpYq-ZqTMRd5IDa39GYR4,10.3255969,123.9423794,park,Green Promenade,Lapu-Lapu City
ChIJhXI7lIibqTMRz2jLt410Bic,10.2813057,123.9749357,park,Guba na Sakyanan,Lapu-Lapu City
ChIJbXgyQwCRqTMRHGCBVxUn-HI,10.2793316,123.9950131,park,Hadsan Beach -Agus Lapu-Lapu City,Lapu-Lapu City
ChIJU_IxCS6XqTMRV2W5EBLoxlU,10.2900397,124.0086583,park,"Happy Beach Cebu, Mactan",Lapu-Lapu City
ChIJ11mOQz-XqTMRAXoREurQqpU,10.300722,123.9982229,park,Haven Of Peace Memorial Garden,Lapu-Lapu City
ChIJqeewzQmaqTMRJ9WroHREHMA,10.28934,123.967625,park,"Hi-Precision Diagnostics- Mactan, Cebu",Lapu-Lapu City
ChIJQamTMQCXqTMR36sOyKKU1wA,10.2901039,123.9858524,park,Hidden Cliff of Lapu-Lapu,Lapu-Lapu City
ChIJVYbbpmmXqTMRgr_0y7cMIEg,10.3078254,123.989915,park,Home,Lapu-Lapu City
ChIJq5WH7uuZqTMRjPEPDLbKWtY,10.3052052,123.9576533,stadium,Hoops Dome,Lapu-Lapu City
ChIJXSWdEgCbqTMR3KOPRIZiWhI,10.2870783,123.94289,park,IT pArk,Lapu-Lapu City
ChIJobWfdZyXqTMRlog4I-nqgJQ,10.3295135,123.9902019,park,Ibo Sport Complex,Lapu-Lapu City
ChIJCfs8X8CZqTMROWnyMyim9wM,10.312115,123.954371,park,Imperial Appliance Plaza,Lapu-Lapu City
ChIJD_VTjOqZqTMRgHOVkhriMSE,10.315068,123.95989,sports_complex,Interlace Web Solutions,Lapu-Lapu City
ChIJiwISPsGXqTMRcH4hQWrOJlc,10.3223822,124.030494,park,J&J BEACH,Lapu-Lapu City
ChIJQ8D591ibqTMRumn9KTWuvdI,10.2816596,123.9594604,park,Josephine Sponas OFFICIAL RESIDENCE,Lapu-Lapu City
ChIJJem-f_OZqTMRL90vGq3ywQI,10.2910239,123.961041,park,Jurassic park,Lapu-Lapu City
ChIJweRU5zqZqTMRgicIr3-9X-k,10.3158125,123.9212031,park,Kalidhay Park,Lapu-Lapu City
ChIJ9wxSIAiXqTMRmFa3bIlqD2A,10.3168646,123.9649095,park,Kalipayan Solas Seaside Beach,Lapu-Lapu City
ChIJ9eW9NQCXqTMRKWWqrO-WknM,10.3220326,124.0298318,park,Khyrein’s Resthouse,Lapu-Lapu City
ChIJVVWVMQmZqTMRKF9Gf6A2hyY,10.3198157,123.9252579,stadium,Kimwa Gym,Lapu-Lapu City
ChIJw6oH0cqZqTMR6_PFgYwbswU,10.3096117,123.9503345,park,LBC Express - Lapu-Lapu Market,Lapu-Lapu City
ChIJbZeTkSGXqTMRgFo6hqOnw5o,10.3010042,124.015789,park,"La Mirada Residences, Mactan",Lapu-Lapu City
ChIJRyYABcCZqTMR2kjXwuI79x8,10.3107131,123.9529129,sports_complex,Lamac Multipurpose Cooperative - Lapu-Lapu,Lapu-Lapu City
ChIJwyDGHQaZqTMRyBNSQy_L2hk,10.322667,123.9258887,park,Landmark Plaza,Lapu-Lapu City
ChIJz1_vtO2ZqTMRToldEBDiOIw,10.3106538,123.9505172,park,Lapu - Lapu City Public Market,Lapu-Lapu City
ChIJBf9gaZWZqTMRCB0_isxfYoM,10.3091669,123.9508142,sports_complex,Lapu Lapu Sports Complex,Lapu-Lapu City
ChIJ_VLFZACZqTMRW4HMbJIZ_LA,10.3183756,123.9639483,park,Lapu lapu city cebu,Lapu-Lapu City
ChIJG8Rz2f6ZqTMRLC6gsQOv6Ro,10.3183756,123.9639483,sports_complex,Lapu-Lapu,Lapu-Lapu City
ChIJo5quWr6ZqTMRRPdqpwr67sg,10.3122997,123.9494018,park,Lapu-Lapu City Auditorium,Lapu-Lapu City
ChIJiTFzSb6ZqTMR7gAbRRAArWo,10.3118029,123.9495067,park,Lapu-Lapu City Basketball Complex,Lapu-Lapu City
ChIJAQBwbJWZqTMRUIENc06_IF4,10.3092027,123.9509173,stadium,Lapu-Lapu City Cockfighting Arena,Lapu-Lapu City
ChIJk46awtqZqTMRvG3XypMjpGw,10.3166639,123.9650923,park,Lapu-Lapu City Hall,Lapu-Lapu City
ChIJe1YOacaZqTMRnoLk8S08RpA,10.3175199,123.957092,park,Lapu-Lapu City Senior Citizen's Park,Lapu-Lapu City
ChIJq4e6-uuZqTMRi4bnnW7SRZ4,10.3061492,123.9574073,park,Lapu-Lapu City Skate Park,Lapu-Lapu City
ChIJwS4vfgCZqTMRECAaOKM9b34,10.3015218,123.9614199,park,Lapu-Lapu Petron Lake,Lapu-Lapu City
ChIJBT66l9qZqTMRQpLlgNNCVWE,10.3174367,123.9653599,sports_complex,Lapu-lapu Sports Complex,Lapu-Lapu City
ChIJh9SBEgCbqTMR0LutKrJ-UI8,10.2667391,123.9722147,park,Lapu-lapu city,Lapu-Lapu City
ChIJd75_1r-ZqTMRj5T6Fgqji8o,10.310521,123.950255,park,Lapulapu City Public Market,Lapu-Lapu City
ChIJv57vuByXqTMRVxIpurXB7Vg,10.3113842,124.0152841,park,Lapulapu Monument,Lapu-Lapu City
ChIJn-X-iviZqTMRfmUbxUmsEQU,10.290092,123.966805,park,Larrazabal Eye - Basak,Lapu-Lapu City
ChIJi3DEQuyZqTMR5KWWaazm3H4,10.3034557,123.956261,sports_complex,Lito Inso Photography,Lapu-Lapu City
ChIJj5w1RAuZqTMRYD5dUg_MyAk,10.31406,123.9257665,park,Lucky Plaza,Lapu-Lapu City
ChIJbaqr0r-ZqTMRnq9tkmJOmRE,10.3108272,123.949763,park,Lugawan Station Public Market,Lapu-Lapu City
ChIJwftCX-WZqTMRqc1tiVe6dac,10.3003812,123.9640273,park,MEPZ2 Lagoon,Lapu-Lapu City
ChIJ8VUG7bKZqTMRXKxMzU2NZ1U,10.3257377,123.9431901,sports_complex,MMPAA (Ministry of Music and Performing Arts Academy),Lapu-Lapu City
ChIJkdvJGwaaqTMR6AfeL6InXOE,10.2990463,123.9638531,park,Mactan,Lapu-Lapu City
ChIJq6qqnWKXqTMRWCtHjrQPhtQ,10.3153252,123.9751759,park,Mactan Airbase Aircraft Park,Lapu-Lapu City
ChIJa9uEXtyZqTMRlSDz3HHoz4A,10.3117473,123.9669585,sports_complex,Mactan Benito Ebuen Air Base athletics field,Lapu-Lapu City
ChIJF7lztW2XqTMRsUDKDIlxR38,10.312559,123.993187,park,Mactan Golden Motel - 1 Star,Lapu-Lapu City
ChIJ7xOu9AeaqTMR-vz595YabtY,10.2799993,123.9746534,park,Mactan Island Memorial Garden,Lapu-Lapu City
ChIJM7NtPQCXqTMRMuA7epnnWPs,10.3082854,124.0174755,park,Mactan Newtown Beaches,Lapu-Lapu City
ChIJgQ7K-xuXqTMR2W6lMNY1NxA,10.3080385,124.013578,park,Mactan Newtown Mrs B.,Lapu-Lapu City
ChIJTTWPacWZqTMRQZnjczQbgEw,10.3173501,123.9620725,sports_complex,"Mactan Pension House, Mactan",Lapu-Lapu City
ChIJZZH1WMSZqTMRdbfdPzJODCc,10.3156706,123.9609033,park,Mactan Poona Zone,Lapu-Lapu City
ChIJ3xcIQNCXqTMR5QCimnAfri4,10.3108234,124.0152507,park,Mactan Shrine,Lapu-Lapu City
ChIJ4RJbzM2ZqTMRtQMbsLsf_yU,10.2953483,123.9649682,park,Mactan Town Center,Lapu-Lapu City
ChIJa0deIQCXqTMRf6PmoCdLMM8,10.305527,124.0111283,park,Mactan lapu-lapu city,Lapu-Lapu City
ChIJ3yW9O2GXqTMRwTKES0Vh0Is,10.3136169,123.9833557,park,Mactan-Cebu International Airport,Lapu-Lapu City
ChIJI_usTwCbqTMRg5F3A5UdknY,10.2818972,123.9642532,park,Magaam Eethu,Lapu-Lapu City
ChIJaWQelRyXqTMRVFOehBPdGPs,10.3108333,124.0152778,park,Magellan's Marker,Lapu-Lapu City
ChIJ2RmtHwCZqTMRujlUTWba6cA,10.3128635,123.9236733,park,Mahiga Creekside Park,Lapu-Lapu City
ChIJgZ_cTgCXqTMRRp7HO8bfFEg,10.3170035,124.0297478,park,Malingin Beach / Cave,Lapu-Lapu City
ChIJo37_OxqZqTMRhv5v7olRrTI,10.3199756,123.9384725,park,Mandani Bay Boardwalk,Lapu-Lapu City
ChIJm71kjyeZqTMRDnBGzjd8yEQ,10.3206842,123.9369862,park,Mandani Bay Green Promenade,Lapu-Lapu City
ChIJUWTCfgCZqTMRdI0d0_9nZkg,10.3285048,123.9370113,park,Mandaue,Lapu-Lapu City
ChIJ_e4MaImYqTMRcqXd9aER-ak,10.3278985,123.9427271,sports_complex,Mandaue,Lapu-Lapu City
ChIJQal5Z7KZqTMRFcu9gkc0tPA,10.32746,123.9429734,park,Mandaue City Garden,Lapu-Lapu City
ChIJozzwL66ZqTMRdg6VUEqoD9E,10.324005,123.940904,sports_complex,Mandaue City Sports and Cultural Complex,Lapu-Lapu City
ChIJvwHsLK6ZqTMRbWFIil21-6Y,10.3239579,123.9415054,sports_complex,Mandaue City Sports and Cultural Complex,Lapu-Lapu City
ChIJdSLZHwCZqTMRibaqP1oi0qE,10.3277785,123.9428,park,Mandaue Clock Tower,Lapu-Lapu City
ChIJM34kYhOZqTMRoHttA3l1wQo,10.3396217,123.9681524,park,Mandaue Green Learning Park,Lapu-Lapu City
ChIJWVqFNACZqTMRiNgLmvqWtvI,10.3278985,123.9427271,park,Mandaue Heritage Plaza,Lapu-Lapu City
ChIJy3VZ4cuZqTMR98fc12JGlrs,10.3242344,123.957233,park,Mangroves,Lapu-Lapu City
ChIJ18b_fW6XqTMR_P_RdKsV06Q,10.3126554,123.9913691,sports_complex,Matab-ang Sports Gym,Lapu-Lapu City
ChIJlz0bOj6XqTMRmDu5DKMqXpc,10.3047113,124.0078186,park,Mercato de Mactan Food Park,Lapu-Lapu City
ChIJ8agc8r-ZqTMRv0p1JOUSKA0,10.3109439,123.952057,sports_complex,Mercury Drug - Lapu-Lapu City G. Y. Dela Serna,Lapu-Lapu City
ChIJEefh0b-ZqTMRKQ_T2upKQI0,10.3108053,123.9501787,park,Merkado sa Opon,Lapu-Lapu City
ChIJAVOSl9OZqTMRKFuj71JIJUI,10.3248934,123.9680938,park,Millennium Park,Lapu-Lapu City
ChIJ__9vERuaqTMRqLAYrDyCywU,10.2832678,123.9619804,park,Mini-Park,Lapu-Lapu City
ChIJIdbRi76ZqTMR2Mt9lKRBZiw,10.3135342,123.9479973,park,Muelle Osmeña Lighthouse,Lapu-Lapu City
ChIJIZLltTaXqTMRjNudtnMHSx4,10.2907942,124.0025596,park,Mundo Island,Lapu-Lapu City
ChIJy_ZIRuOWqTMRtd9KZoBMn3A,10.3105249,124.0234039,park,Mövenpick Cebu,Lapu-Lapu City
ChIJVVWlab6ZqTMRr8A0KHTqaiE,10.3121385,123.9483908,park,NSDR Park,Lapu-Lapu City
ChIJe1kUoLGZqTMRglgFjAiroPo,10.324202,123.944267,park,Norkis Park,Lapu-Lapu City
ChIJk9uvKwCXqTMRKcwSsXi4790,10.3082854,124.0174755,park,OBS4L,Lapu-Lapu City
ChIJ6w37Tb6ZqTMRV2RPOJPvLYI,10.2823276,123.9790727,park,OYO 693 Titan Residence Mactan,Lapu-Lapu City
ChIJ63JgnAGaqTMRrUprrN9TYt0,10.2864632,123.9703044,park,Ocean Jet - Skyliner Mactan,Lapu-Lapu City
ChIJfYf4scSZqTMRB3ADn0aExnE,10.3140523,123.9633829,park,Old Street Plaza,Lapu-Lapu City
ChIJl2IaIDGXqTMRHJ4rAKwGnp4,10.2897676,124.0085437,park,Old Tambuli,Lapu-Lapu City
ChIJKcvq9b6ZqTMRZ26pBgsoNUM,10.312909,123.948828,park,Opon Plaza,Lapu-Lapu City
ChIJvwPEKQaaqTMR9JrKgDTHxu0,10.2775247,123.9717875,park,Orchard Forest,Lapu-Lapu City
ChIJn9q3tJSZqTMRpJK6U0M43SA,10.3064515,123.9526813,sports_complex,PEREZ GO CIMAFRANCA AVANZADO and Associates,Lapu-Lapu City
ChIJAxEWAQCZqTMRpE7Zt4irrNc,10.3017089,123.9604066,park,Pacific Grande Residence Entrance Gate,Lapu-Lapu City
ChIJtz5Q1FqXqTMR9XZFglxv_x0,10.2992891,123.9857319,park,Pacific Villa 1 Park,Lapu-Lapu City
ChIJ03NuKFuXqTMRJ2hKQPOG7zQ,10.2989811,123.9853653,park,Pacific Villa Lagoon,Lapu-Lapu City
ChIJ4Qkp3b-ZqTMRLJV10bFy29U,10.310735,123.9511514,sports_complex,Pacifica Agrivet Supplies,Lapu-Lapu City
ChIJq38WN76ZqTMRwVxLu0HpFlQ,10.3113816,123.949346,sports_complex,Pacifica Agrivet Supplies Inc. - Lapulapu-Osmena,Lapu-Lapu City
ChIJU_Wu28GRqTMRkAid9vdewsI,10.2192317,124.0413239,sports_complex,Pangan-an Island Sports Complex,Lapu-Lapu City
ChIJ4_GF7EeaqTMReQZDDsqESuY,10.2722241,123.9423737,park,Park Place Cebu,Lapu-Lapu City
ChIJsyeF4PiXqTMRSmJm2wKli5A,10.2968756,123.993223,park,Park at Sevilla Extension,Lapu-Lapu City
ChIJnwcoCrGQqTMRILJKAxY_TdI,10.2801016,123.9890666,park,Pawod Dako,Lapu-Lapu City
ChIJ3TdOawCRqTMR4xqylC5mDjU,10.2600645,123.9841627,park,Payag ni Master EGA,Lapu-Lapu City
ChIJ3860ua6RqTMRf0bHYOMm8s8,10.2574836,123.9801927,park,Phercris Beach,Lapu-Lapu City
ChIJQ3xGVcWYqTMRwu95T6jjGbA,10.3267278,123.9522307,sports_complex,"Philippine Spring Water Resources, Inc.",Lapu-Lapu City
ChIJt_5QkByXqTMRrvG56vOEdrY,10.3105856,124.014848,park,Plaza Magellan,Lapu-Lapu City
ChIJr7pWmuyXqTMRYlcgf110xTQ,10.3128778,123.9769196,park,"Plaza Premium Lounge (International Departures, Terminal 2)",Lapu-Lapu City
ChIJ00-4G2OXqTMReqBgUsTlsBU,10.3157313,123.9790242,park,"Plaza Premium Lounge Cebu (Domestic Departures, Terminal 1)",Lapu-Lapu City
ChIJ4bEIWb6ZqTMRFS8ArYDXz6Q,10.3126637,123.9490241,park,Plaza Rizal,Lapu-Lapu City
ChIJEwxxPACXqTMRH5tFTArZ_dY,10.2947653,123.977276,park,Plumera Clubhouse,Lapu-Lapu City
ChIJNZqxvFmRqTMR_EhxLQPaxgw,10.2825932,123.9954935,park,Pororo Park,Lapu-Lapu City
ChIJd0wmp9SXqTMRqvIttsPkT4o,10.2967077,123.9841478,park,Primark Center Mactan,Lapu-Lapu City
ChIJb4hYy--bqTMRx7fYEipv4u8,10.2722332,123.9420763,park,Pueblo De Oro Traffic Circle,Lapu-Lapu City
ChIJD0B6XQCZqTMRUUw0y7OI5Mg,10.3197437,123.9722147,park,Pusok,Lapu-Lapu City
ChIJP-HBcQCZqTMRzlD5zi1pjG4,10.3107057,123.9510738,park,QUINN ALORA BODY & FOOT MASSAGE SERVICES,Lapu-Lapu City
ChIJUeRMXgCRqTMR31di3_uoxE4,10.2817213,123.9840579,sports_complex,RK Sports Center,Lapu-Lapu City
ChIJ1bY2nZWZqTMRW9taQIFIS5Q,10.310074,123.9499047,park,Radaza Plaza,Lapu-Lapu City
ChIJNx0xBcKZqTMRry9XfsPIzRQ,10.3095755,123.9592804,sports_complex,RedDoorz @ Express Inn Lapu Lapu,Lapu-Lapu City
ChIJy4u3YwOaqTMR0MrLLbM5BOY,10.28456,123.9656888,park,RedDoorz near Shopwise Basak-Sudtunggan Lapu Lapu,Lapu-Lapu City
ChIJJ0WlLwCZqTMRyfGWZdH_IME,10.3336781,123.9404358,park,Renante,Lapu-Lapu City
ChIJe3JgCQCZqTMRKm7uQC7gUGI,10.3314163,123.9426436,park,Renante,Lapu-Lapu City
ChIJMcrz7webqTMR1vXJ35QHzfw,10.2825892,123.9364424,park,Renante's Plant Stands,Lapu-Lapu City
ChIJWfVpE7KZqTMRgotVcw-5af4,10.3268039,123.942532,park,Rizal & Bonifacio Memorial,Lapu-Lapu City
ChIJ-QVYDQCZqTMRmPznKv04HK0,10.3049815,123.9428629,park,SK956 Pet Area,Lapu-Lapu City
ChIJ01nhxBaRqTMRdk9jdAckOkw,10.2577564,124.0343142,sports_complex,San Vicente Sports Complex,Lapu-Lapu City
ChIJmzMToEaRqTMR1286lF-6b90,10.2661899,124.0473684,sports_complex,Santa Rosa Sports Complex,Lapu-Lapu City
ChIJG89ReUOXqTMRZnQhvjvmGck,10.3217281,124.0290369,park,Santorini Ocean View Deck,Lapu-Lapu City
ChIJaQ6L15uQqTMRyK3Nnsik7DQ,10.2630113,123.9826803,park,Savannah Park,Lapu-Lapu City
ChIJK3Gx-OGWqTMROX_qKq-4KGs,10.3081301,124.0200301,park,"Shangri-La Mactan, Cebu",Lapu-Lapu City
ChIJ4XlctOqXqTMRT0YZ6e5O1Vc,10.3069578,124.0218382,park,Shangri-la Beach side,Lapu-Lapu City
ChIJlZ7N-b-ZqTMRnBy8j7EGTUw,10.310591,123.952517,sports_complex,Sikatuna Security Agency Inc.,Lapu-Lapu City
ChIJ_8ZHLwCXqTMRqCPras46QlQ,10.3146431,124.0262121,park,Sitio Bout Public Access to Public Beach,Lapu-Lapu City
ChIJL1N5DgCZqTMR59e0-kiFLrw,10.3015581,123.9537227,park,Smokey Mountain,Lapu-Lapu City
ChIJdxghLwaaqTMRG-7HXLpDraA,10.2796974,123.9720313,park,Soltana Nature Residences,Lapu-Lapu City
ChIJT6pzpL-ZqTMRW2fznwJeI24,10.312242,123.950929,sports_complex,Southwings,Lapu-Lapu City
ChIJIcZcTHmaqTMRGucL2_tRCFs,10.2551012,123.9703703,park,Suba-Basbas Public Beach,Lapu-Lapu City
ChIJI-E2zQOaqTMRhldzhvPUTnY,10.2864791,123.9685781,park,Sudtunggan Tailoring,Lapu-Lapu City
ChIJgzFupweXqTMR7iZtP4-I_JI,10.3133864,124.0248225,park,Sugar babe (The Beach House) Punta,Lapu-Lapu City
ChIJoxCvXMCZqTMRYBBe6bfFu7Q,10.3116919,123.954459,sports_complex,Sun Gold Furniture,Lapu-Lapu City
ChIJfysP_zKXqTMRabEOgXsoch4,10.3276921,123.9827296,park,TPM Park Onsemi,Lapu-Lapu City
ChIJbQhFTmGXqTMRukT6ricaofU,10.3163835,124.0038135,park,Tambayan sa mangroves,Lapu-Lapu City
ChIJQ3xGVcWYqTMR5-hSUadTV_M,10.288572,123.9631936,park,Teradyne Philippines Limited,Lapu-Lapu City
ChIJZ0_5Q7aQqTMR5Ky1xkCr4Pg,10.2793503,123.9955291,park,The Beach Park Hadsan by Hiverooms,Lapu-Lapu City
ChIJtwZmULaQqTMRmNUsD4eh4PI,10.2788644,123.9948348,park,The Beach Park-Hadsan,Lapu-Lapu City
ChIJ35410xuXqTMRfG7LlzOmTys,10.3078943,124.0132362,park,The Mactan Newtown,Lapu-Lapu City
ChIJW619zx-XqTMRT1yPdbXw78A,10.3035254,124.0193458,park,The Mactan Newtown Beach,Lapu-Lapu City
ChIJUd7GB7WQqTMR0LYNDmumjE8,10.2833833,123.9951407,park,The Palace Casino Cebu,Lapu-Lapu City
ChIJnWV0YQCZqTMRsi1L6h8znrg,10.3221925,123.9387038,park,The Park at Mandani Bay,Lapu-Lapu City
ChIJp3mtgNmZqTMRS1Eph6uUt9w,10.3158836,123.9601139,sports_complex,The Stopover Hostel - Mactan,Lapu-Lapu City
ChIJp_Zn_ZmQqTMRlmi_WfwGL6k,10.2632145,123.9861095,park,Tonggo Beach,Lapu-Lapu City
ChIJlSkM4pmQqTMRqUJCUtPnWB8,10.263534,123.986118,park,Tonggo Beach Original,Lapu-Lapu City
ChIJIyGDGRyXqTMRZJgH4HF2fb0,10.3078837,124.0150951,park,Tower 1 Plaza Magellan,Lapu-Lapu City
ChIJgdw4-pOZqTMRrfTMXs7yyQM,10.3310823,123.9354299,park,Travel tour guide,Lapu-Lapu City
ChIJhTHftdKZqTMRk50DqWwQSwU,10.3286976,123.9652046,park,Umapad Brgy. Park,Lapu-Lapu City
ChIJ_e8i95qQqTMRG0k2tgaKzFw,10.260274,123.9841978,park,Uncle Mike's,Lapu-Lapu City
ChIJ70v0wL-ZqTMRoUX8yrpvC4M,10.3111409,123.9514125,park,Unitop,Lapu-Lapu City
ChIJjbZjUwCZqTMRCtPQIOejBAI,10.3131034,123.9520062,park,Upper Lapu-lapu Falls,Lapu-Lapu City
ChIJA7kaWQCXqTMRGYRE3rFrADs,10.3102359,124.0188378,park,VIKING HOPPING TRAVEL AND TOURS,Lapu-Lapu City
ChIJLVIjJgCXqTMRRan6yoEwxQw,10.3062607,124.0180972,park,Venue for events near Mactan beach,Lapu-Lapu City
ChIJ1YWhewCaqTMRR8MxJICOXC0,10.2829916,123.9737819,park,Villas Magallanes Club House,Lapu-Lapu City
ChIJKaKxab6ZqTMR2ATZPLtq2S0,10.3125,123.9486111,park,Virgen de la Regla National Shrine,Lapu-Lapu City
ChIJJWY-z7KZqTMRs6uWUBL5M_g,10.3288241,123.9434159,sports_complex,Virgo Financing Corporation,Lapu-Lapu City
ChIJvbvaAQCXqTMR5PI_dkbD8MQ,10.3210925,124.0325479,park,Waiting Shed sa Lupa,Lapu-Lapu City
ChIJ_18XrSGZqTMRi4VhGOH0EI4,10.2969274,123.9649371,park,Watever KTV,Lapu-Lapu City
ChIJpckUO8WZqTMRVF5Qy6BLMwo,10.316721,123.9628968,sports_complex,Wellcom Telecom Supermarket - Gaisano Mactan,Lapu-Lapu City
ChIJ4eQbt7-ZqTMRkq6GnepoH60,10.311684,123.950463,sports_complex,Western Union,Lapu-Lapu City
ChIJ63JgnAGaqTMRQUlTBVKEZV4,10.2864632,123.9703044,park,Western Union,Lapu-Lapu City
ChIJFTvACMCZqTMRmIRpO1JltpU,10.3106813,123.9528991,park,Western Union,Lapu-Lapu City
ChIJO2JNXrKZqTMRjA8VGhSNXAI,10.3275549,123.9431475,sports_complex,Western Union,Lapu-Lapu City
ChIJmWzzNL6ZqTMRYRg7euLN8Tc,10.3102125,123.9496635,sports_complex,Western Union,Lapu-Lapu City
ChIJkXaQbZWZqTMRknc6Ra7uj6s,10.3110848,123.9495509,sports_complex,Western Union - Exquisite Pawnshops and Jewelry-Osmena,Lapu-Lapu City
ChIJLR-qfpWZqTMRhOKY4071dio,10.310014,123.950259,sports_complex,"Western Union - Prime Asia Pawn and Jewelry Shop, Inc.-Gun-ob",Lapu-Lapu City
ChIJIyyfnS-aqTMRiXYDJZ3aaRU,10.284856,123.94066,park,Zone Lato,Lapu-Lapu City
ChIJfV9jeHiZqTMRDCIWZn7arNM,10.3235035,123.9389958,sports_complex,choi sports center,Lapu-Lapu City
ChIJT0mUBWeXqTMRaV4UrZSCecI,10.3134732,124.0123147,park,isla noah,Lapu-Lapu City
ChIJ8Yg6GQCRqTMRXpyEGroMt4U,10.2757142,123.9777887,park,marigondon beach port,Lapu-Lapu City
ChIJ3X8wsLmXqTMRnDw289-nn6U,10.2881416,124.0059005,park,skuldive,Lapu-Lapu City
ChIJOSa75-WYqTMRdDLt6NUslos,10.3418219,123.9151604,sports_complex,"(DENR) Environmental Management Bureau - Region 7 (Central Visayas), Mandaue City, Cebu",Mandaue City
ChIJKwaEfQCjqTMRa0Vh5HfR0oc,10.3866096,123.9266295,park,360 view deck,Mandaue City
ChIJX9Xoq1SYqTMRodKXtK7RGFE,10.3408664,123.9205004,sports_complex,856 G Gallery,Mandaue City
ChIJC-LSBQmZqTMRVQilKJwcxE0,10.324672,123.9262776,park,ANGEL LOVE HENRY,Mandaue City
ChIJo0FUhwSZqTMR4EsAV9Vv4NY,10.3276021,123.9219854,sports_complex,Alpa City Suites,Mandaue City
ChIJ28RVj_aZqTMRWgRBaffiqWA,10.3516371,123.9570442,sports_complex,Amadeo Sports Center,Mandaue City
ChIJD7j7Z-GYqTMR_jzqmiP1yps,10.3376,123.913,sports_complex,"Amuse Foods, Inc.",Mandaue City
ChIJJbfd4lSYqTMRS3ATC-Ydt6k,10.3643521,123.9280191,park,Angelicum Garden of Angels,Mandaue City
ChIJs0F4UlSYqTMRnEX0ZAGlyOM,10.3401009,123.9224259,sports_complex,Azcor Lighting Systems,Mandaue City
ChIJ--yBR-WYqTMRUikgItWdB_w,10.3414155,123.9192138,sports_complex,BDO ATM - Cebu – A.S. Fortuna,Mandaue City
ChIJCReKflSjqTMRHDE8yUSQhZ4,10.3671665,123.9410403,park,Bamboo Green,Mandaue City
ChIJ0ScxxPqYqTMRq6KD4eqUonI,10.3412435,123.9201486,sports_complex,Business Walls,Mandaue City
ChIJifIgX8SZqTMRx8U5p-mTMz0,10.3350977,123.9442798,park,Butuanon River View Deck,Mandaue City
ChIJCVS5NfqYqTMR0_chCxQncSc,10.340199,123.923538,sports_complex,CSi Studios,Mandaue City
ChIJP-hfAhuZqTMRF-5IGYNEKCg,10.326377,123.916974,park,Cacao Garden,Mandaue City
ChIJ-TmDee-YqTMRU_dG5PPYRC8,10.3433182,123.9159676,sports_complex,Cebu Home and Builders Centre,Mandaue City
ChIJHzm1fOSYqTMRC7axYsoc5cY,10.3389405,123.9165082,park,Cebu Memorial Park,Mandaue City
ChIJX59xSgCZqTMRcUFrJJK0lrk,10.346599,123.9330001,sports_complex,Cebu Sports Hub,Mandaue City
ChIJQ3xGVcWYqTMRQwxN8cHdmzg,10.3375629,123.9163972,sports_complex,Coast Pacific Manufacturing Corporation,Mandaue City
ChIJA4C_PQCZqTMRgbt8LB-gvGA,10.3483217,123.9569917,park,Copenhagen Main Residence,Mandaue City
ChIJ04XTSvqYqTMRm0TOLGqPBXg,10.340032,123.923278,sports_complex,Creative Nations International,Mandaue City
ChIJj2ADh2iZqTMRIN3UqAOimi0,10.3636515,123.9159474,park,Cupta's farm,Mandaue City
ChIJ8z8T0ZWYqTMRE57h00Gphes,10.3585053,123.9107686,park,D' Family Park,Mandaue City
ChIJtdgPzfqYqTMR65xqgYxbwjs,10.3412832,123.9194278,sports_complex,DEWFOAM,Mandaue City
ChIJW-D_Bm2YqTMRs9yw76DXwIQ,10.3566146,123.9504265,park,Dea Woong Garden,Mandaue City
ChIJu4woBgCZqTMRsrgdOK30h0Q,10.3416337,123.9401578,park,Delma aguirre altaya,Mandaue City
ChIJLahHtvqYqTMRAGoKNmzdAH0,10.3417828,123.9196236,sports_complex,Design Center of Cebu,Mandaue City
ChIJvQcXtk-YqTMR8asBtEZGsTQ,10.337832,123.9432364,park,Diamond Plaza,Mandaue City
ChIJq6rqM7iYqTMRigsAs2auM9w,10.3572859,123.8978917,park,Emerald Lake Valley,Mandaue City
ChIJcd9i0fuYqTMRt6ibzaF9Kho,10.3395837,123.9243476,sports_complex,Eurotiles - Cebu Home Depot (Cebu Oversea),Mandaue City
ChIJqwE-jFiYqTMRV_hFPY6hqhs,10.3442446,123.9315108,park,Ev. Park,Mandaue City
ChIJ2du71_uYqTMRGnbyjo92y2o,10.3392676,123.9248658,sports_complex,Eye Level Philippines Mandaue,Mandaue City
ChIJc2YdQwCZqTMRJLlbDC1Zpzg,10.3592925,123.9109889,park,Family Park Swimming Pool Talamban,Mandaue City
ChIJyW0jcSeZqTMR0b9f4EWpuEc,10.3549443,123.9145938,park,Family Park Talamban Entrance,Mandaue City
ChIJHzznEQCZqTMRKsO6HPOU6PM,10.3368874,123.9181376,park,GKC Burial Site,Mandaue City
ChIJnde8POGYqTMR3MPj-qiGUhs,10.3380569,123.9117034,park,GQS Plaza,Mandaue City
ChIJQaxvLHqZqTMRS8RFDqCO1tk,10.3423817,123.9240527,sports_complex,Game Changer sports facility,Mandaue City
ChIJ_xYpHOaYqTMR9vo1K8j4efk,10.3434926,123.9191845,sports_complex,Golden Abc Inc.,Mandaue City
ChIJpXRxd-GZqTMRb6POOZe9tT8,10.3248149,123.9179998,park,Greenland,Mandaue City
ChIJL55wUgCZqTMRL0EQcxbt9YM,10.352733,123.9482655,park,Hermag Dimpas Bakantihan,Mandaue City
ChIJCat-BVaYqTMRt63VSb-eX9Q,10.3421166,123.9175937,park,Human Heart Nature Mandaue Cebu Branch,Mandaue City
ChIJi-eo9U2YqTMRSveWI42N_aM,10.33381,123.9420613,park,Imperial Appliance Plaza Mandaue Branch,Mandaue City
ChIJXbyIaOWYqTMRd4tm72GtajU,10.3395837,123.9243476,sports_complex,Intelaface,Mandaue City
ChIJcd9i0fuYqTMRSEhY7CI26Go,10.3408937,123.9203113,sports_complex,Janther Pools & Spamaster Services,Mandaue City
ChIJOb2SRgCZqTMRSdTeBvjSTxk,10.3244705,123.9185483,park,Kartzone,Mandaue City
ChIJ3VM9EACZqTMRJaexUAJNAMc,10.3289693,123.9247868,park,LAMBO,Mandaue City
ChIJzelc-O-YqTMR32O2eFCvgfw,10.3430668,123.9186842,sports_complex,LH Ventures Group,Mandaue City
ChIJWW5BWgCZqTMRhSJSfZZ31oU,10.332363,123.9420076,sports_complex,MTDY Sports Center,Mandaue City
ChIJk78lbfyYqTMRUnH4AOAkor4,10.3343047,123.9236087,sports_complex,Mandaue Foam - Main Branch,Mandaue City
ChIJcd9i0fuYqTMRpk151HqAkHA,10.3423594,123.9203473,sports_complex,Mandaue PrintShop Corporation,Mandaue City
ChIJZ_1qi7eYqTMRdAJlzBxSLtY,10.3565349,123.8966728,park,Maria Luisa Highlands Clubhouse and Park,Mandaue City
ChIJjQ-kbu-YqTMRAfeP31TqvbM,10.3444658,123.9154018,sports_complex,Midori Residences,Mandaue City
ChIJF3ahp--YqTMR77JAxZWeNNM,10.3449242,123.916587,sports_complex,Missionaries of Africa Seminary,Mandaue City
ChIJBeMWxG6hqTMRqrRmWNRSU8A,10.3995411,123.8715738,park,"Mt. Kang-Irag Campsite, Sirao",Mandaue City
ChIJl8-juyBOG2ER7tNJZ5KDju0,10.3382537,123.9267393,park,NOW Realty & Brokerage,Mandaue City
ChIJJewzlJOYqTMRTkjs5qWalnQ,10.3564522,123.91487,park,Nasipit Commercial Plaza,Mandaue City
ChIJQ3xGVcWYqTMRkm1mgxiuY54,10.3367567,123.9238918,sports_complex,Ng Khai Development Corporation,Mandaue City
ChIJ0eGyv0GYqTMRJ0oDjCMV3lc,10.3477112,123.94861,park,North Road Plaza,Mandaue City
ChIJKdJAUeWYqTMRTrkGxVnITD8,10.3428639,123.9190946,park,Oakridge Business Park,Mandaue City
ChIJDQdizvqYqTMRJbQY_4T0PAI,10.3410945,123.9196372,sports_complex,Oftana Suites,Mandaue City
ChIJEXOMQ6SZqTMRrrkw78EzOh8,10.3477018,123.9274203,park,PROXSTONE VERTICAL VENTURES AND ENTERPRISES SOLUTION INC.,Mandaue City
ChIJn03DSACZqTMR9xFJKjvJeGs,10.344684,123.945003,sports_complex,Pickaball Sports Center,Mandaue City
ChIJ6RkQZQCjqTMRdJy9JAd2Ec8,10.3745627,123.9302596,park,Plaza Residence,Mandaue City
ChIJf7cfvlmZqTMRJPz7uqlCors,10.340685,123.9661117,park,Purok Center,Mandaue City
ChIJl-Hh2ZOZqTMRG2hT0QDNshk,10.3450183,123.9246598,park,Purok Marites,Mandaue City
ChIJAymvBFOZqTMRBh1-jHeNdMk,10.3622552,123.9247479,park,SOYO Adventure Camp,Mandaue City
ChIJpe6FLgCZqTMRnmxO1R36nhA,10.3287303,123.9221555,park,SVV Plaza,Mandaue City
ChIJbxN1z4yYqTMRnWMyIoLgn-4,10.3488963,123.926175,sports_complex,Sabina Suites,Mandaue City
ChIJnTAxQgCZqTMRGidr1o7eRp8,10.3258321,123.9248039,park,San Roque Park,Mandaue City
ChIJjbpQffmYqTMRSSVmpRVbtUI,10.339267,123.924847,sports_complex,"Scan Asia Overseas, Inc.",Mandaue City
ChIJC2FFd_mYqTMRDSq9Qa57GkA,10.3393624,123.9255771,sports_complex,Shell,Mandaue City
ChIJH7-Frg-hqTMRcR-eubefklo,10.4061578,123.8658416,park,Sirao Garden,Mandaue City
ChIJ37fjkGSZqTMR9vLprx5Ewqc,10.3381118,123.9487281,sports_complex,SmashYard Sports Center,Mandaue City
ChIJYw5KPACZqTMRZkzfcOrcA4E,10.3347875,123.9457031,park,Tapokanan sa Ibabao,Mandaue City
ChIJP7d2mPiYqTMRzK7LiwpmltE,10.3370751,123.9313767,sports_complex,The Orchard Cebu,Mandaue City
ChIJB6rXJwCZqTMRIt7i7l31678,10.3386309,123.9164042,park,Tupas,Mandaue City
ChIJKdJAUeWYqTMRId-smjZmYYQ,10.3408506,123.9212631,sports_complex,TyFarma Audit Tax Consultancy,Mandaue City
ChIJC2YIdACjqTMRXVnv1fLVitU,10.3705783,123.9401578,park,Upg's,Mandaue City
ChIJhafnNPqYqTMRfYSkazjaMYw,10.3399183,123.9238972,sports_complex,Virtual Staff Finder,Mandaue City
ChIJAQDAZT6ZqTMREIR_Ag0nyac,10.3437264,123.9185753,sports_complex,Vivant Corporation,Mandaue City
ChIJzfsMUgCZqTMRnimBW4N6euE,10.3215523,123.91815,park,WWE 999,Mandaue City
ChIJi5nrYe-YqTMRQ1L4M3cN920,10.34344,123.915341,sports_complex,"Webfocus Solutions, Incorporated",Mandaue City
ChIJ81Ri45SjqTMRgUtRYZykdkk,10.3731727,123.9218169,park,YLAYA SLAUGHTER HOUSE RIDERS,Mandaue City
ChIJHRt_NfqYqTMRQVkH0KH3DWw,10.340145,123.923442,sports_complex,ZigZagWebs,Mandaue City
ChIJJf6wBJWZqTMRCbon8-MlMYE,10.3247336,123.9198793,park,panagdai,Mandaue City
ChIJRZi9JQCZqTMRJ7sUAe6Xfd4,10.3677899,123.9331874,park,piryahan,Mandaue City
ChIJpWLnXQB3qTMRjvDKAu7HecM,10.2444207,123.7866681,park,Rosewood Park,Minglanilla
ChIJQ1f6aRCcqTMRajj2VFuPUsU,10.2783505,123.8625113,sports_complex,ABCED System Corporation,Talisay City
ChIJnSULjkScqTMR-eIxGd-vY64,10.2816173,123.8579089,sports_complex,Angelrel Manpower Services,Talisay City
ChIJ_y9nBv6dqTMRNSihzGB6L8k,10.2490092,123.7998492,park,Anjo World Theme Park,Talisay City
ChIJS57_3JSdqTMRHAghPlfU0-E,10.2549348,123.8101643,park,BYD Cebu Plaza Margarita,Talisay City
ChIJB8I5cUacqTMRFxiLKavwqgs,10.2784798,123.8541346,sports_complex,Balamban Liempo Cebu,Talisay City
ChIJszViwV-cqTMRUJWUgsyPuz0,10.2642211,123.8624095,sports_complex,Bethlehem Day Care Center Foundation Inc.,Talisay City
ChIJU6WNSlqcqTMRaFUZzdvwXSQ,10.2697423,123.8563347,sports_complex,Blue Diamond Travel and Tours,Talisay City
ChIJ9yvUCkOcqTMReIGV_RVkVlQ,10.2751341,123.8593167,sports_complex,Blue Orange Technology,Talisay City
ChIJ5-FukkOcqTMR9gcCJbTiKiQ,10.276326,123.85863,sports_complex,Blueorange Gamefarm,Talisay City
ChIJK_IOBkOcqTMRaPwo6-eWFBA,10.274879,123.860025,sports_complex,Botika Ni Mama,Talisay City
ChIJfeELq5udqTMR8DCPmXPaxEE,10.2975859,123.8277561,park,Bu-ad Bike Park,Talisay City
ChIJDTso6V-dqTMR21533NFoWKk,10.2503878,123.7975448,park,Buen Camino Memorial Garden,Talisay City
ChIJAQCwAlOcqTMRDieWOLEIFwA,10.2722465,123.8432213,stadium,Bulacao Sports and Activity Center,Talisay City
ChIJaVcjnEOcqTMRYa5zndKHE2A,10.275497,123.8588789,sports_complex,Bulls Eye Sports Tailoring,Talisay City
ChIJaYyZLACdqTMRN--7Mgg_eqQ,10.2686316,123.874082,stadium,CDM Events Ground,Talisay City
ChIJdx5BrPudqTMRVvfeXqFSe4c,10.2740873,123.8569072,park,CEBU EVERGREEN MEMORIAL PARK,Talisay City
ChIJM2iPJWGcqTMRlpuFqcP_FbU,10.2661007,123.8665367,sports_complex,Cebu Common Treatment Facility Incorporated,Talisay City
ChIJt5hlU4qcqTMRazasHvVVf-U,10.2600597,123.8665977,park,Cebu Evergreen Memorial Park,Talisay City
ChIJQ3xGVcWYqTMRwGGn5cmuIP8,10.2727937,123.8583295,sports_complex,"Cebu Natura Crafts Philippines, Inc.",Talisay City
ChIJj2yQilCcqTMRDVIWuSrKfNQ,10.2702903,123.8499643,sports_complex,"Cebu RTK Marketing, Inc.",Talisay City
ChIJ6_ixv6eeqTMRDu4O1WT9m8I,10.2774357,123.8539274,sports_complex,Cebu Wedding Photographer - Happy Face Photography,Talisay City
ChIJ30Kn_EacqTMRGtqHvsOV7Dg,10.2771758,123.8531514,sports_complex,Cebuana Lhuillier Pawnshop - N. Bacalso 2,Talisay City
ChIJq6qqK-B3qTMRqDzkvLOwJGM,10.2490307,123.7962867,park,Celestial Meadows Memorial Garden,Talisay City
ChIJvQSyjnycqTMRlFh2HvmPekc,10.2650539,123.8770363,park,Central Piazza,Talisay City
ChIJxRwGtkidqTMRh7bTY0YS_EU,10.2672358,123.8772075,park,City di Mare Open Park,Talisay City
ChIJ5aSYsN2cqTMR1eSvQSczRZk,10.2432883,123.8484894,sports_complex,City of Talisay Sports Complex,Talisay City
ChIJUTS5fQCdqTMRbKszQRag4Dw,10.2703065,123.86096,park,Cogon Pardo park,Talisay City
ChIJb0RwcgCdqTMR-3ptbBySkjI,10.274617,123.8599092,park,Cogon main street,Talisay City
ChIJ6-ABk0acqTMRlGqNkuuhtxA,10.279114,123.855956,sports_complex,Copytech Services,Talisay City
ChIJ2fq8nRidqTMRt671KgbUT8A,10.2464979,123.833955,park,Crocolandia,Talisay City
ChIJFSZ5AhecqTMRmbhbXOkUtHc,10.2799029,123.8556626,sports_complex,DV Motors,Talisay City
ChIJgxJ2DF-dqTMRCsByw5_JtYQ,10.2608879,123.8144162,park,Daruhan sa Upper Linao,Talisay City
ChIJdz-nBqmdqTMR1rX_ZQcO84E,10.2415428,123.8394961,park,Dumlog Food Park,Talisay City
ChIJYc7TFR6dqTMR8ULRA8jPByg,10.2598076,123.8615769,stadium,Dynamic Herb-Borromeo Sports Complex,Talisay City
ChIJgTVe3l6cqTMRdg9-W1T35PQ,10.2658333,123.8591129,sports_complex,Enfant Du Mekong,Talisay City
ChIJHSGr5kacqTMRRDj8635FoQY,10.2802294,123.8561741,sports_complex,Escalante Rewinding Services,Talisay City
ChIJbxdnL1mcqTMRZLG7JcmmEDU,10.2662561,123.8571254,sports_complex,Farmacia ni Mama,Talisay City
ChIJO3sSajWdqTMRLypK3TiHCII,10.2480772,123.7974774,park,Finisterre Gardenz,Talisay City
ChIJO7NlcUScqTMRGXVrl0jNpuU,10.2763582,123.8574049,sports_complex,Gaisano Saversmart Inayawan,Talisay City
ChIJlexyKwCdqTMRY7_g2cdgsJI,10.2724483,123.8458293,park,Gazebo area,Talisay City
ChIJO9FB-0acqTMR22mkFlgncCo,10.280121,123.855695,sports_complex,Generika Drugstore,Talisay City
ChIJM8fsfA2dqTMRnlcZZnw13cY,10.2789654,123.8547751,sports_complex,"Globe Gcash - Prime Asia Pawn and Jewelry Shop, Cebu South Road",Talisay City
ChIJ14v-0VGcqTMR3cn6-lq2_xc,10.2732642,123.8489124,sports_complex,Globelines (Pardo),Talisay City
ChIJj1-cjUacqTMRwGCDyY2ELFY,10.2791129,123.855726,sports_complex,H Lhuillier,Talisay City
ChIJ_Rhs2A2dqTMRsfyh72__nMY,10.2570453,123.8397332,park,Hanalu lee,Talisay City
ChIJ0wsnTOedqTMROG2j6JMg47s,10.2457021,123.8451191,park,Hey Neybor Food Park,Talisay City
ChIJmeOnA_WdqTMRekPhFn2qKd8,10.242854,123.79939,park,Humayan Food Park,Talisay City
ChIJfZxyXACdqTMRuhC2VHX_cBw,10.2689073,123.8808874,park,IL Corso coastal area,Talisay City
ChIJ-4Tp0VucqTMRF59rY6BEuus,10.2691659,123.8556714,sports_complex,Inayawan Sports Complex,Talisay City
ChIJ27GlKQCdqTMRZRnn4urJrUw,10.263747,123.8538628,park,KILID BANSUHAN,Talisay City
ChIJh1j5fEScqTMRrg67gCb1qDo,10.2756441,123.857327,sports_complex,Kingdom Hall of Jehovah’s Witnesses,Talisay City
ChIJ3VZpB0WcqTMRegIK08vgZVo,10.275734,123.854627,sports_complex,Lets GO Pinoy,Talisay City
ChIJuWwOXQCdqTMR4jWAFnWT5Kw,10.2419823,123.8483757,park,Liberation Park Market,Talisay City
ChIJRxXJkkacqTMRrCEd6hdcmlM,10.2790703,123.8557981,sports_complex,Living Word Christian Fellowship Pardo Outreach- Ganzon Building,Talisay City
ChIJmwRr5UacqTMRXpUSubK6lz8,10.2799357,123.8558805,sports_complex,M Lhuillier - Pardo,Talisay City
ChIJDYW9seN3qTMReVuPdSBYFwI,10.2451189,123.7932303,park,MGD Gamefarm,Talisay City
ChIJgdHK9fedqTMRjVz01w_oFj0,10.2381755,123.8192369,park,Maharlika Seaside Park,Talisay City
ChIJE50DIgCdqTMRPFjsLVYx0KI,10.2405887,123.830312,park,Malibu Residences Clubhouse & Pool,Talisay City
ChIJU2TrYgCdqTMRR0IlhWMY9dg,10.2401812,123.829212,park,Malibu Residences Rotonda,Talisay City
ChIJwXqNygKdqTMRcMzrm_kiQPA,10.2559642,123.8396545,park,Manubags Garden,Talisay City
ChIJFc6gdkacqTMR0gR4m4FvOQE,10.2785686,123.8541782,sports_complex,Mercury Drug,Talisay City
ChIJT2mh0VucqTMRbgTxWAddc1M,10.2689166,123.8555341,sports_complex,MoneyGram,Talisay City
ChIJx0w1olucqTMRtx_0bEm59sA,10.2710399,123.8565159,sports_complex,MoneyGram,Talisay City
ChIJ6ytQrFycqTMRn4Eo-Xourd4,10.272673,123.8583337,park,Naturefresh Purified Drinking Water,Talisay City
ChIJ-bJ1vUicqTMR-TlWuAmOZQo,10.2806393,123.8491764,sports_complex,Newtown Estates Cebu,Talisay City
ChIJ4fwC7T2ZqTMRUgJMkVxukpY,10.281936,123.8581565,sports_complex,Nickelstick Eskrima,Talisay City
ChIJGwXMdFucqTMRoc-pkYDANls,10.270858,123.8565,sports_complex,Palawan Pawnshop,Talisay City
ChIJ-c4wGFmcqTMRyFf2Z4iaJoI,10.2664841,123.8563387,sports_complex,Pan De Sugbo,Talisay City
ChIJZ518mUacqTMRvXfvvDQGwz4,10.278492,123.856105,sports_complex,Pardo Civic Center Multi-Purpose Gym,Talisay City
ChIJw6m0gxCdqTMR8sypbNaV4sU,10.254159,123.829803,park,Park,Talisay City
ChIJh-t920WcqTMR1eMh7-tgbwg,10.2777952,123.8540406,park,Platinum Plaza,Talisay City
ChIJoWUpBrmdqTMRxufDNh-QUf4,10.2427499,123.8475633,park,Plaza ne George,Talisay City
ChIJoVD3SCidqTMR5mujj0hrWA0,10.2628117,123.8489846,park,Purok Matinabangon Center,Talisay City
ChIJt_i3e0acqTMRp4yY8DOtMsw,10.278582,123.854603,sports_complex,RBCS,Talisay City
ChIJY-gNzOB3qTMRvfgBcI5Q7Go,10.250352,123.791157,park,San Josemaria Village,Talisay City
ChIJgfhJmcedqTMRiPlS4SHfbTs,10.2513239,123.7976724,park,Sanctuary Memorial Park,Talisay City
ChIJ5TyqXUacqTMRVXr50qCNsC4,10.2795084,123.8546017,sports_complex,Santo Tomas de Villanueva Parish,Talisay City
ChIJS3fIlI6dqTMRZoXMSCVNRyU,10.2627669,123.8228084,park,Seaview Heights Off-Road Bicycle Trails,Talisay City
ChIJfaOqIwSdqTMRhIWBiUrp1nE,10.2608889,123.8339723,park,Senior Citizens Park,Talisay City
ChIJVcpbjgidqTMRHI-48VL-9tM,10.2498139,123.8000125,park,Snow World Cebu,Talisay City
ChIJt7BeinycqTMRv5AJOJIlhNs,10.264848,123.8772987,park,Stellar The Musical Dancing Fountain,Talisay City
ChIJ7TrL8K2dqTMRAGpBmHrrZIQ,10.2585936,123.8241275,sports_complex,Talisay,Talisay City
ChIJG2H7AQCdqTMR7h9zw3UitTE,10.242142,123.8486423,park,Talisay City Liberation Park,Talisay City
ChIJDbm1hhCdqTMRwh7r9kt9UEw,10.2543863,123.8295996,park,Talisay City Walking Park & Garden,Talisay City
ChIJc-YqtXqdqTMR49NDcXQiq4Q,10.241896,123.8488538,park,Talisay Litson Food Park,Talisay City
ChIJLzAmDPGdqTMRN8TcyJ2LUeY,10.2539133,123.830665,park,Talisay Skate Park,Talisay City
ChIJiUVeZgCdqTMRcZPYYaVn4sA,10.2700647,123.8742644,park,Tent City,Talisay City
ChIJEwu-qUOcqTMRgkSWsTFyctc,10.2751389,123.8602738,sports_complex,Tessie Housing Materials,Talisay City
ChIJb-lqaVCcqTMRZ8UranNAUEA,10.2724587,123.8511963,sports_complex,Teves Compound,Talisay City
ChIJJ-5QMkecqTMRqtQYbiu0JDo,10.2743764,123.8569352,sports_complex,The Church of Jesus Christ of Latter-day Saints,Talisay City
ChIJf_97SBudqTMRlfvg19-H3wA,10.2600701,123.8623772,park,The Flying Pig Park,Talisay City
ChIJfezbDQCdqTMROtSOHZwXQ_s,10.2613914,123.805633,park,The Three People Memorial Place,Talisay City
ChIJmXOMVaedqTMRcMLm4pQ_Xx8,10.2645497,123.8271725,park,Tierra Grande View Deck,Talisay City
ChIJKZcwJQCdqTMRBtFkXguKxF0,10.2606126,123.860664,park,Wendel quimno,Talisay City
ChIJBbGPeEacqTMRYtwaSEJqmOY,10.2782502,123.8545959,sports_complex,Xpress Money,Talisay City
ChIJMVG-o1ucqTMRi0CnpPlCEDQ,10.2708652,123.8564847,sports_complex,Xpress Money,Talisay City
ChIJGwXYitGdqTMRXX2oQC8f2fE,10.2658843,123.8782874,park,iCanali,Talisay City
ChIJEy_QOACdqTMRzNaFXvPm23c,10.272632,123.853926,park,junmar besario,Talisay City
